SEVERITYCODE,X,Y,OBJECTID,INCKEY,COLDETKEY,REPORTNO,STATUS,ADDRTYPE,INTKEY,LOCATION,EXCEPTRSNCODE,EXCEPTRSNDESC,SEVERITYCODE,SEVERITYDESC,COLLISIONTYPE,PERSONCOUNT,PEDCOUNT,PEDCYLCOUNT,VEHCOUNT,INCDATE,INCDTTM,JUNCTIONTYPE,SDOT_COLCODE,SDOT_COLDESC,INATTENTIONIND,UNDERINFL,WEATHER,ROADCOND,LIGHTCOND,PEDROWNOTGRNT,SDOTCOLNUM,SPEEDING,ST_COLCODE,ST_COLDESC,SEGLANEKEY,CROSSWALKKEY,HITPARKEDCAR
1,-122.3339235,47.60467778,140,29700,29700,1482326,Matched,Block,,MARION ST BETWEEN 2ND AVE AND 3RD AVE,,,1,Property Damage Only Collision,Rear Ended,2,0,0,2,2004/03/05 00:00:00+00,03-05-2004,Mid-Block (not related to intersection),14,"MOTOR VEHICLE STRUCK MOTOR VEHICLE, REAR END",,0,Raining,Wet,Daylight,,4065042,Y,14,From same direction - both going straight - one stopped - rear-end,0,0,N
2,-122.3221868,47.61873337,141,1135,1135,3605976,Matched,Intersection,29069,HARVARD AVE AND E DENNY WAY, ,,2,Injury Collision,Angles,2,0,0,2,2013/03/29 00:00:00+00,3/29/2013 4:34:00 PM,At Intersection (intersection related),14,"MOTOR VEHICLE STRUCK MOTOR VEHICLE, REAR END",,Y,Clear,Dry,Daylight,,,Y,10,Entering at angle,0,0,N
2,-122.3764225,47.54559465,142,16800,16800,3465384,Matched,Block,,35TH AVE SW BETWEEN SW GRAHAM ST AND SW MORGAN ST, ,,2,Injury Collision,Rear Ended,4,0,0,3,2013/04/11 00:00:00+00,04-11-2013 13:39,Mid-Block (not related to intersection),14,"MOTOR VEHICLE STRUCK MOTOR VEHICLE, REAR END",,N,Raining,Wet,Daylight,,,,13,From same direction - both going straight - both moving - rear-end,0,0,N
1,-122.3629314,47.55635573,143,320936,322436,3744396,Matched,Block,,DELRIDGE WAY SW BETWEEN SW HUDSON ST AND PUGET BLVD SW, ,,1,Property Damage Only Collision,Rear Ended,3,0,0,2,2019/07/08 00:00:00+00,07-08-2019 07:50,Mid-Block (not related to intersection),14,"MOTOR VEHICLE STRUCK MOTOR VEHICLE, REAR END",,N,Raining,Wet,Daylight,,,,14,From same direction - both going straight - one stopped - rear-end,0,0,N
1,-122.2893233,47.5528452,144,112800,112800,3374190,Matched,Block,,35TH AVE S BETWEEN DEAD END 5 AND S LUCILE ST,,,1,Property Damage Only Collision,Parked Car,2,0,0,2,2010/12/18 00:00:00+00,12/18/2010 11:00:00 AM,,0,NOT ENOUGH INFORMATION / NOT APPLICABLE,,N,Clear,Dry,Daylight,,10352012,,32,One parked--one moving,0,0,N
1,-122.3629537,47.55448438,145,330936,332436,3856436,Unmatched,Block,,DELRIDGE WAY SW BETWEEN PUGET BLVD SW AND SW BRANDON ST, ,,1,Property Damage Only Collision,,4,0,0,0,2020/04/23 00:00:00+00,4/23/2020,Mid-Block (not related to intersection),14,"MOTOR VEHICLE STRUCK MOTOR VEHICLE, REAR END",,,,,,,,, ,,0,0,N
1,-122.354917,47.73413023,146,62100,62100,2248880,Matched,Block,,N 145TH ST BETWEEN GREENWOOD AVE N AND PHINNEY AVE N,,,1,Property Damage Only Collision,Left Turn,3,0,0,2,2006/09/12 00:00:00+00,09-12-2006 18:08,Mid-Block (but intersection related),16,"MOTOR VEHICLE STRUCK MOTOR VEHICLE, LEFT SIDE SIDESWIPE",,0,Clear,Dry,Daylight,,6255050,,15,From same direction - one left turn - one straight,0,0,N
1,-122.292342,47.73102707,147,1098,1098,3501983,Matched,Block,,LAKE CITY WAY NE BETWEEN NE 140TH ST AND NE 143RD ST, ,,1,Property Damage Only Collision,Left Turn,3,0,0,2,2013/03/28 00:00:00+00,3/28/2013 4:20:00 PM,Mid-Block (not related to intersection),11,"MOTOR VEHICLE STRUCK MOTOR VEHICLE, FRONT END AT ANGLE",,N,Clear,Dry,Daylight,,,,28,From opposite direction - one left turn - one straight,0,0,N
2,-122.3274805,47.5426302,148,82300,82300,2894257,Matched,Block,,EAST MARGINAL WAY S BETWEEN S RIVER ST AND S BRIGHTON ST,,,2,Injury Collision,Cycles,2,0,1,1,2008/08/05 00:00:00+00,08-05-2008,Mid-Block (but intersection related),21,"MOTOR VEHICLE STRUCK PEDALCYCLIST, REAR END",,0,Clear,Dry,Daylight,,8218038,,45,Vehicle - Pedalcyclist,20579,0,N
1,-122.2948982,47.52713797,149,330974,332474,3857193,Unmatched,Block,,AIRPORT WAY S BETWEEN MILITARY RD S AND CITY LIMITS N, ,,1,Property Damage Only Collision,,2,0,0,0,2020/04/27 00:00:00+00,4/27/2020,Mid-Block (not related to intersection),11,"MOTOR VEHICLE STRUCK MOTOR VEHICLE, FRONT END AT ANGLE",,,,,,,,, ,,0,0,N
2,-122.378418,47.69060413,150,40500,40500,1792256,Matched,Block,,NW 85TH ST BETWEEN 16TH AVE NW AND 17TH AVE NW,,,2,Injury Collision,Pedestrian,2,1,0,1,2005/01/25 00:00:00+00,1/25/2005 5:35:00 PM,Mid-Block (not related to intersection),24,MOTOR VEHCILE STRUCK PEDESTRIAN,,0,Clear,Dry,Dark - Street Lights On,,5025009,,0,Vehicle going straight hits pedestrian,0,0,N
1,-122.3173637,47.66971449,151,28000,28000,1220276,Matched,Block,,ROOSEVELT WAY NE BETWEEN NE 56TH ST AND NE 57TH ST,,,1,Property Damage Only Collision,Left Turn,4,0,0,2,2004/08/22 00:00:00+00,8/22/2004 11:10:00 AM,Mid-Block (but intersection related),16,"MOTOR VEHICLE STRUCK MOTOR VEHICLE, LEFT SIDE SIDESWIPE",,0,Raining,Wet,Daylight,,4235029,,15,From same direction - one left turn - one straight,0,0,N
1,-122.3102153,47.60433315,152,1374,1374,3199549,Matched,Intersection,30206,17TH AVE AND E ALDER ST, ,,1,Property Damage Only Collision,Angles,2,0,0,2,2013/04/03 00:00:00+00,04-03-2013 19:12,At Intersection (intersection related),11,"MOTOR VEHICLE STRUCK MOTOR VEHICLE, FRONT END AT ANGLE",,N,Clear,Dry,Dusk,,,,10,Entering at angle,0,0,N
1,-122.3136213,47.62367812,153,97500,97500,3334395,Matched,Block,,MALDEN AVE E BETWEEN E REPUBLICAN ST AND E MERCER ST,,,1,Property Damage Only Collision,Parked Car,2,0,0,2,2009/09/11 00:00:00+00,09-11-2009 03:00,Mid-Block (not related to intersection),14,"MOTOR VEHICLE STRUCK MOTOR VEHICLE, REAR END",,0,Unknown,Unknown,Unknown,,9254043,,32,One parked--one moving,0,0,N
1,-122.331306,47.54488142,154,21300,21300,1789050,Matched,Intersection,34222,EAST MARGINAL WAY S AND S MICHIGAN ST,,,1,Property Damage Only Collision,Angles,2,0,0,2,2004/09/29 00:00:00+00,9/29/2004 9:11:00 AM,At Intersection (intersection related),11,"MOTOR VEHICLE STRUCK MOTOR VEHICLE, FRONT END AT ANGLE",,0,Clear,Dry,Daylight,,4273016,,10,Entering at angle,0,0,N
1,-122.31884,47.68228173,155,320906,322406,E924585,Matched,Block,,LAKE CITY WY ON RP BETWEEN NE 75TH ST ON RP AND SR522, ,,1,Property Damage Only Collision,Sideswipe,6,0,0,2,2019/05/16 00:00:00+00,5/16/2019 5:42:00 PM,Mid-Block (not related to intersection),14,"MOTOR VEHICLE STRUCK MOTOR VEHICLE, REAR END",,N,Clear,Dry,Daylight,,,Y,12,From same direction - both going straight - one stopped - sideswipe,0,0,N
2,-122.3457772,47.61763118,156,330915,332415,3838088,Unmatched,Block,,5TH AVE BETWEEN WALL ST AND VINE ST, ,,2,Injury Collision,,1,0,0,0,2020/03/29 00:00:00+00,3/29/2020,Mid-Block (not related to intersection),24,MOTOR VEHCILE STRUCK PEDESTRIAN,,,,,,,,, ,,0,0,N
1,-122.3120518,47.65903992,157,44900,44900,2058976,Matched,Block,,15TH AVE NE BETWEEN NE 42ND ST AND NE 43RD ST,,,1,Property Damage Only Collision,Sideswipe,4,0,0,2,2005/10/21 00:00:00+00,10/21/2005 12:45:00 PM,Mid-Block (but intersection related),16,"MOTOR VEHICLE STRUCK MOTOR VEHICLE, LEFT SIDE SIDESWIPE",,0,Clear,Dry,Daylight,,5294033,Y,11,From same direction - both going straight - both moving - sideswipe,0,0,N
1,-122.312299,47.55343793,159,22200,22200,1792991,Matched,Intersection,33361,16TH AVE S AND S LUCILE ST,,,1,Property Damage Only Collision,Angles,6,0,0,2,2004/09/14 00:00:00+00,9/14/2004 3:30:00 PM,At Intersection (intersection related),11,"MOTOR VEHICLE STRUCK MOTOR VEHICLE, FRONT END AT ANGLE",,0,Raining,Wet,Daylight,,4258042,,10,Entering at angle,0,0,N
1,-122.3510829,47.61607772,160,59900,59900,2071658,Matched,Block,,1ST AVE BETWEEN CEDAR ST AND CLAY ST,,,1,Property Damage Only Collision,Parked Car,2,0,0,2,2006/01/26 00:00:00+00,1/26/2006 8:49:00 AM,Mid-Block (not related to intersection),16,"MOTOR VEHICLE STRUCK MOTOR VEHICLE, LEFT SIDE SIDESWIPE",,0,Unknown,Unknown,Daylight,,6026006,,32,One parked--one moving,0,0,N
1,-122.3794265,47.67599307,161,330964,332464,EA30713,Matched,Block,,NW 65TH ST BETWEEN 17TH AVE NW AND 18TH AVE NW, ,,1,Property Damage Only Collision,Parked Car,2,0,0,2,2020/04/25 00:00:00+00,4/25/2020 11:00:00 PM,Mid-Block (not related to intersection),11,"MOTOR VEHICLE STRUCK MOTOR VEHICLE, FRONT END AT ANGLE",,N,Overcast,Wet,Dark - Street Lights On,,,,32,One parked--one moving,0,0,N
2,-122.3462964,47.62090273,162,49300,49300,2072241,Matched,Intersection,28927,TAYLOR AVE N AND THOMAS ST,,,2,Injury Collision,Angles,4,0,0,2,2006/06/03 00:00:00+00,06-03-2006,At Intersection (intersection related),11,"MOTOR VEHICLE STRUCK MOTOR VEHICLE, FRONT END AT ANGLE",,0,Clear,Dry,Daylight,,6154013,,10,Entering at angle,0,0,N
2,-122.2938086,47.73376392,165,320877,322377,E938162,Matched,Intersection,35988,32ND AVE NE AND NE 145TH ST, ,,2,Injury Collision,Rear Ended,2,0,0,2,2019/07/09 00:00:00+00,07-09-2019 07:26,At Intersection (intersection related),14,"MOTOR VEHICLE STRUCK MOTOR VEHICLE, REAR END",Y,N,Clear,Dry,Daylight,,,,14,From same direction - both going straight - one stopped - rear-end,0,0,N
1,-122.3423537,47.62446537,166,1214,1214,3549515,Matched,Intersection,28767,DEXTER AVE N AND MERCER ST, ,,1,Property Damage Only Collision,Rear Ended,2,0,0,2,2013/03/31 00:00:00+00,3/31/2013 11:56:00 AM,At Intersection (intersection related),14,"MOTOR VEHICLE STRUCK MOTOR VEHICLE, REAR END",Y,N,Clear,Dry,Daylight,,,,14,From same direction - both going straight - one stopped - rear-end,0,0,N
1,-122.2962536,47.59863202,167,330838,332338,EA29930,Unmatched,Block,,28TH AVE S BETWEEN S JACKSON ST AND S KING ST, ,,1,Property Damage Only Collision,,2,0,0,0,2020/04/20 00:00:00+00,4/20/2020,Mid-Block (not related to intersection),14,"MOTOR VEHICLE STRUCK MOTOR VEHICLE, REAR END",,,,,,,,, ,,0,0,Y
1,-122.3055468,47.66567944,168,44100,44100,2058954,Matched,Block,,21ST AVE NE BETWEEN NE 50TH ST AND NE 52ND ST,,,1,Property Damage Only Collision,Parked Car,2,0,0,2,2005/10/19 00:00:00+00,10/19/2005 11:50:00 AM,Driveway Junction,13,"MOTOR VEHICLE STRUCK MOTOR VEHICLE, LEFT SIDE AT ANGLE",,0,Overcast,Unknown,Unknown,,5292004,,32,One parked--one moving,0,0,N
2,-122.2916865,47.62652805,169,28900,28900,1798856,Matched,Block,,E MADISON ST BETWEEN LAKE WASHINGTON BLVD E AND 32ND AVE E,,,2,Injury Collision,Cycles,2,0,1,1,2004/10/12 00:00:00+00,10-12-2004 17:30,Driveway Junction,23,"MOTOR VEHICLE STRUCK PEDALCYCLIST, LEFT SIDE SIDESWIPE",,0,Clear,Dry,Daylight,Y,4286031,,45,Vehicle - Pedalcyclist,0,0,N
1,-122.385454,47.56377895,172,1279,1279,3380688,Matched,Block,,42ND AVE SW BETWEEN SW GENESEE ST AND SW OREGON ST, ,,1,Property Damage Only Collision,Parked Car,3,0,0,2,2013/03/27 00:00:00+00,3/27/2013 2:35:00 PM,Mid-Block (not related to intersection),11,"MOTOR VEHICLE STRUCK MOTOR VEHICLE, FRONT END AT ANGLE",Y,N,Overcast,Wet,Daylight,,,,32,One parked--one moving,0,0,N
1,-122.3234835,47.73405298,173,320856,322356,E919812,Matched,Intersection,35853,5TH AVE NE AND NE 145TH ST, ,,1,Property Damage Only Collision,Angles,2,0,0,2,2019/05/12 00:00:00+00,05-12-2019 12:06,At Intersection (intersection related),11,"MOTOR VEHICLE STRUCK MOTOR VEHICLE, FRONT END AT ANGLE",Y,N,Overcast,Dry,Daylight,,,,10,Entering at angle,0,0,N
1,-122.2952331,47.71927875,174,330813,332313,EA29619,Matched,Intersection,36601,LAKE CITY WAY NE AND NE 125TH ST, ,,1,Property Damage Only Collision,Rear Ended,2,0,0,2,2020/04/15 00:00:00+00,4/15/2020 1:33:00 PM,At Intersection (intersection related),14,"MOTOR VEHICLE STRUCK MOTOR VEHICLE, REAR END",,N,Clear,Unknown,Unknown,,,,14,From same direction - both going straight - one stopped - rear-end,0,0,N
2,-122.3192088,47.70856922,175,65900,65900,2881033,Matched,Block,,NE NORTHGATE WAY BETWEEN 8TH AVE NE AND ROOSEVELT WAY NE, ,,2,Injury Collision,Sideswipe,4,0,0,2,2007/12/12 00:00:00+00,12-12-2007 16:00,Mid-Block (not related to intersection),16,"MOTOR VEHICLE STRUCK MOTOR VEHICLE, LEFT SIDE SIDESWIPE",,0,Clear,Dry,Daylight,,7346026,,11,From same direction - both going straight - both moving - sideswipe,0,0,N
1,-122.3391006,47.57527209,176,1322,1322,3502604,Matched,Block,,ALASKAN WY VI NB BETWEEN ALASKAN WY VI NB ON RP AND S LANDER ST, ,,1,Property Damage Only Collision,Sideswipe,2,0,0,2,2013/03/28 00:00:00+00,3/28/2013 7:28:00 AM,Mid-Block (not related to intersection),11,"MOTOR VEHICLE STRUCK MOTOR VEHICLE, FRONT END AT ANGLE",Y,N,Overcast,Wet,Daylight,,,,11,From same direction - both going straight - both moving - sideswipe,0,0,N
1,-122.3658942,47.52102178,177,210000,210220,3731527,Matched,Intersection,34875,26TH AVE SW AND SW BARTON ST, ,,1,Property Damage Only Collision,Left Turn,4,0,0,2,2015/12/24 00:00:00+00,12/24/2015 7:52:00 PM,At Intersection (intersection related),11,"MOTOR VEHICLE STRUCK MOTOR VEHICLE, FRONT END AT ANGLE",,N,Raining,Wet,Dark - Street Lights On,,,,28,From opposite direction - one left turn - one straight,0,0,N
1,-122.3486396,47.65034031,178,51800,51800,2611231,Matched,Block,,N 35TH ST BETWEEN FREMONT AVE N AND TROLL AVE N,,,1,Property Damage Only Collision,Parked Car,2,0,0,2,2006/07/28 00:00:00+00,7/28/2006 7:30:00 PM,Mid-Block (not related to intersection),14,"MOTOR VEHICLE STRUCK MOTOR VEHICLE, REAR END",Y,0,Clear,Dry,Daylight,,6209010,,32,One parked--one moving,0,0,N
1,-122.386479,47.58299527,179,27700,27700,1798169,Matched,Intersection,31049,CALIFORNIA AVE SW AND SW COLLEGE ST,,,1,Property Damage Only Collision,Angles,3,0,0,2,2004/08/02 00:00:00+00,08-02-2004,At Intersection (intersection related),11,"MOTOR VEHICLE STRUCK MOTOR VEHICLE, FRONT END AT ANGLE",,0,Clear,Dry,Daylight,,4215023,,10,Entering at angle,0,0,N
2,-122.3447214,47.68266916,180,1115,1115,3503039,Matched,Block,,WINONA AVE N BETWEEN N 74TH ST AND AURORA AVE N, ,,2,Injury Collision,Parked Car,2,0,0,2,2013/03/29 00:00:00+00,3/29/2013 5:42:00 PM,Mid-Block (not related to intersection),14,"MOTOR VEHICLE STRUCK MOTOR VEHICLE, REAR END",,Y,Clear,Dry,Daylight,,,,32,One parked--one moving,0,0,N
1,-122.3207612,47.61211136,181,18500,18500,1320343,Matched,Block,,BROADWAY BETWEEN HARVARD AVE AND E UNION ST,,,1,Property Damage Only Collision,Parked Car,2,0,0,2,2004/03/20 00:00:00+00,3/20/2004 7:02:00 PM,Mid-Block (not related to intersection),12,"MOTOR VEHICLE STRUCK MOTOR VEHICLE, RIGHT SIDE AT ANGLE",,0,Clear,Dry,Dark - Street Lights On,,4080026,,32,One parked--one moving,0,0,N
2,-122.317786,47.70446465,182,320934,322434,3703114,Matched,Block,,ROOSEVELT WAY NE BETWEEN NE 104TH ST AND NE 105TH ST, ,,2,Injury Collision,Rear Ended,2,0,0,2,2019/07/07 00:00:00+00,07-07-2019 07:30,,14,"MOTOR VEHICLE STRUCK MOTOR VEHICLE, REAR END",Y,N,Overcast,Dry,Daylight,,,,13,From same direction - both going straight - both moving - rear-end,0,0,N
1,-122.3250542,47.66498446,183,70300,70300,2894762,Matched,Intersection,25867,LATONA AVE NE AND NE 50TH E ST,,,1,Property Damage Only Collision,Left Turn,4,0,0,2,2007/12/23 00:00:00+00,12/23/2007 9:00:00 PM,At Intersection (intersection related),11,"MOTOR VEHICLE STRUCK MOTOR VEHICLE, FRONT END AT ANGLE",,0,Raining,Wet,Dark - Street Lights On,,7357005,,28,From opposite direction - one left turn - one straight,0,0,N
2,-122.3281219,47.61697247,184,320913,322413,3547998,Matched,Block,,MELROSE AV ON RP BETWEEN MELROSE AVE AND OLIVE WY ON RP, ,,2,Injury Collision,Rear Ended,2,0,0,2,2019/07/01 00:00:00+00,07-01-2019 12:50,Mid-Block (but intersection related),14,"MOTOR VEHICLE STRUCK MOTOR VEHICLE, REAR END",,N,Clear,Dry,Daylight,,,,74,Same direction -- both turning right -- one stopped -- rear end,0,0,N
2,-122.3545029,47.64688811,185,330910,332410,EA30283,Matched,Intersection,28049,FLORENTIA ST AND WARREN AVE N, ,,2,Injury Collision,Angles,4,0,0,4,2020/04/20 00:00:00+00,4/20/2020 7:04:00 PM,At Intersection (intersection related),14,"MOTOR VEHICLE STRUCK MOTOR VEHICLE, REAR END",,N,Clear,Dry,Dusk,,,,10,Entering at angle,0,0,N
1,-122.3117744,47.59083497,186,64100,64100,2280566,Matched,Block,,STURGUS AVE S BETWEEN S JUDKINS ST AND S ATLANTIC ST,,,1,Property Damage Only Collision,Parked Car,2,0,0,2,2006/04/17 00:00:00+00,4/17/2006 3:34:00 PM,Mid-Block (not related to intersection),14,"MOTOR VEHICLE STRUCK MOTOR VEHICLE, REAR END",,0,Clear,Dry,Daylight,,6107006,,32,One parked--one moving,0,0,N
1,-122.3471621,47.61375831,187,1107,1107,3562735,Matched,Block,,1ST AVE BETWEEN BELL ST AND BATTERY ST, ,,1,Property Damage Only Collision,Parked Car,2,0,0,2,2013/03/28 00:00:00+00,3/28/2013 10:00:00 PM,Mid-Block (not related to intersection),11,"MOTOR VEHICLE STRUCK MOTOR VEHICLE, FRONT END AT ANGLE",,N,Clear,Unknown,Dark - Street Lights On,,,,32,One parked--one moving,0,0,N
1,-122.3358714,47.61910821,188,60800,60800,2615106,Matched,Block,,BOREN AVE N BETWEEN DENNY WAY AND JOHN ST,,,1,Property Damage Only Collision,Sideswipe,2,0,0,2,2006/10/15 00:00:00+00,10/15/2006 9:45:00 AM,Mid-Block (not related to intersection),16,"MOTOR VEHICLE STRUCK MOTOR VEHICLE, LEFT SIDE SIDESWIPE",,0,Raining,Wet,Daylight,,6288009,,81,Same direction -- both turning left -- both moving -- sideswipe,0,0,N
1,-122.2879785,47.5270049,189,330941,332441,3856985,Matched,Block,,BEACON WR AVE S BETWEEN S THISTLE S ST AND S CLOVERDALE ST, ,,1,Property Damage Only Collision,Parked Car,2,0,0,2,2020/04/20 00:00:00+00,4/20/2020 12:49:00 AM,Mid-Block (not related to intersection),14,"MOTOR VEHICLE STRUCK MOTOR VEHICLE, REAR END",,N,Clear,Dry,Dark - Street Lights On,,,,32,One parked--one moving,0,0,Y
1,-122.3472973,47.69734203,190,49800,49800,2060794,Matched,Block,,LINDEN AVE N BETWEEN N 94TH ST AND N 95TH ST,,,1,Property Damage Only Collision,Parked Car,2,0,0,2,2006/02/12 00:00:00+00,02-12-2006 11:39,Mid-Block (not related to intersection),12,"MOTOR VEHICLE STRUCK MOTOR VEHICLE, RIGHT SIDE AT ANGLE",,0,Unknown,Unknown,Unknown,,6043039,,32,One parked--one moving,0,0,N
1,-122.3768044,47.69151793,191,36300,36300,2060815,Matched,Block,,15TH AVE NW BETWEEN NW 85TH ST AND NW 87TH ST,,,1,Property Damage Only Collision,Other,2,0,0,2,2005/12/10 00:00:00+00,12-10-2005 13:06,Driveway Junction,11,"MOTOR VEHICLE STRUCK MOTOR VEHICLE, FRONT END AT ANGLE",,0,Clear,Dry,Daylight,,5344015,,22,One car leaving driveway access,0,0,N
1,-122.3189581,47.69584206,192,2907,2907,1780512,Matched,Block,,NE 92ND ST BETWEEN 8TH AVE NE AND ROOSEVELT WAY NE,,,1,Property Damage Only Collision,Parked Car,2,0,0,2,2004/04/25 00:00:00+00,4/25/2004 5:00:00 AM,Mid-Block (not related to intersection),16,"MOTOR VEHICLE STRUCK MOTOR VEHICLE, LEFT SIDE SIDESWIPE",,0,Unknown,Unknown,Unknown,,4116048,,32,One parked--one moving,0,0,N
1,,,193,320833,322333,E937155,Matched,,,,NEI,"Not Enough Information, or Insufficient Location Information",1,Property Damage Only Collision,Parked Car,2,0,0,2,2019/07/05 00:00:00+00,07-05-2019 16:40,,0,NOT ENOUGH INFORMATION / NOT APPLICABLE,,N,Clear,Dry,Daylight,,,,32,One parked--one moving,0,0,N
2,-122.3566369,47.68694119,194,35000,35000,2020441,Matched,Block,,N 80TH ST BETWEEN 1ST AVE NW AND GREENWOOD AVE N,,,2,Injury Collision,Rear Ended,3,0,0,2,2005/08/14 00:00:00+00,8/14/2005 12:07:00 PM,Mid-Block (not related to intersection),14,"MOTOR VEHICLE STRUCK MOTOR VEHICLE, REAR END",Y,0,Clear,Dry,Daylight,,5226016,,13,From same direction - both going straight - both moving - rear-end,0,0,N
1,-122.3443534,47.61327122,195,320879,322379,E938195,Matched,Intersection,29559,2ND AVE AND BLANCHARD ST, ,,1,Property Damage Only Collision,Pedestrian,2,1,0,1,2019/07/06 00:00:00+00,07-06-2019 23:30,At Intersection (intersection related),24,MOTOR VEHCILE STRUCK PEDESTRIAN,,N,Clear,Dry,Dark - Street Lights On,,,,1,Vehicle turning right hits pedestrian,0,521004,N
1,-122.3420194,47.70596699,196,330837,332337,EA29775,Unmatched,Block,,STONE AVE N BETWEEN N NORTHGATE WAY AND N 107TH ST, ,,1,Property Damage Only Collision,,2,0,0,0,2020/04/18 00:00:00+00,4/18/2020,Driveway Junction,11,"MOTOR VEHICLE STRUCK MOTOR VEHICLE, FRONT END AT ANGLE",,,,,,,,, ,,0,0,Y
2,-122.3701937,47.57155935,197,47400,47400,1790753,Matched,Block,,WEST SEATTLE BR WB BETWEEN SW ADMIRAL WY OFF RP AND POINT A,,,2,Injury Collision,Other,2,0,0,1,2005/01/14 00:00:00+00,1/14/2005 3:26:00 AM,Mid-Block (but intersection related),28,MOTOR VEHICLE RAN OFF ROAD - HIT FIXED OBJECT,,1,Clear,Dry,Dark - Street Lights Off,,5014002,,50,Fixed object,0,0,N
1,-122.3862167,47.57317804,199,1247,1247,3645423,Matched,Block,,SW HINDS ST BETWEEN 42ND AVE SW AND CALIFORNIA S AVE SW, ,,1,Property Damage Only Collision,Parked Car,2,0,0,2,2013/03/25 00:00:00+00,3/25/2013 11:00:00 AM,Mid-Block (not related to intersection),0,NOT ENOUGH INFORMATION / NOT APPLICABLE,,N,Unknown,Unknown,Daylight,,,,32,One parked--one moving,0,0,N
1,-122.3249156,47.68084338,200,21600,21600,1778930,Matched,Block,,WOODLAWN AVE NE BETWEEN NE 72ND ST AND NE 73RD ST,,,1,Property Damage Only Collision,Angles,2,0,0,2,2004/06/02 00:00:00+00,06-02-2004,Driveway Junction,11,"MOTOR VEHICLE STRUCK MOTOR VEHICLE, FRONT END AT ANGLE",,0,Clear,Dry,Daylight,,4154031,,10,Entering at angle,0,0,N
1,-122.3540178,47.51827331,201,330820,332320,3838203,Matched,Block,,15TH AVE SW BETWEEN SW CAMBRIDGE ST AND SW ROXBURY ST, ,,1,Property Damage Only Collision,Sideswipe,2,0,0,2,2020/04/13 00:00:00+00,4/13/2020 3:07:00 PM,Mid-Block (not related to intersection),16,"MOTOR VEHICLE STRUCK MOTOR VEHICLE, LEFT SIDE SIDESWIPE",,N,Clear,Dry,Daylight,,,,26,From opposite direction - both going straight - sideswipe,0,0,N
1,,,202,111500,111500,3346098,Matched,Block,,BATTERY ST TUNNEL NB BETWEEN ALASKAN WY VI NB AND AURORA AVE N,,,1,Property Damage Only Collision,Other,1,0,0,1,2010/10/23 00:00:00+00,10/23/2010 6:01:00 PM,Mid-Block (not related to intersection),26,MOTOR VEHICLE STRUCK OBJECT IN ROAD,,N,Raining,Wet,Dark - Street Lights On,,10296042,,50,Fixed object,0,0,N
2,-122.320284,47.52645748,203,1350,1350,3380693,Matched,Intersection,35095,10TH AVE S AND S CLOVERDALE ST, ,,2,Injury Collision,Cycles,5,0,1,1,2013/04/02 00:00:00+00,04-02-2013 19:15,At Intersection (intersection related),51,PEDALCYCLIST STRUCK MOTOR VEHICLE FRONT END AT ANGLE,Y,N,Overcast,Dry,Dusk,,,,45,Vehicle - Pedalcyclist,29054,0,N
2,-122.3224587,47.59583117,204,55700,55700,2622541,Matched,Intersection,30447,8TH AVE S AND S DEARBORN ST,,,2,Injury Collision,Angles,2,0,0,2,2006/11/18 00:00:00+00,11/18/2006 10:46:00 AM,At Intersection (intersection related),11,"MOTOR VEHICLE STRUCK MOTOR VEHICLE, FRONT END AT ANGLE",,0,Clear,Dry,Daylight,,6322041,,10,Entering at angle,0,0,N
1,-122.3436535,47.62030595,205,1324,1324,3504074,Matched,Block,,7TH NB AVE N BETWEEN JOHN ST AND THOMAS ST, ,,1,Property Damage Only Collision,Sideswipe,3,0,0,2,2013/03/27 00:00:00+00,3/27/2013 4:45:00 PM,Mid-Block (not related to intersection),11,"MOTOR VEHICLE STRUCK MOTOR VEHICLE, FRONT END AT ANGLE",,N,Overcast,Wet,Daylight,,,,11,From same direction - both going straight - both moving - sideswipe,0,0,N
2,-122.3396921,47.69688253,206,1002,1002,3503140,Matched,Block,,ASHWORTH AVE N BETWEEN N 92ND ST AND N 95TH ST, ,,2,Injury Collision,Angles,2,0,0,2,2013/03/20 00:00:00+00,3/20/2013 7:36:00 AM,Driveway Junction,11,"MOTOR VEHICLE STRUCK MOTOR VEHICLE, FRONT END AT ANGLE",,N,Raining,Wet,Daylight,,,,10,Entering at angle,0,0,N
1,-122.3007582,47.68304743,209,21200,21200,1227970,Matched,Intersection,24661,25TH AVE NE AND NE 75TH ST,,,1,Property Damage Only Collision,Left Turn,2,0,0,2,2004/06/08 00:00:00+00,06-08-2004,At Intersection (intersection related),11,"MOTOR VEHICLE STRUCK MOTOR VEHICLE, FRONT END AT ANGLE",,0,Raining,Wet,Dark - Street Lights On,,4160038,,28,From opposite direction - one left turn - one straight,0,0,N