SEVERITYCODE,X,Y,OBJECTID,INCKEY,COLDETKEY,REPORTNO,STATUS,ADDRTYPE,INTKEY,LOCATION,EXCEPTRSNCODE,EXCEPTRSNDESC,SEVERITYCODE,SEVERITYDESC,COLLISIONTYPE,PERSONCOUNT,PEDCOUNT,PEDCYLCOUNT,VEHCOUNT,INCDATE,INCDTTM,JUNCTIONTYPE,SDOT_COLCODE,SDOT_COLDESC,INATTENTIONIND,UNDERINFL,WEATHER,ROADCOND,LIGHTCOND,PEDROWNOTGRNT,SDOTCOLNUM,SPEEDING,ST_COLCODE,ST_COLDESC,SEGLANEKEY,CROSSWALKKEY,HITPARKEDCAR
1,-122.2699891,47.53210531,491,330848,332348,EA29359,Matched,Block,,RAINIER AVE S BETWEEN S CHICAGO ST AND S KENYON ST, ,,1,Property Damage Only Collision,Angles,3,0,0,3,2020/04/14 00:00:00+00,4/14/2020 11:12:00 AM,Driveway Junction,14,"MOTOR VEHICLE STRUCK MOTOR VEHICLE, REAR END",,N,Clear,Dry,Daylight,,,,10,Entering at angle,0,0,N
2,-122.3255288,47.61521875,492,45600,45600,2028039,Matched,Intersection,29860,SUMMIT AVE AND E PINE ST,,,2,Injury Collision,Angles,3,0,0,2,2005/04/15 00:00:00+00,4/15/2005 5:44:00 PM,At Intersection (intersection related),11,"MOTOR VEHICLE STRUCK MOTOR VEHICLE, FRONT END AT ANGLE",,0,Raining,Wet,Daylight,,5105017,,10,Entering at angle,0,0,N
2,-122.2875459,47.56175885,493,1228,1228,3672124,Matched,Block,,RAINIER AVE S BETWEEN S OREGON ST AND S ALASKA ST, ,,2,Injury Collision,Rear Ended,4,0,0,2,2013/03/30 00:00:00+00,3/30/2013 5:02:00 PM,Mid-Block (not related to intersection),14,"MOTOR VEHICLE STRUCK MOTOR VEHICLE, REAR END",,N,Clear,Dry,Daylight,,,,14,From same direction - both going straight - one stopped - rear-end,0,0,N
1,-122.3192088,47.70856922,495,330802,332302,EA19054,Matched,Block,,NE NORTHGATE WAY BETWEEN 8TH AVE NE AND ROOSEVELT WAY NE, ,,1,Property Damage Only Collision,Rear Ended,2,0,0,2,2020/01/02 00:00:00+00,01-02-2020 18:09,Mid-Block (but intersection related),14,"MOTOR VEHICLE STRUCK MOTOR VEHICLE, REAR END",,N,Raining,Wet,Dark - Unknown Lighting,,,,14,From same direction - both going straight - one stopped - rear-end,0,0,N
1,-122.2983548,47.60800045,496,111100,111100,3386629,Matched,Block,,E CHERRY ST BETWEEN 26TH AVE AND 27TH W AVE,,,1,Property Damage Only Collision,Parked Car,3,0,0,3,2010/09/15 00:00:00+00,9/15/2010 5:31:00 PM,Mid-Block (not related to intersection),14,"MOTOR VEHICLE STRUCK MOTOR VEHICLE, REAR END",,Y,Raining,Wet,Daylight,,10258022,,32,One parked--one moving,0,0,N
1,-122.3767697,47.67952867,497,1348,1348,3609017,Matched,Intersection,23926,15TH AVE NW AND NW 70TH ST, ,,1,Property Damage Only Collision,Left Turn,3,0,0,3,2013/03/27 00:00:00+00,3/27/2013 4:56:00 PM,At Intersection (intersection related),11,"MOTOR VEHICLE STRUCK MOTOR VEHICLE, FRONT END AT ANGLE",,N,Raining,Wet,Daylight,,,,28,From opposite direction - one left turn - one straight,0,0,N
1,-122.342572,47.60779516,498,56900,56900,2625188,Matched,Block,,ALASKAN WAY BETWEEN ALASKAN E RDWY WAY AND PIKE ST,,,1,Property Damage Only Collision,Parked Car,2,0,0,2,2006/11/24 00:00:00+00,11/24/2006 2:45:00 PM,Mid-Block (not related to intersection),13,"MOTOR VEHICLE STRUCK MOTOR VEHICLE, LEFT SIDE AT ANGLE",,0,Clear,Dry,Daylight,,6328024,,32,One parked--one moving,0,0,N
1,-122.2777117,47.70024447,499,1315,1315,3501980,Matched,Block,,SAND POINT WAY NE BETWEEN NE 97TH ST AND NE 100TH ST, ,,1,Property Damage Only Collision,Rear Ended,2,0,0,2,2013/03/28 00:00:00+00,3/28/2013 8:24:00 AM,Mid-Block (not related to intersection),14,"MOTOR VEHICLE STRUCK MOTOR VEHICLE, REAR END",,N,Overcast,Dry,Daylight,,,,14,From same direction - both going straight - one stopped - rear-end,0,0,N
2,-122.3512527,47.68693981,500,130000,130000,3562147,Matched,Block,,N 80TH ST BETWEEN DAYTON AVE N AND FREMONT AVE N,,,2,Injury Collision,Parked Car,2,0,0,2,2011/03/12 00:00:00+00,03-12-2011 02:30,Mid-Block (not related to intersection),16,"MOTOR VEHICLE STRUCK MOTOR VEHICLE, LEFT SIDE SIDESWIPE",,Y,Raining,Wet,Dark - Street Lights On,,11071002,,32,One parked--one moving,0,0,N
1,-122.3553063,47.69150544,501,41800,41800,2022418,Matched,Block,,GREENWOOD AVE N BETWEEN N 85TH ST AND N 87TH ST,,,1,Property Damage Only Collision,Parked Car,2,0,0,2,2005/07/06 00:00:00+00,07-06-2005,Mid-Block (not related to intersection),11,"MOTOR VEHICLE STRUCK MOTOR VEHICLE, FRONT END AT ANGLE",,0,Clear,Dry,Dark - Street Lights On,,5187036,,20,One car leaving parked position,0,0,N
1,-122.3246186,47.60708825,502,28800,28800,1798932,Matched,Block,,TERRY AVE BETWEEN CHERRY ST AND COLUMBIA ST,,,1,Property Damage Only Collision,Parked Car,2,0,0,2,2004/08/31 00:00:00+00,8/31/2004 12:23:00 PM,Mid-Block (not related to intersection),14,"MOTOR VEHICLE STRUCK MOTOR VEHICLE, REAR END",Y,0,Clear,Dry,Daylight,,4244027,,32,One parked--one moving,0,0,N
1,-122.3864507,47.58349953,504,1258,1258,3553735,Matched,Block,,CALIFORNIA AVE SW BETWEEN SW WALKER ST AND SW COLLEGE ST, ,,1,Property Damage Only Collision,Parked Car,2,0,0,2,2013/03/31 00:00:00+00,3/31/2013 1:26:00 PM,Mid-Block (not related to intersection),14,"MOTOR VEHICLE STRUCK MOTOR VEHICLE, REAR END",,N,Clear,Dry,Daylight,,,,32,One parked--one moving,0,0,N
1,-122.4120188,47.57684322,505,320925,322425,3587805,Matched,Block,,62ND AVE SW BETWEEN SW STEVENS ST AND SW ADMIRAL WAY, ,,1,Property Damage Only Collision,Parked Car,2,0,0,2,2019/07/06 00:00:00+00,07-06-2019 14:16,Mid-Block (not related to intersection),11,"MOTOR VEHICLE STRUCK MOTOR VEHICLE, FRONT END AT ANGLE",,N,Overcast,Dry,Daylight,,,,32,One parked--one moving,0,0,Y
2,-122.3342556,47.52935807,506,320828,322328,E918820,Matched,Block,,SR509 NB BETWEEN KENYON ON RP AND 1ST AV S ON RP, ,,2,Injury Collision,Rear Ended,2,0,0,2,2019/04/24 00:00:00+00,4/24/2019 8:45:00 AM,Mid-Block (not related to intersection),14,"MOTOR VEHICLE STRUCK MOTOR VEHICLE, REAR END",Y,N,Clear,Dry,Daylight,,,,13,From same direction - both going straight - both moving - rear-end,0,0,N
1,-122.3930003,47.69057215,507,99000,99000,3198702,Matched,Intersection,37083,28TH AVE NW AND NW 85TH ST,,,1,Property Damage Only Collision,Angles,5,0,0,2,2009/06/30 00:00:00+00,6/30/2009 2:00:00 PM,At Intersection (intersection related),11,"MOTOR VEHICLE STRUCK MOTOR VEHICLE, FRONT END AT ANGLE",Y,0,Clear,Dry,Daylight,,9181010,,10,Entering at angle,0,0,N
2,-122.302329,47.65499523,508,64600,64600,C696927,Matched,Block,,MONTLAKE BLVD NE BETWEEN NE PACIFIC PL AND 25TH AVE NE,,,2,Injury Collision,Rear Ended,3,0,0,3,2007/10/23 00:00:00+00,10/23/2007 2:30:00 PM,Mid-Block (not related to intersection),14,"MOTOR VEHICLE STRUCK MOTOR VEHICLE, REAR END",,0,Clear,Dry,Daylight,,7296035,,14,From same direction - both going straight - one stopped - rear-end,0,0,N
1,-122.3377949,47.68564978,509,1085,1085,3612888,Matched,Intersection,24243,GREEN LAKE DR N AND EAST GREEN LAKE DR N, ,,1,Property Damage Only Collision,Angles,2,0,0,2,2013/03/25 00:00:00+00,3/25/2013 7:20:00 AM,At Intersection (intersection related),11,"MOTOR VEHICLE STRUCK MOTOR VEHICLE, FRONT END AT ANGLE",,N,Clear,Dry,Daylight,,,,10,Entering at angle,0,0,N
2,-122.3629755,47.55282114,510,82200,82200,2895788,Matched,Block,,DELRIDGE WAY SW BETWEEN SW BRANDON ST AND SW FINDLAY ST,,,2,Injury Collision,Other,2,0,0,2,2008/09/02 00:00:00+00,09-02-2008,Driveway Junction,11,"MOTOR VEHICLE STRUCK MOTOR VEHICLE, FRONT END AT ANGLE",,0,Clear,Dry,Dark - Street Lights On,,8246015,Y,22,One car leaving driveway access,0,0,N
2,-122.3235383,47.60310238,511,41000,41000,1745296,Matched,Block,,ALDER ST BETWEEN DEAD END AND 9TH AVE,,,2,Injury Collision,Parked Car,2,0,0,2,2005/08/15 00:00:00+00,8/15/2005 6:54:00 AM,Mid-Block (not related to intersection),11,"MOTOR VEHICLE STRUCK MOTOR VEHICLE, FRONT END AT ANGLE",,0,Clear,Dry,Daylight,,5227033,Y,20,One car leaving parked position,0,0,N
1,-122.3027665,47.60851268,512,27900,27900,1788745,Matched,Block,,23RD AVE BETWEEN E CHERRY ST AND E COLUMBIA ST,,,1,Property Damage Only Collision,Rear Ended,2,0,0,2,2004/07/23 00:00:00+00,7/23/2004 2:45:00 PM,Mid-Block (but intersection related),14,"MOTOR VEHICLE STRUCK MOTOR VEHICLE, REAR END",,0,Clear,Dry,Daylight,,4205026,,14,From same direction - both going straight - one stopped - rear-end,0,0,N
1,-122.3175921,47.69537674,514,112000,112000,2880818,Matched,Block,,ROOSEVELT WAY NE BETWEEN NE 91ST ST AND NE 92ND ST,,,1,Property Damage Only Collision,Parked Car,2,0,0,2,2010/06/12 00:00:00+00,06-12-2010 16:53,Mid-Block (not related to intersection),14,"MOTOR VEHICLE STRUCK MOTOR VEHICLE, REAR END",,N,Overcast,Dry,Daylight,,10163008,,32,One parked--one moving,0,0,N
1,-122.3304444,47.62427541,515,20300,20300,1069351,Matched,Intersection,29121,MERCER ST AND YALE AVE N,,,1,Property Damage Only Collision,Left Turn,4,0,0,2,2004/12/04 00:00:00+00,12-04-2004,At Intersection (intersection related),11,"MOTOR VEHICLE STRUCK MOTOR VEHICLE, FRONT END AT ANGLE",,0,Overcast,Dry,Daylight,,4339001,,28,From opposite direction - one left turn - one straight,0,0,N
1,-122.3756475,47.67780732,516,320918,322418,3578614,Matched,Block,,NW 67TH ST BETWEEN ALONZO AVE NW AND MARY AVE NW, ,,1,Property Damage Only Collision,Parked Car,2,0,0,2,2019/07/04 00:00:00+00,07-04-2019 18:43,Driveway Junction,13,"MOTOR VEHICLE STRUCK MOTOR VEHICLE, LEFT SIDE AT ANGLE",,N,Clear,Dry,Daylight,,,,32,One parked--one moving,0,0,Y
1,-122.2962223,47.57985835,517,330928,332428,3852283,Matched,Block,,M L KING JR WAY S BETWEEN S BAYVIEW S ST AND S MCCLELLAN ST, ,,1,Property Damage Only Collision,Other,1,0,0,1,2020/04/17 00:00:00+00,4/17/2020 7:15:00 PM,Mid-Block (not related to intersection),26,MOTOR VEHICLE STRUCK OBJECT IN ROAD,,N,Clear,Wet,Daylight,,,Y,50,Fixed object,0,0,N
2,-122.3285496,47.70499627,518,48400,48400,1794568,Matched,Intersection,37566,1ST AVE NE AND NE 105TH ST,,,2,Injury Collision,Left Turn,5,0,0,2,2005/07/07 00:00:00+00,07-07-2005,At Intersection (intersection related),11,"MOTOR VEHICLE STRUCK MOTOR VEHICLE, FRONT END AT ANGLE",,0,Clear,Dry,Daylight,,5188031,,28,From opposite direction - one left turn - one straight,0,0,N
1,-122.3867677,47.56973731,519,1041,1041,3553225,Matched,Block,,CALIFORNIA AVE SW BETWEEN SW CHARLESTOWN ST AND SW BRADFORD ST, ,,1,Property Damage Only Collision,Parked Car,7,0,0,7,2013/03/24 00:00:00+00,3/24/2013 3:07:00 AM,Mid-Block (not related to intersection),16,"MOTOR VEHICLE STRUCK MOTOR VEHICLE, LEFT SIDE SIDESWIPE",,Y,Clear,Dry,Dark - Street Lights On,,,,32,One parked--one moving,0,0,N
2,-122.3439876,47.69055853,520,60300,60300,2178426,Matched,Block,,N 85TH ST BETWEEN AURORA AVE N AND NESBIT AVE N,,,2,Injury Collision,Other,1,0,0,1,2006/03/05 00:00:00+00,03-05-2006,Mid-Block (not related to intersection),28,MOTOR VEHICLE RAN OFF ROAD - HIT FIXED OBJECT,,1,Clear,Dry,Dark - Street Lights On,,6064007,,50,Fixed object,0,0,N
1,-122.2806324,47.53439091,521,330942,332442,3857190,Unmatched,Block,,M L KING JR ER WAY S BETWEEN RENTON S AVE S AND S HOLDEN ST, ,,1,Property Damage Only Collision,,2,0,0,0,2020/04/21 00:00:00+00,4/21/2020,Mid-Block (not related to intersection),26,MOTOR VEHICLE STRUCK OBJECT IN ROAD,,,,,,,,, ,,0,0,N
1,-122.3721818,47.57125436,522,49100,49100,2625487,Matched,Block,,SW MANNING ST BETWEEN ADMIRAL AVALON RP AND FAUNTLEROY WAY SW,,,1,Property Damage Only Collision,Other,3,0,0,2,2006/12/11 00:00:00+00,12-11-2006 17:00,Mid-Block (but intersection related),11,"MOTOR VEHICLE STRUCK MOTOR VEHICLE, FRONT END AT ANGLE",,0,Unknown,Wet,Dark - Street Lights On,,6345012,,23,From same direction - all others,0,0,N
1,-122.3038582,47.67762135,523,36700,36700,2025448,Matched,Intersection,24791,RAVENNA AVE NE AND NE 68TH ST,,,1,Property Damage Only Collision,Other,1,0,0,1,2005/06/20 00:00:00+00,6/20/2005 9:57:00 PM,At Intersection (intersection related),26,MOTOR VEHICLE STRUCK OBJECT IN ROAD,,0,Clear,Dry,Dark - Street Lights On,,5171042,,50,Fixed object,0,0,N
1,-122.3867705,47.56746537,524,1357,1357,3553820,Matched,Block,,CALIFORNIA AVE SW BETWEEN SW ANDOVER ST AND SW DAKOTA ST, ,,1,Property Damage Only Collision,Parked Car,3,0,0,3,2013/04/02 00:00:00+00,04-02-2013 04:57,Mid-Block (not related to intersection),14,"MOTOR VEHICLE STRUCK MOTOR VEHICLE, REAR END",,N,Clear,Dry,Dark - Street Lights On,,,,32,One parked--one moving,0,0,N
1,-122.3470206,47.65091059,525,54500,54500,2624883,Matched,Block,,N 36TH ST BETWEEN TROLL AVE N AND WINSLOW PL N,,,1,Property Damage Only Collision,Parked Car,6,0,0,2,2006/08/07 00:00:00+00,08-07-2006,Mid-Block (not related to intersection),11,"MOTOR VEHICLE STRUCK MOTOR VEHICLE, FRONT END AT ANGLE",,0,Clear,Dry,Daylight,,6219025,,32,One parked--one moving,0,0,N
2,-122.3408806,47.57175135,526,34600,34600,1933726,Matched,Block,,ALASKAN WY VI SB WSB WB OFF RP BETWEEN ALASKAN WY VI SB AND WEST SEATTLE BR WB,,,2,Injury Collision,Other,1,0,0,1,2005/03/25 00:00:00+00,3/25/2005 8:43:00 PM,Mid-Block (but intersection related),28,MOTOR VEHICLE RAN OFF ROAD - HIT FIXED OBJECT,,0,Clear,Dry,Dark - Street Lights On,,5084009,,50,Fixed object,0,0,N
2,-122.2946969,47.72018507,527,320888,322388,E921701,Matched,Block,,LAKE CITY WAY NE BETWEEN NE 125TH ST AND NE 127TH ST, ,,2,Injury Collision,Cycles,2,0,1,1,2019/04/26 00:00:00+00,4/26/2019 4:42:00 PM,Mid-Block (not related to intersection),18,"MOTOR VEHICLE STRUCK PEDALCYCLIST, FRONT END AT ANGLE",,N,Clear,Dry,Daylight,Y,,,5,Vehicle Strikes Pedalcyclist,0,0,N
1,-122.3406294,47.60872262,528,1219,1219,3598981,Matched,Block,,PIKE PL BETWEEN PIKE ST AND POST AL, ,,1,Property Damage Only Collision,Parked Car,2,0,0,2,2013/03/30 00:00:00+00,3/30/2013 1:00:00 AM,Mid-Block (not related to intersection),14,"MOTOR VEHICLE STRUCK MOTOR VEHICLE, REAR END",,N,Clear,Dry,Dark - Street Lights On,,,,32,One parked--one moving,0,0,N
1,-122.3224467,47.58615297,529,330874,332374,3803370,Unmatched,Block,,S HOLGATE ST BETWEEN S HOLGATE BR AND AIRPORT S WAY S, ,,1,Property Damage Only Collision,,1,0,0,0,2020/04/20 00:00:00+00,4/20/2020,Mid-Block (not related to intersection),24,MOTOR VEHCILE STRUCK PEDESTRIAN,,,,,,,,, ,,0,0,N
1,-122.3341838,47.72320789,530,47100,47100,2059266,Matched,Intersection,35965,MERIDIAN AVE N AND N 130TH ST,,,1,Property Damage Only Collision,Angles,3,0,0,2,2005/12/26 00:00:00+00,12/26/2005 9:46:00 PM,At Intersection (intersection related),11,"MOTOR VEHICLE STRUCK MOTOR VEHICLE, FRONT END AT ANGLE",,0,Overcast,Wet,Dark - Street Lights On,,5360018,,10,Entering at angle,0,0,N
1,-122.3481953,47.72321838,531,32200,32200,1079610,Matched,Intersection,35826,LINDEN AVE N AND N 130TH ST,,,1,Property Damage Only Collision,Left Turn,2,0,0,2,2004/08/30 00:00:00+00,8/30/2004 1:33:00 PM,At Intersection (intersection related),11,"MOTOR VEHICLE STRUCK MOTOR VEHICLE, FRONT END AT ANGLE",Y,0,Clear,Dry,Daylight,,4243021,,28,From opposite direction - one left turn - one straight,0,0,N
2,-122.2852425,47.55825221,532,1231,1231,3672356,Matched,Block,,RAINIER AVE S BETWEEN S EDMUNDS ST AND S FERDINAND ST, ,,2,Injury Collision,Rear Ended,6,0,0,3,2013/03/30 00:00:00+00,3/30/2013 3:36:00 PM,Mid-Block (not related to intersection),14,"MOTOR VEHICLE STRUCK MOTOR VEHICLE, REAR END",,N,Clear,Dry,Daylight,,,,14,From same direction - both going straight - one stopped - rear-end,0,0,N
1,-122.2773645,47.53705785,533,1200,1200,2897718,Matched,Block,,S OTHELLO ST BETWEEN 44TH AVE S AND 45TH AVE S, ,,1,Property Damage Only Collision,Parked Car,2,0,0,2,2013/03/30 00:00:00+00,3/30/2013 12:45:00 AM,Mid-Block (not related to intersection),14,"MOTOR VEHICLE STRUCK MOTOR VEHICLE, REAR END",,N,Clear,Dry,Dark - Street Lights On,,,Y,32,One parked--one moving,0,0,N
1,-122.3050362,47.60474707,534,1291,1291,3476307,Matched,Block,,21ST AVE BETWEEN E ALDER ST AND E TERRACE ST, ,,1,Property Damage Only Collision,Parked Car,2,0,0,2,2013/03/27 00:00:00+00,3/27/2013 7:00:00 PM,Mid-Block (not related to intersection),11,"MOTOR VEHICLE STRUCK MOTOR VEHICLE, FRONT END AT ANGLE",,N,Raining,Wet,Daylight,,,,32,One parked--one moving,0,0,N
2,-122.3652334,47.5392503,535,330828,332328,3838202,Matched,Block,,SYLVAN WAY SW BETWEEN SW SYLVAN HEIGHTS DR AND SW ORCHARD ST, ,,2,Injury Collision,Other,2,0,0,1,2020/04/16 00:00:00+00,4/16/2020 9:31:00 PM,Mid-Block (not related to intersection),26,MOTOR VEHICLE STRUCK OBJECT IN ROAD,,N,Clear,Dry,Dark - Street Lights On,,,,52,Vehicle overturned,0,0,N
2,-122.3208627,47.71946775,536,111300,111300,3377125,Matched,Intersection,36432,8TH AVE NE AND NE 125TH ST,,,2,Injury Collision,Angles,4,0,0,2,2010/12/19 00:00:00+00,12/19/2010 12:20:00 PM,At Intersection (intersection related),11,"MOTOR VEHICLE STRUCK MOTOR VEHICLE, FRONT END AT ANGLE",Y,N,Clear,Dry,Daylight,,10353025,,10,Entering at angle,0,0,N
1,-122.3449968,47.72503555,537,25200,25200,1793826,Matched,Block,,AURORA AVE N BETWEEN N 130TH ST AND N 135TH ST,,,1,Property Damage Only Collision,Sideswipe,2,0,0,2,2004/07/27 00:00:00+00,7/27/2004 4:51:00 PM,Mid-Block (not related to intersection),16,"MOTOR VEHICLE STRUCK MOTOR VEHICLE, LEFT SIDE SIDESWIPE",,0,Clear,Dry,Daylight,,4209036,,12,From same direction - both going straight - one stopped - sideswipe,0,0,N
1,-122.2895712,47.60007006,538,65000,65000,2620883,Matched,Block,,S FRINK PL BETWEEN S WASHINGTON ST AND LAKE WASHINGTON BLVD S,,,1,Property Damage Only Collision,Other,1,0,0,1,2007/03/24 00:00:00+00,3/24/2007 5:34:00 PM,Mid-Block (not related to intersection),26,MOTOR VEHICLE STRUCK OBJECT IN ROAD,,0,Raining,Wet,Daylight,,7083003,,50,Fixed object,0,0,N
1,-122.3424026,47.6121175,539,1338,1338,3581514,Matched,Block,,2ND AVE BETWEEN VIRGINIA ST AND LENORA ST, ,,1,Property Damage Only Collision,Sideswipe,2,0,0,2,2013/03/27 00:00:00+00,3/27/2013 8:22:00 PM,Mid-Block (not related to intersection),16,"MOTOR VEHICLE STRUCK MOTOR VEHICLE, LEFT SIDE SIDESWIPE",,N,Clear,Dry,Dark - Street Lights On,,,,11,From same direction - both going straight - both moving - sideswipe,0,0,N
1,-122.3378706,47.60647838,540,200000,200140,E442959,Matched,Block,,1ST AVE BETWEEN SENECA ST AND UNIVERSITY ST, ,,1,Property Damage Only Collision,Parked Car,1,0,0,2,2015/07/11 00:00:00+00,07-11-2015 12:34,Mid-Block (not related to intersection),11,"MOTOR VEHICLE STRUCK MOTOR VEHICLE, FRONT END AT ANGLE",,N,Clear,Dry,Daylight,,,,20,One car leaving parked position,0,0,N
1,-122.339357,47.60978057,541,43500,43500,880614,Matched,Block,,2ND AVE BETWEEN PIKE ST AND PINE ST,,,1,Property Damage Only Collision,Other,0,0,0,2,2005/05/03 00:00:00+00,05-03-2005,Driveway Junction,11,"MOTOR VEHICLE STRUCK MOTOR VEHICLE, FRONT END AT ANGLE",,0,Clear,Dry,Daylight,,5123022,,22,One car leaving driveway access,0,0,N
1,,,543,1145,1145,3581513,Matched,Block,,DEXTER AVE N BETWEEN WARD ST AND PROSPECT ST, ,,1,Property Damage Only Collision,Other,2,0,0,1,2013/03/26 00:00:00+00,3/26/2013 9:54:00 PM,Mid-Block (not related to intersection),28,MOTOR VEHICLE RAN OFF ROAD - HIT FIXED OBJECT,,Y,Clear,Dry,Dark - Street Lights On,,,,50,Fixed object,0,0,N
2,-122.3404715,47.60862931,544,18600,18600,1785104,Matched,Intersection,29598,PIKE PL AND PIKE ST,,,2,Injury Collision,Pedestrian,2,1,0,1,2004/10/14 00:00:00+00,10/14/2004 6:36:00 PM,At Intersection (intersection related),24,MOTOR VEHCILE STRUCK PEDESTRIAN,,0,Overcast,Dry,Dark - Street Lights On,,4288030,,3,Vehicle backing hits pedestrian,0,0,N
2,-122.3077921,47.68304671,545,320844,322344,E919480,Matched,Intersection,24761,19TH AVE NE AND NE 75TH ST, ,,2,Injury Collision,Rear Ended,5,0,0,3,2019/04/23 00:00:00+00,4/23/2019 4:45:00 PM,At Intersection (intersection related),14,"MOTOR VEHICLE STRUCK MOTOR VEHICLE, REAR END",Y,N,Clear,Dry,Daylight,,,,14,From same direction - both going straight - one stopped - rear-end,0,0,N
1,-122.3214679,47.62199103,546,84200,84200,3287731,Matched,Block,,E HARRISON ST BETWEEN HARVARD AVE E AND BROADWAY E,,,1,Property Damage Only Collision,Parked Car,2,0,0,2,2008/12/28 00:00:00+00,12/28/2008 5:50:00 PM,Mid-Block (not related to intersection),12,"MOTOR VEHICLE STRUCK MOTOR VEHICLE, RIGHT SIDE AT ANGLE",,0,Overcast,Wet,Dark - Street Lights On,,8363017,,32,One parked--one moving,0,0,N
1,-122.3622407,47.55746313,547,330938,332438,3856626,Matched,Block,,SW HUDSON ST BETWEEN PUGET BLVD SW AND DELRIDGE WAY SW, ,,1,Property Damage Only Collision,Parked Car,2,0,0,2,2020/04/20 00:00:00+00,4/20/2020 8:45:00 AM,Driveway Junction,11,"MOTOR VEHICLE STRUCK MOTOR VEHICLE, FRONT END AT ANGLE",,N,,Unknown,Unknown,,,,32,One parked--one moving,0,0,Y
2,,,548,64000,64000,2192053,Matched,Block,,ALASKAN WY VI SB BETWEEN BATTERY ST TUNNEL SB AND ELLIOTT AV ON RP,,,2,Injury Collision,Rear Ended,4,0,0,3,2006/01/13 00:00:00+00,1/13/2006 10:45:00 PM,Mid-Block (not related to intersection),14,"MOTOR VEHICLE STRUCK MOTOR VEHICLE, REAR END",,0,Raining,Wet,Dark - Street Lights On,,6013082,Y,14,From same direction - both going straight - one stopped - rear-end,0,0,N
1,-122.3604648,47.52738604,549,1101,1101,3505114,Matched,Block,,DELRIDGE WAY SW BETWEEN SW THISTLE ST AND SW CLOVERDALE ST, ,,1,Property Damage Only Collision,Parked Car,3,0,0,3,2013/03/28 00:00:00+00,3/28/2013 10:17:00 PM,Mid-Block (not related to intersection),14,"MOTOR VEHICLE STRUCK MOTOR VEHICLE, REAR END",,N,Clear,Dry,Dark - Street Lights On,,,,32,One parked--one moving,0,0,N
1,-122.3406469,47.66286584,550,25400,25400,1211844,Matched,Intersection,25561,INTERLAKE AVE N AND N 47TH ST,,,1,Property Damage Only Collision,Angles,2,0,0,2,2004/01/10 00:00:00+00,01-10-2004 09:00,At Intersection (intersection related),11,"MOTOR VEHICLE STRUCK MOTOR VEHICLE, FRONT END AT ANGLE",,0,Overcast,Wet,Daylight,,4010026,,10,Entering at angle,0,0,N
1,-122.3799759,47.67685196,551,55000,55000,C669642,Matched,Block,,18TH AVE NW BETWEEN NW 65TH ST AND NW 67TH ST,,,1,Property Damage Only Collision,Parked Car,2,0,0,2,2006/06/13 00:00:00+00,6/13/2006 8:45:00 AM,Mid-Block (not related to intersection),11,"MOTOR VEHICLE STRUCK MOTOR VEHICLE, FRONT END AT ANGLE",,0,,,,,6164045,,19,One car entering parked position,0,0,N
1,-122.3172267,47.59749957,552,1345,1345,3605912,Matched,Intersection,30436,12TH AVE S AND S WELLER ST, ,,1,Property Damage Only Collision,Left Turn,3,0,0,2,2013/03/27 00:00:00+00,3/27/2013 5:56:00 PM,At Intersection (intersection related),11,"MOTOR VEHICLE STRUCK MOTOR VEHICLE, FRONT END AT ANGLE",,N,Clear,Dry,Daylight,,,,28,From opposite direction - one left turn - one straight,0,0,N
1,-122.3768061,47.69060911,553,1001,1001,3501405,Matched,Intersection,37265,15TH AVE NW AND NW 85TH ST, ,,1,Property Damage Only Collision,Sideswipe,2,0,0,2,2013/03/20 00:00:00+00,3/20/2013 4:08:00 PM,At Intersection (intersection related),11,"MOTOR VEHICLE STRUCK MOTOR VEHICLE, FRONT END AT ANGLE",,N,Clear,Dry,Daylight,,,,11,From same direction - both going straight - both moving - sideswipe,0,0,N
1,-122.3626677,47.65123294,554,42700,42700,2024364,Matched,Block,,W NICKERSON ST BETWEEN 3RD AVE W AND 6TH AVE W,,,1,Property Damage Only Collision,Other,3,0,0,2,2005/12/01 00:00:00+00,12-01-2005,Driveway Junction,11,"MOTOR VEHICLE STRUCK MOTOR VEHICLE, FRONT END AT ANGLE",,0,Snowing,Wet,Daylight,,5335028,,22,One car leaving driveway access,0,0,N
1,-122.3458631,47.61299081,556,1149,1149,3548947,Matched,Block,,1ST AVE BETWEEN BLANCHARD ST AND BELL ST, ,,1,Property Damage Only Collision,Angles,4,0,0,2,2013/03/29 00:00:00+00,3/29/2013 8:05:00 PM,Mid-Block (not related to intersection),11,"MOTOR VEHICLE STRUCK MOTOR VEHICLE, FRONT END AT ANGLE",,N,Clear,Dry,Dark - Street Lights On,,,,10,Entering at angle,0,0,N
1,-122.3762222,47.66121143,557,16900,16900,3573501,Matched,Block,,BALLARD BR BETWEEN POINT B AND BALLARD BR OFF RP, ,,1,Property Damage Only Collision,Sideswipe,2,0,0,2,2013/04/13 00:00:00+00,4/13/2013 6:27:00 PM,Mid-Block (not related to intersection),11,"MOTOR VEHICLE STRUCK MOTOR VEHICLE, FRONT END AT ANGLE",,N,Raining,Wet,Daylight,,,Y,26,From opposite direction - both going straight - sideswipe,0,0,N