SEVERITYCODE,X,Y,OBJECTID,INCKEY,COLDETKEY,REPORTNO,STATUS,ADDRTYPE,INTKEY,LOCATION,EXCEPTRSNCODE,EXCEPTRSNDESC,SEVERITYCODE,SEVERITYDESC,COLLISIONTYPE,PERSONCOUNT,PEDCOUNT,PEDCYLCOUNT,VEHCOUNT,INCDATE,INCDTTM,JUNCTIONTYPE,SDOT_COLCODE,SDOT_COLDESC,INATTENTIONIND,UNDERINFL,WEATHER,ROADCOND,LIGHTCOND,PEDROWNOTGRNT,SDOTCOLNUM,SPEEDING,ST_COLCODE,ST_COLDESC,SEGLANEKEY,CROSSWALKKEY,HITPARKEDCAR
1,-122.3800919,47.56287257,558,320937,322437,3746073,Matched,Intersection,31909,38TH AVE SW AND SW OREGON ST, ,,1,Property Damage Only Collision,Angles,2,0,0,2,2019/06/29 00:00:00+00,6/29/2019 1:30:00 PM,At Intersection (intersection related),11,"MOTOR VEHICLE STRUCK MOTOR VEHICLE, FRONT END AT ANGLE",,N,Clear,Dry,Daylight,,,,10,Entering at angle,0,0,N
2,-122.3707568,47.66980105,559,84600,84600,2803068,Matched,Block,,11TH AVE NW BETWEEN NW 56TH ST AND NW 57TH ST,,,2,Injury Collision,Parked Car,4,0,0,4,2008/07/22 00:00:00+00,7/22/2008 8:30:00 PM,Mid-Block (not related to intersection),15,"MOTOR VEHICLE STRUCK MOTOR VEHICLE, RIGHT SIDE SIDESWIPE",Y,0,Clear,Dry,Daylight,,8204004,,32,One parked--one moving,0,0,N
2,-122.3236412,47.6060184,560,320820,322320,E918575,Matched,Intersection,29815,JAMES ST AND TERRY AVE, ,,2,Injury Collision,Angles,2,0,0,2,2019/05/09 00:00:00+00,05-09-2019 09:31,At Intersection (intersection related),11,"MOTOR VEHICLE STRUCK MOTOR VEHICLE, FRONT END AT ANGLE",,N,Clear,Dry,Daylight,,,,10,Entering at angle,0,0,N
1,-122.3119557,47.67704729,561,65300,65300,2400624,Matched,Block,,15TH AVE NE BETWEEN NE 66TH ST AND NE 68TH S ST,,,1,Property Damage Only Collision,Rear Ended,3,0,0,2,2007/03/16 00:00:00+00,3/16/2007 3:01:00 PM,Mid-Block (but intersection related),14,"MOTOR VEHICLE STRUCK MOTOR VEHICLE, REAR END",,0,Clear,Dry,Daylight,,7075010,,14,From same direction - both going straight - one stopped - rear-end,0,0,N
1,-122.3837324,47.54844713,562,1102,1102,3380690,Matched,Block,,SW RAYMOND ST BETWEEN FAUNTLEROY WAY SW AND 41ST AVE SW, ,,1,Property Damage Only Collision,Parked Car,2,0,0,2,2013/03/28 00:00:00+00,3/28/2013 8:51:00 PM,Mid-Block (not related to intersection),11,"MOTOR VEHICLE STRUCK MOTOR VEHICLE, FRONT END AT ANGLE",,N,Clear,Dry,Dark - Street Lights On,,,,32,One parked--one moving,0,0,N
2,-122.3127715,47.61449899,563,61100,61100,1796135,Matched,Intersection,30136,15TH AVE AND E MADISON ST,,,2,Injury Collision,Rear Ended,4,0,0,2,2006/03/14 00:00:00+00,3/14/2006 6:50:00 PM,At Intersection (intersection related),14,"MOTOR VEHICLE STRUCK MOTOR VEHICLE, REAR END",,0,Clear,Dry,Dusk,,6073026,,14,From same direction - both going straight - one stopped - rear-end,0,0,N
1,-122.3375443,47.60612176,564,52400,52400,2606656,Matched,Intersection,29611,1ST AVE AND SENECA ST,,,1,Property Damage Only Collision,Angles,2,0,0,2,2006/10/19 00:00:00+00,10/19/2006 8:35:00 AM,At Intersection (intersection related),11,"MOTOR VEHICLE STRUCK MOTOR VEHICLE, FRONT END AT ANGLE",,0,Raining,Wet,Dawn,,6292048,,10,Entering at angle,0,0,N
1,-122.3197535,47.60764512,566,1392,1392,3605934,Matched,Block,,E JAMES WAY BETWEEN BROADWAY AND E CHERRY ST, ,,1,Property Damage Only Collision,Rear Ended,4,0,0,2,2013/04/03 00:00:00+00,04-03-2013 15:57,Mid-Block (not related to intersection),14,"MOTOR VEHICLE STRUCK MOTOR VEHICLE, REAR END",Y,N,Clear,Dry,Daylight,,,,14,From same direction - both going straight - one stopped - rear-end,0,0,N
1,-122.267268,47.53746089,567,69900,69900,2828141,Matched,Block,,SEWARD PARK AVE S BETWEEN S ORCHARD ST AND S OTHELLO ST,,,1,Property Damage Only Collision,Other,1,0,0,1,2007/10/14 00:00:00+00,10/14/2007 10:59:00 PM,Mid-Block (but intersection related),28,MOTOR VEHICLE RAN OFF ROAD - HIT FIXED OBJECT,Y,0,Unknown,Dry,Dark - Street Lights On,,7287018,,50,Fixed object,0,0,N
1,-122.3036349,47.61931523,568,35500,35500,1797984,Matched,Block,,22ND AVE E BETWEEN E MADISON ST AND E JOHN ST,,,1,Property Damage Only Collision,Parked Car,2,0,0,2,2005/03/04 00:00:00+00,03-04-2005,Mid-Block (not related to intersection),16,"MOTOR VEHICLE STRUCK MOTOR VEHICLE, LEFT SIDE SIDESWIPE",,0,Unknown,Unknown,Unknown,,5063024,,32,One parked--one moving,0,0,N
1,-122.3011181,47.62667906,569,320914,322414,E925377,Matched,Intersection,29226,24TH AVE E AND E ALOHA ST, ,,1,Property Damage Only Collision,Angles,4,0,0,2,2019/04/25 00:00:00+00,4/25/2019 1:12:00 PM,At Intersection (intersection related),11,"MOTOR VEHICLE STRUCK MOTOR VEHICLE, FRONT END AT ANGLE",,N,Clear,Dry,Daylight,,,,10,Entering at angle,0,0,N
2,-122.3313137,47.70864592,570,330919,332419,3854609,Matched,Intersection,36585,CORLISS AVE N AND N NORTHGATE WAY, ,,2,Injury Collision,Angles,3,0,0,2,2020/04/20 00:00:00+00,4/20/2020 8:25:00 AM,At Intersection (intersection related),11,"MOTOR VEHICLE STRUCK MOTOR VEHICLE, FRONT END AT ANGLE",,N,Clear,Dry,Daylight,,,,10,Entering at angle,0,0,N
1,-122.3363155,47.65124022,571,64400,64400,2611290,Matched,Block,,WALLINGFORD AVE N BETWEEN N 36TH ST AND N 37TH ST,,,1,Property Damage Only Collision,Parked Car,2,0,0,2,2007/04/08 00:00:00+00,04-08-2007,Mid-Block (not related to intersection),11,"MOTOR VEHICLE STRUCK MOTOR VEHICLE, FRONT END AT ANGLE",,0,Unknown,Unknown,Dark - Street Lights On,,7098008,,32,One parked--one moving,0,0,N
2,-122.3482796,47.61441995,573,22600,22600,1482540,Matched,Block,,1ST AVE BETWEEN BATTERY ST AND WALL ST,,,2,Injury Collision,Cycles,2,0,1,1,2004/07/02 00:00:00+00,07-02-2004,Mid-Block (not related to intersection),55,PEDALCYCLIST STRUCK MOTOR VEHICLE RIGHT SIDE SIDESWIPE,,0,Clear,Dry,Daylight,,4184005,,45,Vehicle - Pedalcyclist,0,0,N
1,-122.3217522,47.67986147,574,57600,57600,2610414,Matched,Block,,6TH AVE NE BETWEEN NE 70TH S ST AND NE 70TH N ST,,,1,Property Damage Only Collision,Parked Car,2,0,0,2,2006/12/23 00:00:00+00,12/23/2006 4:18:00 PM,Mid-Block (but intersection related),15,"MOTOR VEHICLE STRUCK MOTOR VEHICLE, RIGHT SIDE SIDESWIPE",Y,0,Other,Dry,Daylight,,6357017,,32,One parked--one moving,0,0,N
1,-122.386804,47.56021698,577,320924,322424,3587804,Matched,Block,,CALIFORNIA AVE SW BETWEEN SW ALASKA ST AND ERSKINE WAY SW, ,,1,Property Damage Only Collision,Angles,4,0,0,3,2019/07/05 00:00:00+00,07-05-2019 13:06,Mid-Block (not related to intersection),11,"MOTOR VEHICLE STRUCK MOTOR VEHICLE, FRONT END AT ANGLE",,N,Clear,Dry,Daylight,,,,10,Entering at angle,0,0,N
1,-122.357349,47.70412128,578,37700,37700,C655193,Matched,Block,,HOLMAN RD N BETWEEN NW 103RD ST AND N 104TH ST,,,1,Property Damage Only Collision,Other,2,0,0,2,2005/08/25 00:00:00+00,8/25/2005 11:35:00 AM,Driveway Junction,11,"MOTOR VEHICLE STRUCK MOTOR VEHICLE, FRONT END AT ANGLE",,0,Clear,Dry,Daylight,,5237048,,22,One car leaving driveway access,0,0,N
1,-122.3629755,47.55282114,579,23600,23600,1217334,Matched,Block,,DELRIDGE WAY SW BETWEEN SW BRANDON ST AND SW FINDLAY ST,,,1,Property Damage Only Collision,Parked Car,3,0,0,2,2004/11/24 00:00:00+00,11/24/2004 3:30:00 PM,Mid-Block (not related to intersection),11,"MOTOR VEHICLE STRUCK MOTOR VEHICLE, FRONT END AT ANGLE",,0,Raining,Wet,Dusk,,4329023,,20,One car leaving parked position,0,0,N
1,-122.4139355,47.57817678,580,57200,57200,2625437,Matched,Block,,ALKI AVE SW BETWEEN 63RD AVE SW AND 64TH AVE SW,,,1,Property Damage Only Collision,Parked Car,2,0,0,2,2006/11/12 00:00:00+00,11-12-2006 00:27,Mid-Block (not related to intersection),11,"MOTOR VEHICLE STRUCK MOTOR VEHICLE, FRONT END AT ANGLE",,0,Raining,Wet,Dark - Street Lights On,,6316020,,32,One parked--one moving,0,0,N
2,-122.3445219,47.69056259,581,34200,34200,871680,Matched,Intersection,37367,AURORA AVE N AND N 85TH ST,,,2,Injury Collision,Other,0,0,0,1,2005/10/22 00:00:00+00,10/22/2005 4:41:00 PM,At Intersection (intersection related),29,MOTOR VEHICLE OVERTURNED IN ROAD,,0,Clear,Dry,Daylight,,5295012,,52,Vehicle overturned,0,0,N
2,-122.3260141,47.71087943,582,320861,322361,E937550,Matched,Block,,3RD AVE NE BETWEEN NE 112TH ST AND DEAD END 4, ,,2,Injury Collision,Other,2,0,0,1,2019/07/07 00:00:00+00,07-07-2019 17:39,Mid-Block (not related to intersection),26,MOTOR VEHICLE STRUCK OBJECT IN ROAD,,N,Overcast,Dry,Daylight,,,,50,Fixed object,0,0,N
1,-122.3130286,47.67021294,583,1194,1194,3501624,Matched,Block,,UNIVERSITY WAY NE BETWEEN NE 56TH ST AND NE RAVENNA EB BV, ,,1,Property Damage Only Collision,Parked Car,3,0,0,2,2013/03/31 00:00:00+00,3/31/2013 1:01:00 AM,Mid-Block (not related to intersection),16,"MOTOR VEHICLE STRUCK MOTOR VEHICLE, LEFT SIDE SIDESWIPE",,Y,Overcast,Dry,Dark - Street Lights On,,,,32,One parked--one moving,0,0,N
1,-122.3060919,47.61788083,584,330835,332335,EA29776,Unmatched,Block,,20TH AVE BETWEEN E MADISON ST AND E DENNY WAY, ,,1,Property Damage Only Collision,,2,0,0,0,2020/04/20 00:00:00+00,4/20/2020,Mid-Block (not related to intersection),11,"MOTOR VEHICLE STRUCK MOTOR VEHICLE, FRONT END AT ANGLE",,,,,,,,, ,,0,0,N
1,-122.3168635,47.61584669,585,44700,44700,1744839,Matched,Block,,12TH AVE BETWEEN E PINE ST AND E OLIVE ST,,,1,Property Damage Only Collision,Parked Car,2,0,0,2,2005/03/24 00:00:00+00,3/24/2005 11:20:00 AM,Driveway Junction,14,"MOTOR VEHICLE STRUCK MOTOR VEHICLE, REAR END",,0,Clear,Dry,Daylight,,5083013,,32,One parked--one moving,0,0,N
2,-122.3731285,47.68324646,588,1100,1100,3507854,Matched,Block,,NW 75TH ST BETWEEN 13TH AVE NW AND 14TH E AVE NW, ,,2,Injury Collision,Parked Car,7,0,0,3,2013/03/28 00:00:00+00,3/28/2013 3:18:00 PM,Mid-Block (not related to intersection),11,"MOTOR VEHICLE STRUCK MOTOR VEHICLE, FRONT END AT ANGLE",,N,Clear,Dry,Daylight,,,,32,One parked--one moving,0,0,N
1,-122.3629314,47.55635573,589,1289,1289,3547125,Matched,Block,,DELRIDGE WAY SW BETWEEN SW HUDSON ST AND PUGET BLVD SW, ,,1,Property Damage Only Collision,Parked Car,2,0,0,2,2013/03/30 00:00:00+00,3/30/2013 3:53:00 PM,Mid-Block (not related to intersection),11,"MOTOR VEHICLE STRUCK MOTOR VEHICLE, FRONT END AT ANGLE",,N,Clear,Dry,Daylight,,,,32,One parked--one moving,0,0,N
1,-122.2759887,47.54602662,590,330809,332309,EA29628,Matched,Intersection,33547,RAINIER AVE S AND S GRAHAM ST, ,,1,Property Damage Only Collision,Rear Ended,2,0,0,2,2020/04/17 00:00:00+00,4/17/2020 11:25:00 AM,At Intersection (intersection related),14,"MOTOR VEHICLE STRUCK MOTOR VEHICLE, REAR END",,N,Clear,Dry,Daylight,,,,14,From same direction - both going straight - one stopped - rear-end,0,0,N
1,-122.3787714,47.56306807,591,83100,83100,2896668,Matched,Block,,37TH AVE SW BETWEEN FAUNTLEROY WAY SW AND SW OREGON ST,,,1,Property Damage Only Collision,Rear Ended,2,0,0,2,2008/07/08 00:00:00+00,07-08-2008,Mid-Block (but intersection related),14,"MOTOR VEHICLE STRUCK MOTOR VEHICLE, REAR END",Y,0,Clear,Dry,Daylight,,8190012,,14,From same direction - both going straight - one stopped - rear-end,0,0,N
1,-122.3869132,47.55645627,592,65600,65600,2798179,Matched,Intersection,32779,CALIFORNIA AVE SW AND SW DAWSON N ST,,,1,Property Damage Only Collision,Angles,2,0,0,2,2007/04/17 00:00:00+00,4/17/2007 11:19:00 AM,At Intersection (intersection related),11,"MOTOR VEHICLE STRUCK MOTOR VEHICLE, FRONT END AT ANGLE",,0,Clear,Dry,Daylight,,7107009,,10,Entering at angle,0,0,N
2,-122.37678,47.68323792,593,1330,1330,3507641,Matched,Intersection,23895,15TH AVE NW AND NW 75TH ST, ,,2,Injury Collision,Left Turn,3,0,0,2,2013/03/27 00:00:00+00,3/27/2013 4:41:00 PM,At Intersection (intersection related),11,"MOTOR VEHICLE STRUCK MOTOR VEHICLE, FRONT END AT ANGLE",Y,N,Raining,Wet,Daylight,,,,28,From opposite direction - one left turn - one straight,0,0,N
1,-122.3553277,47.67600193,594,230000,230400,3762851,Matched,Intersection,24362,GREENWOOD AVE N AND N 65TH ST, ,,1,Property Damage Only Collision,Angles,4,0,0,2,2016/10/27 00:00:00+00,10/27/2016 9:25:00 PM,At Intersection (intersection related),11,"MOTOR VEHICLE STRUCK MOTOR VEHICLE, FRONT END AT ANGLE",,N,Raining,Wet,Dark - Street Lights On,,,,10,Entering at angle,0,0,N
2,-122.3383948,47.51969942,595,52500,52500,2127679,Matched,Intersection,34976,3RD AVE SW AND OLSON PL SW,,,2,Injury Collision,Left Turn,2,0,0,2,2006/04/08 00:00:00+00,04-08-2006,At Intersection (intersection related),11,"MOTOR VEHICLE STRUCK MOTOR VEHICLE, FRONT END AT ANGLE",,0,Raining,Wet,Daylight,,6098052,,28,From opposite direction - one left turn - one straight,0,0,N
2,-122.3445693,47.6945466,597,1142,1142,3507856,Matched,Block,,AURORA AVE N BETWEEN N 90TH ST AND N 91ST ST, ,,2,Injury Collision,Rear Ended,5,0,0,3,2013/03/29 00:00:00+00,3/29/2013 2:47:00 PM,Mid-Block (not related to intersection),14,"MOTOR VEHICLE STRUCK MOTOR VEHICLE, REAR END",,N,Clear,Dry,Daylight,,,,13,From same direction - both going straight - both moving - rear-end,0,0,N
1,-122.2713028,47.53980164,598,19200,19200,1772921,Matched,Block,,S FRONTENAC ST BETWEEN DEAD END 3 AND RAINIER AVE S,,,1,Property Damage Only Collision,Other,6,0,0,2,2004/07/24 00:00:00+00,7/24/2004 11:55:00 AM,Driveway Junction,11,"MOTOR VEHICLE STRUCK MOTOR VEHICLE, FRONT END AT ANGLE",,0,Clear,Dry,Daylight,,4206004,,22,One car leaving driveway access,0,0,N
1,-122.3055394,47.58807595,599,320941,322441,E926430,Matched,Block,,RAINIER AVE S BETWEEN S MASSACHUSETTS ST AND S STATE ST, ,,1,Property Damage Only Collision,Sideswipe,2,0,0,2,2019/04/27 00:00:00+00,4/27/2019 3:12:00 AM,Mid-Block (not related to intersection),11,"MOTOR VEHICLE STRUCK MOTOR VEHICLE, FRONT END AT ANGLE",,N,Clear,Dry,Dark - Street Lights On,,,,11,From same direction - both going straight - both moving - sideswipe,0,0,N
1,-122.3016158,47.70454438,600,113400,113400,3376504,Matched,Intersection,37612,24TH AVE NE AND LAKE CITY WAY NE,,,1,Property Damage Only Collision,Rear Ended,3,0,0,2,2010/03/16 00:00:00+00,3/16/2010 4:07:00 PM,At Intersection (intersection related),14,"MOTOR VEHICLE STRUCK MOTOR VEHICLE, REAR END",,N,Clear,Dry,Daylight,,10075011,,14,From same direction - both going straight - one stopped - rear-end,0,0,N
2,-122.3046141,47.64639608,601,320916,322416,E925381,Matched,Intersection,28383,MONTLAKE BLVD E AND E SHELBY ST, ,,2,Injury Collision,Pedestrian,2,1,0,1,2019/04/29 00:00:00+00,4/29/2019 5:56:00 PM,At Intersection (intersection related),24,MOTOR VEHCILE STRUCK PEDESTRIAN,,N,Clear,Dry,Daylight,Y,,,2,Vehicle turning left hits pedestrian,0,0,N
2,-122.2808036,47.5261038,602,63900,63900,2615889,Matched,Intersection,35256,42ND AVE S AND S CLOVERDALE ST,,,2,Injury Collision,Angles,8,0,0,2,2006/08/24 00:00:00+00,8/24/2006 12:52:00 PM,At Intersection (intersection related),11,"MOTOR VEHICLE STRUCK MOTOR VEHICLE, FRONT END AT ANGLE",,0,Clear,Dry,Daylight,,6236024,,10,Entering at angle,0,0,N
2,-122.3448961,47.7171731,603,1308,1308,3503142,Matched,Block,,AURORA AVE N BETWEEN N 117TH PL AND N 125TH ST, ,,2,Injury Collision,Sideswipe,2,0,0,2,2013/04/01 00:00:00+00,04-01-2013 10:45,Mid-Block (not related to intersection),11,"MOTOR VEHICLE STRUCK MOTOR VEHICLE, FRONT END AT ANGLE",,N,Overcast,Dry,Daylight,,,,12,From same direction - both going straight - one stopped - sideswipe,0,0,N
1,-122.3127188,47.65534696,604,58300,58300,2185193,Matched,Block,,NE 40TH ST BETWEEN UNIVERSITY WAY NE AND 15TH AVE NE,,,1,Property Damage Only Collision,Angles,3,0,0,2,2006/02/14 00:00:00+00,2/14/2006 1:46:00 PM,Mid-Block (but intersection related),11,"MOTOR VEHICLE STRUCK MOTOR VEHICLE, FRONT END AT ANGLE",,0,Clear,Dry,Daylight,,6045034,Y,10,Entering at angle,0,0,N
2,-122.3232392,47.5470245,605,330973,332473,EA29624,Unmatched,Block,,S MICHIGAN ST BETWEEN 7TH AVE S AND CORSON AVE S, ,,2,Injury Collision,,2,0,0,0,2020/04/14 00:00:00+00,4/14/2020,Mid-Block (not related to intersection),11,"MOTOR VEHICLE STRUCK MOTOR VEHICLE, FRONT END AT ANGLE",,,,,,,,, ,,0,0,N
1,-122.3002473,47.58690464,606,48700,48700,2610984,Matched,Intersection,31416,25TH AVE S AND S GRAND ST,,,1,Property Damage Only Collision,Angles,2,0,0,2,2006/10/31 00:00:00+00,10/31/2006 8:22:00 AM,At Intersection (intersection related),11,"MOTOR VEHICLE STRUCK MOTOR VEHICLE, FRONT END AT ANGLE",,0,Clear,Dry,Daylight,,6304001,,10,Entering at angle,0,0,N
1,-122.2913648,47.71731678,607,36600,36600,C655928,Matched,Intersection,36608,35TH AVE NE AND NE 123RD ST,,,1,Property Damage Only Collision,Angles,2,0,0,2,2005/09/08 00:00:00+00,09-08-2005,At Intersection (intersection related),11,"MOTOR VEHICLE STRUCK MOTOR VEHICLE, FRONT END AT ANGLE",,0,Clear,Dry,Daylight,,5251046,,10,Entering at angle,0,0,N
2,-122.3422834,47.63369315,608,1355,1355,3546508,Matched,Block,,DEXTER AVE N BETWEEN GARFIELD N ST AND HAYES ST, ,,2,Injury Collision,Cycles,2,0,1,1,2013/04/02 00:00:00+00,04-02-2013 08:59,Mid-Block (not related to intersection),18,"MOTOR VEHICLE STRUCK PEDALCYCLIST, FRONT END AT ANGLE",,N,Clear,Dry,Daylight,Y,,,45,Vehicle - Pedalcyclist,12978,0,N
1,-122.2790134,47.52611725,609,112400,112400,3279823,Matched,Intersection,487284,M L KING JR ER WAY S AND S CLOVERDALE ST, ,,1,Property Damage Only Collision,Pedestrian,3,1,0,1,2010/04/23 00:00:00+00,4/23/2010 8:20:00 PM,At Intersection (intersection related),24,MOTOR VEHCILE STRUCK PEDESTRIAN,,Y,Raining,Wet,Dark - Street Lights On,,10113002,,0,Vehicle going straight hits pedestrian,0,523594,N
1,,,610,19800,19800,1060128,Matched,Block,,ALASKAN WY VI NB BETWEEN S ROYAL BROUGHAM WAY ON RP AND SENECA ST OFF RP,,,1,Property Damage Only Collision,Other,1,0,0,1,2004/12/23 00:00:00+00,12/23/2004 12:20:00 AM,Mid-Block (not related to intersection),28,MOTOR VEHICLE RAN OFF ROAD - HIT FIXED OBJECT,,1,Clear,Dry,Dark - Street Lights On,,4358043,,50,Fixed object,0,0,N
2,-122.2696111,47.51684873,611,320892,322392,E921919,Matched,Intersection,35484,RENTON AVE S AND S ROXBURY ST, ,,2,Injury Collision,Angles,2,0,0,2,2019/04/19 00:00:00+00,4/19/2019 6:21:00 PM,At Intersection (intersection related),11,"MOTOR VEHICLE STRUCK MOTOR VEHICLE, FRONT END AT ANGLE",,N,Raining,Wet,Daylight,,,,10,Entering at angle,0,0,N
1,-122.3342135,47.607515,612,330876,332376,3852027,Matched,Intersection,29932,4TH AVE AND SENECA ST, ,,1,Property Damage Only Collision,Left Turn,2,0,0,2,2020/04/17 00:00:00+00,4/17/2020 3:44:00 PM,At Intersection (intersection related),11,"MOTOR VEHICLE STRUCK MOTOR VEHICLE, FRONT END AT ANGLE",,N,Clear,Dry,Daylight,,,,15,From same direction - one left turn - one straight,0,0,N
1,-122.3175918,47.58843651,613,45400,45400,1791522,Matched,Block,,S MASSACHUSETTS ST BETWEEN DEAD END AND 12TH AVE S,,,1,Property Damage Only Collision,Parked Car,2,0,0,2,2005/04/25 00:00:00+00,4/25/2005 6:00:00 AM,Mid-Block (not related to intersection),11,"MOTOR VEHICLE STRUCK MOTOR VEHICLE, FRONT END AT ANGLE",,0,Clear,Dry,Dark - No Street Lights,,5115021,,32,One parked--one moving,0,0,N
1,-122.3539519,47.68983661,614,1058,1058,2906692,Matched,Block,,N 84TH ST BETWEEN GREENWOOD AVE N AND DAYTON AVE N, ,,1,Property Damage Only Collision,Rear Ended,3,0,0,2,2013/03/25 00:00:00+00,3/25/2013 6:46:00 PM,Mid-Block (not related to intersection),14,"MOTOR VEHICLE STRUCK MOTOR VEHICLE, REAR END",,Y,Clear,Dry,Daylight,,,,14,From same direction - both going straight - one stopped - rear-end,0,0,N
2,-122.3596188,47.52286218,616,330935,332435,3856434,Unmatched,Block,,SW HENDERSON ST BETWEEN 20TH AVE SW AND DELRIDGE WAY SW, ,,2,Injury Collision,,2,0,0,0,2020/04/22 00:00:00+00,4/22/2020,Mid-Block (not related to intersection),11,"MOTOR VEHICLE STRUCK MOTOR VEHICLE, FRONT END AT ANGLE",,,,,,,,, ,,0,0,N
1,-122.321392,47.58730868,617,68800,68800,2616601,Matched,Block,,AIRPORT WAY S BETWEEN S MASSACHUSETTS ST AND S HOLGATE N ST,,,1,Property Damage Only Collision,Sideswipe,2,0,0,2,2007/06/20 00:00:00+00,6/20/2007 4:02:00 PM,Mid-Block (not related to intersection),11,"MOTOR VEHICLE STRUCK MOTOR VEHICLE, FRONT END AT ANGLE",,0,Clear,Dry,Daylight,,7171041,,11,From same direction - both going straight - both moving - sideswipe,0,0,N
1,-122.3173637,47.66971449,618,23700,23700,1778645,Matched,Block,,ROOSEVELT WAY NE BETWEEN NE 56TH ST AND NE 57TH ST,,,1,Property Damage Only Collision,Left Turn,3,0,0,2,2004/06/03 00:00:00+00,06-03-2004,Mid-Block (but intersection related),11,"MOTOR VEHICLE STRUCK MOTOR VEHICLE, FRONT END AT ANGLE",,0,Clear,Dry,Daylight,,4155004,,15,From same direction - one left turn - one straight,0,0,N
1,-122.3121933,47.68850816,619,55900,55900,1080120,Matched,Intersection,24386,15TH AVE NE AND NE 82ND ST,,,1,Property Damage Only Collision,Angles,2,0,0,2,2006/01/31 00:00:00+00,1/31/2006 5:55:00 PM,At Intersection (intersection related),11,"MOTOR VEHICLE STRUCK MOTOR VEHICLE, FRONT END AT ANGLE",Y,0,Raining,Wet,Dark - Street Lights On,,6031018,,10,Entering at angle,0,0,N
1,-122.321392,47.58730868,620,82500,82500,3282441,Matched,Block,,AIRPORT WAY S BETWEEN S MASSACHUSETTS ST AND S HOLGATE N ST,,,1,Property Damage Only Collision,Parked Car,2,0,0,2,2008/12/03 00:00:00+00,12-03-2008,Mid-Block (not related to intersection),16,"MOTOR VEHICLE STRUCK MOTOR VEHICLE, LEFT SIDE SIDESWIPE",,0,Overcast,Dry,Daylight,,8338014,,32,One parked--one moving,0,0,N
1,-122.2741064,47.66750031,621,330977,332477,EA30950,Matched,Block,,50TH AVE NE BETWEEN NE 52ND ST AND SAND POINT WAY NE, ,,1,Property Damage Only Collision,Other,1,0,0,1,2020/04/27 00:00:00+00,4/27/2020 5:28:00 AM,Mid-Block (not related to intersection),26,MOTOR VEHICLE STRUCK OBJECT IN ROAD,,N,Clear,Dry,Dawn,,,,50,Fixed object,0,0,N
2,-122.3055394,47.58807595,622,52800,52800,2279740,Matched,Block,,RAINIER AVE S BETWEEN S MASSACHUSETTS ST AND S STATE ST,,,2,Injury Collision,Rear Ended,2,0,0,2,2006/02/11 00:00:00+00,02-11-2006 13:00,Mid-Block (not related to intersection),14,"MOTOR VEHICLE STRUCK MOTOR VEHICLE, REAR END",,0,Clear,Dry,Daylight,,6042040,,14,From same direction - both going straight - one stopped - rear-end,0,0,N
1,-122.3492866,47.66500286,623,26400,26400,1080138,Matched,Block,,N 50 UPPER ST BETWEEN FREMONT AVE N AND LINDEN AVE N,,,1,Property Damage Only Collision,Other,1,0,0,1,2004/09/17 00:00:00+00,9/17/2004 5:14:00 PM,Mid-Block (but intersection related),26,MOTOR VEHICLE STRUCK OBJECT IN ROAD,,0,Overcast,Dry,Daylight,,4261008,,50,Fixed object,0,0,N
2,-122.3427167,47.57125623,624,1373,1373,2793099,Matched,Block,,SPOKANE ST - W SEA B RP BETWEEN S SPOKANE ST AND SPOKANE ST - ALASKAN RP, ,,2,Injury Collision,Rear Ended,3,0,0,3,2013/04/03 00:00:00+00,04-03-2013 16:05,Mid-Block (not related to intersection),14,"MOTOR VEHICLE STRUCK MOTOR VEHICLE, REAR END",,N,Clear,Dry,Daylight,,,,14,From same direction - both going straight - one stopped - rear-end,0,0,N
1,-122.344724,47.70686822,625,83500,83500,2904792,Matched,Intersection,36351,AURORA AVE N AND N 107TH N ST,,,1,Property Damage Only Collision,Angles,2,0,0,2,2008/06/11 00:00:00+00,06-11-2008 18:11,At Intersection (intersection related),11,"MOTOR VEHICLE STRUCK MOTOR VEHICLE, FRONT END AT ANGLE",,0,Overcast,Dry,Daylight,,8163025,,10,Entering at angle,0,0,N
1,-122.314703,47.58242809,627,320921,322421,3581305,Matched,Block,,14TH AVE S BETWEEN S COLLEGE ST AND BEACON AVE S, ,,1,Property Damage Only Collision,Parked Car,2,0,0,2,2019/06/26 00:00:00+00,6/26/2019 2:30:00 PM,Mid-Block (not related to intersection),14,"MOTOR VEHICLE STRUCK MOTOR VEHICLE, REAR END",Y,N,Clear,Dry,Daylight,,,,19,One car entering parked position,0,0,N
2,-122.4001884,47.57908544,628,330920,332420,3856337,Matched,Intersection,30939,SW ADMIRAL WAY AND SW LANDER W ST, ,,2,Injury Collision,Head On,3,0,0,2,2020/04/16 00:00:00+00,4/16/2020 7:27:00 PM,At Intersection (intersection related),11,"MOTOR VEHICLE STRUCK MOTOR VEHICLE, FRONT END AT ANGLE",,N,Clear,Dry,Daylight,,,,24,From opposite direction - both moving - head-on,0,0,N