SEVERITYCODE,X,Y,OBJECTID,INCKEY,COLDETKEY,REPORTNO,STATUS,ADDRTYPE,INTKEY,LOCATION,EXCEPTRSNCODE,EXCEPTRSNDESC,SEVERITYCODE,SEVERITYDESC,COLLISIONTYPE,PERSONCOUNT,PEDCOUNT,PEDCYLCOUNT,VEHCOUNT,INCDATE,INCDTTM,JUNCTIONTYPE,SDOT_COLCODE,SDOT_COLDESC,INATTENTIONIND,UNDERINFL,WEATHER,ROADCOND,LIGHTCOND,PEDROWNOTGRNT,SDOTCOLNUM,SPEEDING,ST_COLCODE,ST_COLDESC,SEGLANEKEY,CROSSWALKKEY,HITPARKEDCAR
1,-122.3614049,47.70206353,629,46200,46200,1791736,Matched,Block,,HOLMAN RD NW BETWEEN 4TH AVE NW AND 3RD AVE NW,,,1,Property Damage Only Collision,Rear Ended,2,0,0,2,2005/04/11 00:00:00+00,04-11-2005 18:31,Mid-Block (not related to intersection),14,"MOTOR VEHICLE STRUCK MOTOR VEHICLE, REAR END",Y,0,Raining,Wet,Dusk,,5101020,,13,From same direction - both going straight - both moving - rear-end,0,0,N
1,-122.3448961,47.7171731,630,1053,1053,3501458,Matched,Block,,AURORA AVE N BETWEEN N 117TH PL AND N 125TH ST, ,,1,Property Damage Only Collision,Left Turn,2,0,0,2,2013/03/26 00:00:00+00,3/26/2013 4:41:00 PM,Driveway Junction,11,"MOTOR VEHICLE STRUCK MOTOR VEHICLE, FRONT END AT ANGLE",Y,N,Clear,Dry,Daylight,,,,28,From opposite direction - one left turn - one straight,0,0,N
2,-122.3169436,47.71944189,631,1296,1296,3501951,Matched,Block,,NE 125TH ST BETWEEN NE 125TH SR W ST AND 11TH AVE NE, ,,2,Injury Collision,Rear Ended,2,0,0,2,2013/03/27 00:00:00+00,3/27/2013 9:26:00 PM,Mid-Block (but intersection related),14,"MOTOR VEHICLE STRUCK MOTOR VEHICLE, REAR END",Y,N,Overcast,Dry,Dark - Street Lights On,,,,14,From same direction - both going straight - one stopped - rear-end,0,0,N
1,-122.347373,47.52464831,632,60100,60100,2018585,Matched,Block,,SW TRENTON ST BETWEEN 9TH AVE SW AND 10TH AVE SW,,,1,Property Damage Only Collision,Parked Car,2,0,0,2,2006/06/22 00:00:00+00,6/22/2006 6:54:00 PM,Mid-Block (not related to intersection),11,"MOTOR VEHICLE STRUCK MOTOR VEHICLE, FRONT END AT ANGLE",,0,Clear,Dry,Daylight,,6173029,,19,One car entering parked position,0,0,N
2,-122.3218772,47.60576977,633,330967,332467,EA30722,Matched,Intersection,29817,BOREN AVE AND JEFFERSON ST, ,,2,Injury Collision,Left Turn,3,0,0,2,2020/04/26 00:00:00+00,4/26/2020 3:20:00 PM,At Intersection (intersection related),11,"MOTOR VEHICLE STRUCK MOTOR VEHICLE, FRONT END AT ANGLE",,N,Overcast,Dry,Daylight,,,,28,From opposite direction - one left turn - one straight,0,0,N
1,-122.3415411,47.61278151,634,49700,49700,C673019,Matched,Block,,3RD AVE BETWEEN VIRGINIA ST AND LENORA ST,,,1,Property Damage Only Collision,Parked Car,2,0,0,2,2006/08/19 00:00:00+00,8/19/2006 8:30:00 PM,Mid-Block (not related to intersection),13,"MOTOR VEHICLE STRUCK MOTOR VEHICLE, LEFT SIDE AT ANGLE",,0,Clear,Dry,Dusk,,6231045,,32,One parked--one moving,0,0,N
2,-122.348589,47.6527275,635,37400,37400,2061208,Matched,Intersection,27018,FREMONT WAY N AND N 38TH ST,,,2,Injury Collision,Rear Ended,2,0,0,2,2005/08/26 00:00:00+00,8/26/2005 7:23:00 AM,At Intersection (intersection related),14,"MOTOR VEHICLE STRUCK MOTOR VEHICLE, REAR END",Y,0,Clear,Dry,Daylight,,5238014,,14,From same direction - both going straight - one stopped - rear-end,0,0,N
1,-122.3006452,47.67396072,636,24800,24800,1476138,Matched,Block,,25TH AVE NE BETWEEN NE 60TH ST AND NE 65TH ST,,,1,Property Damage Only Collision,Rear Ended,4,0,0,2,2004/05/07 00:00:00+00,05-07-2004,Mid-Block (not related to intersection),14,"MOTOR VEHICLE STRUCK MOTOR VEHICLE, REAR END",Y,0,Raining,Wet,Daylight,,4128023,,14,From same direction - both going straight - one stopped - rear-end,0,0,N
1,-122.3228558,47.67979988,637,56700,56700,2608242,Matched,Block,,5TH AVE NE BETWEEN WEEDIN PL NE AND NE 71ST ST,,,1,Property Damage Only Collision,Parked Car,2,0,0,2,2006/11/15 00:00:00+00,11/15/2006 8:30:00 PM,Mid-Block (not related to intersection),13,"MOTOR VEHICLE STRUCK MOTOR VEHICLE, LEFT SIDE AT ANGLE",,0,Raining,Wet,Dark - Street Lights On,,6319054,,32,One parked--one moving,0,0,N
1,-122.3695673,47.5716099,638,320857,322357,E919887,Matched,Block,,SW ADMIRAL NR WAY BETWEEN SW SPOKANE NR ST AND ADMIRAL AVALON RP, ,,1,Property Damage Only Collision,Other,1,0,0,1,2019/05/08 00:00:00+00,05-08-2019 10:26,Mid-Block (not related to intersection),26,MOTOR VEHICLE STRUCK OBJECT IN ROAD,,N,Clear,Dry,Daylight,,,,50,Fixed object,0,0,N
1,-122.3324513,47.60726631,639,1217,1217,3581527,Matched,Intersection,29933,5TH AVE AND SPRING ST, ,,1,Property Damage Only Collision,Angles,5,0,0,2,2013/03/30 00:00:00+00,3/30/2013 1:50:00 PM,At Intersection (intersection related),14,"MOTOR VEHICLE STRUCK MOTOR VEHICLE, REAR END",,N,Clear,Dry,Daylight,,,,10,Entering at angle,0,0,N
1,-122.3267465,47.56760615,640,330836,332336,EA29931,Unmatched,Block,,6TH AVE S BETWEEN S ANDOVER ST AND S DAKOTA ST, ,,1,Property Damage Only Collision,,2,0,0,0,2020/04/16 00:00:00+00,4/16/2020,Mid-Block (not related to intersection),11,"MOTOR VEHICLE STRUCK MOTOR VEHICLE, FRONT END AT ANGLE",,,,,,,,, ,,0,0,Y
1,-122.331429,47.61794165,641,44200,44200,1792972,Matched,Block,,STEWART ST BETWEEN MINOR AVE AND YALE AVE,,,1,Property Damage Only Collision,Cycles,2,0,1,1,2005/08/03 00:00:00+00,08-03-2005,Driveway Junction,51,PEDALCYCLIST STRUCK MOTOR VEHICLE FRONT END AT ANGLE,,0,Clear,Dry,Daylight,,5215009,,45,Vehicle - Pedalcyclist,0,0,N
1,-122.2878823,47.52788512,643,1230,1230,3672355,Matched,Block,,S THISTLE ST BETWEEN BEACON WR S AVE S AND BEACON ER AVE S, ,,1,Property Damage Only Collision,Angles,2,0,0,2,2013/03/30 00:00:00+00,3/30/2013 10:57:00 AM,Mid-Block (not related to intersection),11,"MOTOR VEHICLE STRUCK MOTOR VEHICLE, FRONT END AT ANGLE",,N,Clear,Dry,Daylight,,,,10,Entering at angle,0,0,N
1,-122.3213978,47.57980781,644,1173,1173,3672285,Matched,Intersection,31299,AIRPORT WAY S AND S LANDER N ST, ,,1,Property Damage Only Collision,Pedestrian,3,2,0,1,2013/03/26 00:00:00+00,3/26/2013 9:00:00 AM,At Intersection (intersection related),24,MOTOR VEHCILE STRUCK PEDESTRIAN,,N,Clear,Dry,Daylight,Y,,,2,Vehicle turning left hits pedestrian,0,522160,N
2,-122.2807928,47.53153737,645,1285,1285,3672326,Matched,Intersection,34501,M L KING JR WR WAY S AND S KENYON ST, ,,2,Injury Collision,Other,2,0,0,2,2013/04/01 00:00:00+00,04-01-2013 18:33,At Intersection (intersection related),11,"MOTOR VEHICLE STRUCK MOTOR VEHICLE, FRONT END AT ANGLE",,N,Clear,Dry,Daylight,,,,40,Railway Vehicle Strikes Vehicle,0,0,N
2,-122.2764471,47.67940532,646,330827,332327,3838085,Unmatched,Block,,NE 70TH ST BETWEEN 48TH AVE NE AND 49TH W AVE NE, ,,2,Injury Collision,,1,0,0,0,2020/04/18 00:00:00+00,4/18/2020,Mid-Block (not related to intersection),14,"MOTOR VEHICLE STRUCK MOTOR VEHICLE, REAR END",,,,,,,,, ,,0,0,N
2,-122.3018648,47.71931617,647,111000,111000,3374628,Matched,Intersection,36606,25TH AVE NE AND NE 125TH ST,,,2,Injury Collision,Left Turn,3,0,0,2,2010/07/09 00:00:00+00,07-09-2010 19:07,At Intersection (intersection related),11,"MOTOR VEHICLE STRUCK MOTOR VEHICLE, FRONT END AT ANGLE",,N,Clear,Dry,Daylight,,10190020,,28,From opposite direction - one left turn - one straight,0,0,N
1,-122.3226973,47.71222828,648,66000,66000,2799476,Matched,Block,,NE 115TH ST BETWEEN 5TH AVE NE AND 7TH AVE NE,,,1,Property Damage Only Collision,Parked Car,2,0,0,2,2007/07/10 00:00:00+00,07-10-2007 17:19,Mid-Block (not related to intersection),14,"MOTOR VEHICLE STRUCK MOTOR VEHICLE, REAR END",,0,Clear,Dry,Daylight,,7191029,,32,One parked--one moving,0,0,N
1,-122.3371873,47.60528418,649,1325,1325,3581604,Matched,Block,,SPRING ST BETWEEN POST AVE AND 1ST AVE, ,,1,Property Damage Only Collision,Other,2,0,0,2,2013/04/02 00:00:00+00,04-02-2013 17:33,Mid-Block (not related to intersection),14,"MOTOR VEHICLE STRUCK MOTOR VEHICLE, REAR END",,N,Clear,Dry,Daylight,,,,23,From same direction - all others,0,0,N
1,-122.3024305,47.60391573,651,52100,52100,1796443,Matched,Block,,23RD AVE BETWEEN E SPRUCE ST AND E ALDER ST,,,1,Property Damage Only Collision,Rear Ended,4,0,0,3,2006/05/11 00:00:00+00,05-11-2006 18:23,Mid-Block (but intersection related),14,"MOTOR VEHICLE STRUCK MOTOR VEHICLE, REAR END",,0,Clear,Dry,Daylight,,6131015,,14,From same direction - both going straight - one stopped - rear-end,0,0,N
2,-122.3422384,47.51728497,652,39400,39400,2024652,Matched,Block,,SW ROXBURY ST BETWEEN 5TH AVE SW AND 6TH AVE SW,,,2,Injury Collision,Rear Ended,2,0,0,2,2005/08/08 00:00:00+00,08-08-2005,Mid-Block (not related to intersection),14,"MOTOR VEHICLE STRUCK MOTOR VEHICLE, REAR END",,0,Clear,Dry,Daylight,,5220016,,14,From same direction - both going straight - one stopped - rear-end,0,0,N
1,-122.3309036,47.55865039,653,1108,1108,3467706,Matched,Intersection,33141,3RD AVE S AND DENVER AVE S, ,,1,Property Damage Only Collision,Other,1,0,0,1,2013/03/28 00:00:00+00,3/28/2013 2:55:00 PM,At Intersection (intersection related),28,MOTOR VEHICLE RAN OFF ROAD - HIT FIXED OBJECT,,N,Clear,Dry,Daylight,,,,50,Fixed object,0,0,N
2,-122.2980598,47.63717924,654,18200,18200,1217160,Matched,Block,,LAKE WASHINGTON BLVD E BETWEEN BOYER AVE E AND E FOSTER ISLAND RD,,,2,Injury Collision,Head On,3,0,0,2,2004/08/06 00:00:00+00,08-06-2004,Mid-Block (not related to intersection),11,"MOTOR VEHICLE STRUCK MOTOR VEHICLE, FRONT END AT ANGLE",,0,Raining,Wet,Daylight,,4219023,,30,From opposite direction - all others,0,0,N
1,-122.346264,47.62489261,655,320938,322438,3746496,Matched,Block,,TAYLOR AVE N BETWEEN MERCER ST AND ROY ST, ,,1,Property Damage Only Collision,Rear Ended,4,0,0,3,2019/06/30 00:00:00+00,6/30/2019 9:24:00 AM,Mid-Block (not related to intersection),14,"MOTOR VEHICLE STRUCK MOTOR VEHICLE, REAR END",,N,Clear,Dry,Daylight,,,,13,From same direction - both going straight - both moving - rear-end,0,0,N
1,-122.3378135,47.69320804,656,70800,70800,2625136,Matched,Block,,DENSMORE AVE N BETWEEN N 88TH ST AND N 90TH ST,,,1,Property Damage Only Collision,Other,1,0,0,1,2007/02/20 00:00:00+00,2/20/2007 1:49:00 AM,Driveway Junction,28,MOTOR VEHICLE RAN OFF ROAD - HIT FIXED OBJECT,,1,Raining,Wet,Dark - Street Lights On,,7051009,,50,Fixed object,0,0,N
1,-122.3262281,47.72397334,658,330901,332401,EA30228,Matched,Block,,3RD AVE NE BETWEEN NE 130TH ST AND ROOSEVELT WAY NE, ,,1,Property Damage Only Collision,Sideswipe,2,0,0,2,2020/04/21 00:00:00+00,4/21/2020 12:35:00 PM,Mid-Block (not related to intersection),11,"MOTOR VEHICLE STRUCK MOTOR VEHICLE, FRONT END AT ANGLE",,N,Overcast,Dry,Daylight,,,,11,From same direction - both going straight - both moving - sideswipe,0,0,N
2,-122.3582503,47.7323212,659,63600,63600,2188744,Matched,Intersection,35587,1ST AVE NW AND NW 143RD ST,,,2,Injury Collision,Cycles,2,0,1,1,2006/05/16 00:00:00+00,5/16/2006 6:30:00 AM,At Intersection (intersection related),51,PEDALCYCLIST STRUCK MOTOR VEHICLE FRONT END AT ANGLE,,0,Clear,Dry,Daylight,,6136002,,45,Vehicle - Pedalcyclist,0,0,N
1,-122.3555713,47.73413032,660,1097,1097,3507855,Matched,Intersection,35778,GREENWOOD AVE N AND N 145TH ST, ,,1,Property Damage Only Collision,Left Turn,2,0,0,2,2013/03/28 00:00:00+00,3/28/2013 11:44:00 PM,At Intersection (intersection related),11,"MOTOR VEHICLE STRUCK MOTOR VEHICLE, FRONT END AT ANGLE",,N,Clear,Dry,Dark - Street Lights On,,,,28,From opposite direction - one left turn - one straight,0,0,N
1,-122.3553017,47.69021483,661,59100,59100,2023192,Matched,Block,,GREENWOOD AVE N BETWEEN N 84TH ST AND N 85TH ST,,,1,Property Damage Only Collision,Sideswipe,3,0,0,2,2006/05/23 00:00:00+00,5/23/2006 10:16:00 AM,Mid-Block (but intersection related),11,"MOTOR VEHICLE STRUCK MOTOR VEHICLE, FRONT END AT ANGLE",,0,Raining,Wet,Daylight,,6143019,,11,From same direction - both going straight - both moving - sideswipe,0,0,N
1,-122.3394391,47.56513798,662,330943,332443,3857191,Unmatched,Block,,EAST MARGINAL WAY S BETWEEN S NEVADA ST AND S IDAHO ST, ,,1,Property Damage Only Collision,,4,0,0,0,2020/04/22 00:00:00+00,4/22/2020,Mid-Block (not related to intersection),14,"MOTOR VEHICLE STRUCK MOTOR VEHICLE, REAR END",,,,,,,,, ,,0,0,N
1,-122.3007113,47.6653328,663,49000,49000,C672074,Matched,Block,,25TH AVE NE BETWEEN NE 49TH ST AND NE BLAKELEY ST,,,1,Property Damage Only Collision,Rear Ended,2,0,0,2,2006/08/03 00:00:00+00,08-03-2006,Mid-Block (but intersection related),14,"MOTOR VEHICLE STRUCK MOTOR VEHICLE, REAR END",,0,Clear,Dry,Daylight,,6215037,,14,From same direction - both going straight - one stopped - rear-end,0,0,N
2,-122.2931688,47.53676155,664,36200,36200,1791530,Matched,Intersection,34347,BEACON WR AVE S AND S OTHELLO ST,,,2,Injury Collision,Left Turn,4,0,0,2,2005/03/19 00:00:00+00,3/19/2005 8:19:00 PM,At Intersection (intersection related),11,"MOTOR VEHICLE STRUCK MOTOR VEHICLE, FRONT END AT ANGLE",,0,Overcast,Dry,Dark - Street Lights On,,5078004,,15,From same direction - one left turn - one straight,0,0,N
1,-122.3259519,47.62313595,665,1362,1362,3593860,Matched,Block,,E REPUBLICAN ST BETWEEN BELLEVUE AVE E AND SUMMIT AVE E, ,,1,Property Damage Only Collision,Parked Car,3,0,0,2,2013/04/02 00:00:00+00,04-02-2013 10:21,Mid-Block (not related to intersection),14,"MOTOR VEHICLE STRUCK MOTOR VEHICLE, REAR END",Y,N,Clear,Dry,Daylight,,,,32,One parked--one moving,0,0,N
1,-122.3166363,47.65909487,666,32400,32400,2059186,Matched,Block,,11TH AVE NE BETWEEN NE 42ND ST AND NE 43RD ST,,,1,Property Damage Only Collision,Parked Car,2,0,0,2,2005/12/08 00:00:00+00,12-08-2005,Mid-Block (not related to intersection),12,"MOTOR VEHICLE STRUCK MOTOR VEHICLE, RIGHT SIDE AT ANGLE",,0,Clear,Dry,Daylight,,5342022,,32,One parked--one moving,0,0,N
1,-122.3143264,47.62053919,668,330892,332392,EA30098,Unmatched,Block,,14TH AVE E BETWEEN E JOHN ST AND E THOMAS E ST, ,,1,Property Damage Only Collision,,2,0,0,0,2020/04/15 00:00:00+00,4/15/2020,Driveway Junction,11,"MOTOR VEHICLE STRUCK MOTOR VEHICLE, FRONT END AT ANGLE",,,,,,,,, ,,0,0,N
1,-122.2700596,47.51099185,669,46900,46900,1786092,Matched,Block,,51ST AVE S BETWEEN S GAZELLE ST AND S RYAN WAY,,,1,Property Damage Only Collision,Parked Car,2,0,0,2,2005/05/08 00:00:00+00,05-08-2005,Mid-Block (not related to intersection),13,"MOTOR VEHICLE STRUCK MOTOR VEHICLE, LEFT SIDE AT ANGLE",,0,Overcast,Dry,Daylight,,5128015,,32,One parked--one moving,0,0,N
1,-122.3268124,47.61465177,670,1042,1042,3553986,Matched,Block,,BELLEVUE AVE BETWEEN E PIKE ST AND E PINE ST, ,,1,Property Damage Only Collision,Parked Car,2,0,0,2,2013/03/24 00:00:00+00,3/24/2013 4:30:00 PM,Mid-Block (not related to intersection),13,"MOTOR VEHICLE STRUCK MOTOR VEHICLE, LEFT SIDE AT ANGLE",,N,Clear,Dry,Daylight,,,,32,One parked--one moving,0,0,N
1,-122.3081097,47.61850757,671,23400,23400,1789489,Matched,Block,,E DENNY WAY BETWEEN 18TH AVE AND 19TH AVE,,,1,Property Damage Only Collision,Parked Car,2,0,0,2,2004/01/14 00:00:00+00,1/14/2004 1:13:00 PM,Mid-Block (but intersection related),11,"MOTOR VEHICLE STRUCK MOTOR VEHICLE, FRONT END AT ANGLE",,0,Raining,Wet,Daylight,,4014014,,32,One parked--one moving,0,0,N
1,-122.3736736,47.54922034,673,68900,68900,2798401,Matched,Block,,32ND AVE SW BETWEEN SW JUNEAU ST AND SW RAYMOND ST,,,1,Property Damage Only Collision,Parked Car,2,0,0,2,2007/03/13 00:00:00+00,3/13/2007 2:20:00 PM,Mid-Block (not related to intersection),13,"MOTOR VEHICLE STRUCK MOTOR VEHICLE, LEFT SIDE AT ANGLE",,0,Clear,Dry,Daylight,,7072012,,32,One parked--one moving,0,0,N
1,-122.3367472,47.68630425,674,1351,1351,3501460,Matched,Block,,WALLINGFORD AVE N BETWEEN EAST GREEN LAKE DR N AND N 80TH ST, ,,1,Property Damage Only Collision,Parked Car,2,0,0,2,2013/04/02 00:00:00+00,04-02-2013 12:00,Mid-Block (not related to intersection),11,"MOTOR VEHICLE STRUCK MOTOR VEHICLE, FRONT END AT ANGLE",,N,Overcast,Dry,Daylight,,,,32,One parked--one moving,0,0,N
1,-122.3421814,47.54035298,675,54700,54700,2613440,Matched,Intersection,34082,HIGHLAND PARK WAY SW AND WEST MARGINAL WAY SW,,,1,Property Damage Only Collision,Angles,4,0,0,2,2006/10/18 00:00:00+00,10/18/2006 11:24:00 AM,At Intersection (intersection related),11,"MOTOR VEHICLE STRUCK MOTOR VEHICLE, FRONT END AT ANGLE",,0,Raining,Wet,Daylight,,6291056,,10,Entering at angle,0,0,N
1,-122.3131081,47.70853181,676,1332,1332,3198822,Matched,Block,,NE NORTHGATE WAY BETWEEN 14TH AVE NE AND 15TH AVE NE, ,,1,Property Damage Only Collision,Sideswipe,2,0,0,2,2013/04/02 00:00:00+00,04-02-2013 19:45,Mid-Block (not related to intersection),14,"MOTOR VEHICLE STRUCK MOTOR VEHICLE, REAR END",,N,Clear,Dry,Dusk,,,,12,From same direction - both going straight - one stopped - sideswipe,0,0,N
1,-122.3384241,47.60378134,678,41700,41700,1785524,Matched,Intersection,29631,ALASKAN WAY AND MADISON ST,,,1,Property Damage Only Collision,Angles,3,0,0,2,2005/06/10 00:00:00+00,06-10-2005 14:10,At Intersection (intersection related),11,"MOTOR VEHICLE STRUCK MOTOR VEHICLE, FRONT END AT ANGLE",,0,Overcast,Dry,Daylight,,5161034,,10,Entering at angle,0,0,N
1,-122.3259678,47.70910524,680,1136,1136,3551620,Matched,Block,,3RD AVE NE BETWEEN NE NORTHGATE WAY AND NE 112TH ST, ,,1,Property Damage Only Collision,Right Turn,2,0,0,2,2013/03/26 00:00:00+00,3/26/2013 6:04:00 PM,Mid-Block (but intersection related),11,"MOTOR VEHICLE STRUCK MOTOR VEHICLE, FRONT END AT ANGLE",,N,Overcast,Dry,Daylight,,,,16,From same direction - one right turn - one straight,0,0,N
1,-122.3082797,47.54717122,681,1283,1283,3672047,Matched,Block,,SWIFT AVE S BETWEEN 19TH ER AVE S AND S GRAHAM ST, ,,1,Property Damage Only Collision,Rear Ended,3,0,0,2,2013/04/01 00:00:00+00,04-01-2013 12:52,Mid-Block (not related to intersection),14,"MOTOR VEHICLE STRUCK MOTOR VEHICLE, REAR END",,N,Overcast,Dry,Daylight,,,,14,From same direction - both going straight - one stopped - rear-end,0,0,N
1,-122.2904533,47.68214015,683,112900,112900,3284786,Matched,Block,,35TH AVE NE BETWEEN NE 73RD ST AND NE 75TH ST,,,1,Property Damage Only Collision,Parked Car,2,0,0,2,2010/05/07 00:00:00+00,05-07-2010 11:51,Driveway Junction,14,"MOTOR VEHICLE STRUCK MOTOR VEHICLE, REAR END",,N,Clear,Dry,Daylight,,10127045,,32,One parked--one moving,0,0,N
1,-122.317228,47.59833759,684,64900,64900,2623613,Matched,Intersection,30430,12TH AVE S AND S KING ST,,,1,Property Damage Only Collision,Angles,2,0,0,2,2007/10/23 00:00:00+00,10/23/2007 12:23:00 PM,At Intersection (intersection related),11,"MOTOR VEHICLE STRUCK MOTOR VEHICLE, FRONT END AT ANGLE",,0,Clear,Dry,Daylight,,7296019,,10,Entering at angle,0,0,N
2,-122.3291934,47.6259987,685,1299,1299,3643726,Matched,Block,,EASTLAKE AVE E BETWEEN LAKEVIEW BLVD E AND ALOHA ST, ,,2,Injury Collision,Sideswipe,2,0,0,2,2013/03/30 00:00:00+00,3/30/2013 1:05:00 PM,Mid-Block (not related to intersection),16,"MOTOR VEHICLE STRUCK MOTOR VEHICLE, LEFT SIDE SIDESWIPE",,N,Clear,Dry,Daylight,,,,11,From same direction - both going straight - both moving - sideswipe,0,0,N
2,-122.3296785,47.59919793,686,41400,41400,2190495,Matched,Intersection,30508,2ND AV ET S AND S JACKSON ST,,,2,Injury Collision,Pedestrian,3,1,0,1,2005/11/25 00:00:00+00,11/25/2005 6:59:00 PM,At Intersection (intersection related),24,MOTOR VEHCILE STRUCK PEDESTRIAN,,0,Raining,Wet,Dark - Street Lights On,,5329006,,0,Vehicle going straight hits pedestrian,0,0,N
2,-122.3393929,47.56892782,687,28400,28400,1775324,Matched,Block,,DUWAMISH AVE S BETWEEN EAST MARGINAL SB WAY S AND EAST MARGINAL NB WAY S,,,2,Injury Collision,Other,1,0,0,1,2004/09/18 00:00:00+00,9/18/2004 5:48:00 PM,Mid-Block (not related to intersection),28,MOTOR VEHICLE RAN OFF ROAD - HIT FIXED OBJECT,,0,Overcast,Wet,Daylight,,4262007,,50,Fixed object,0,0,N
2,-122.3253062,47.60532163,688,1341,1341,3582036,Matched,Block,,JAMES ST BETWEEN 8TH AVE AND 9TH AVE, ,,2,Injury Collision,Rear Ended,4,0,0,3,2013/03/28 00:00:00+00,3/28/2013 10:33:00 PM,Mid-Block (but intersection related),14,"MOTOR VEHICLE STRUCK MOTOR VEHICLE, REAR END",,N,Clear,Dry,Dark - Street Lights On,,,,14,From same direction - both going straight - one stopped - rear-end,0,0,N
1,-122.2735399,47.5233101,689,140000,140000,3608513,Matched,Block,,S HENDERSON ST BETWEEN 46TH AVE S AND 48TH AVE S,,,1,Property Damage Only Collision,Parked Car,2,0,0,2,2012/04/07 00:00:00+00,04-07-2012 14:31,Mid-Block (not related to intersection),11,"MOTOR VEHICLE STRUCK MOTOR VEHICLE, FRONT END AT ANGLE",,N,Clear,Dry,Daylight,,12098023,,32,One parked--one moving,0,0,N
1,-122.3767854,47.698985,690,42600,42600,2022399,Matched,Intersection,37221,15TH AVE NW AND NW 96TH ST,,,1,Property Damage Only Collision,Other,1,0,0,1,2005/07/14 00:00:00+00,7/14/2005 2:00:00 AM,At Intersection (intersection related),28,MOTOR VEHICLE RAN OFF ROAD - HIT FIXED OBJECT,,0,Overcast,Dry,Dark - Street Lights On,,5195021,,50,Fixed object,0,0,N
1,-122.337678,47.66322369,691,29900,29900,1781904,Matched,Block,,DENSMORE AVE N BETWEEN N 47TH ST AND N 48TH ST,,,1,Property Damage Only Collision,Parked Car,2,0,0,2,2004/06/08 00:00:00+00,06-08-2004,Mid-Block (not related to intersection),13,"MOTOR VEHICLE STRUCK MOTOR VEHICLE, LEFT SIDE AT ANGLE",,0,Unknown,Unknown,Daylight,,4160041,,32,One parked--one moving,0,0,N
2,-122.3167818,47.60218827,692,1233,1233,3593840,Matched,Block,,12TH AVE BETWEEN E YESLER WAY AND E FIR ST, ,,2,Injury Collision,Rear Ended,6,0,0,2,2013/03/31 00:00:00+00,3/31/2013 1:04:00 PM,Mid-Block (not related to intersection),14,"MOTOR VEHICLE STRUCK MOTOR VEHICLE, REAR END",,N,Clear,Dry,Daylight,,,,14,From same direction - both going straight - one stopped - rear-end,0,0,N
1,-122.3518438,47.65164866,693,50000,50000,2184811,Matched,Block,,N 36TH ST BETWEEN DAYTON AVE N AND FREMONT PL N,,,1,Property Damage Only Collision,Parked Car,3,0,0,2,2006/02/21 00:00:00+00,2/21/2006 12:13:00 AM,Mid-Block (not related to intersection),11,"MOTOR VEHICLE STRUCK MOTOR VEHICLE, FRONT END AT ANGLE",,0,Clear,Dry,Dark - Street Lights On,,6052020,,19,One car entering parked position,0,0,N
1,-122.391931,47.58028519,694,1270,1270,3380607,Matched,Block,,47TH AVE SW BETWEEN SW ADMIRAL WAY AND SW LANDER ST, ,,1,Property Damage Only Collision,Parked Car,3,0,0,2,2013/04/01 00:00:00+00,04-01-2013 14:49,Mid-Block (not related to intersection),11,"MOTOR VEHICLE STRUCK MOTOR VEHICLE, FRONT END AT ANGLE",,N,Clear,Dry,Daylight,,,,32,One parked--one moving,0,0,N
1,-122.3405249,47.6335923,695,320854,322354,3547729,Matched,Block,,WESTLAKE AVE N BETWEEN 8TH N AVE N AND BLAINE ST, ,,1,Property Damage Only Collision,Other,5,0,0,2,2019/07/08 00:00:00+00,07-08-2019 22:15,Mid-Block (not related to intersection),14,"MOTOR VEHICLE STRUCK MOTOR VEHICLE, REAR END",,N,Clear,Dry,Dark - Street Lights On,,,,23,From same direction - all others,0,0,N
1,-122.3178713,47.70978936,696,113000,113000,3276897,Matched,Intersection,36498,PINEHURST WAY NE AND ROOSEVELT S WAY NE,,,1,Property Damage Only Collision,Left Turn,2,0,0,2,2010/12/27 00:00:00+00,12/27/2010 7:36:00 PM,At Intersection (intersection related),11,"MOTOR VEHICLE STRUCK MOTOR VEHICLE, FRONT END AT ANGLE",,N,Raining,Wet,Dark - Street Lights On,,10361043,,28,From opposite direction - one left turn - one straight,0,0,N
2,-122.2848217,47.52357286,697,330818,332318,EA29627,Unmatched,Block,,38TH AVE S BETWEEN S TRENTON ST AND BEACON ER N AVE S, ,,2,Injury Collision,,2,0,0,0,2020/04/17 00:00:00+00,4/17/2020,Mid-Block (not related to intersection),11,"MOTOR VEHICLE STRUCK MOTOR VEHICLE, FRONT END AT ANGLE",,,,,,,,, ,,0,0,N