SEVERITYCODE,X,Y,OBJECTID,INCKEY,COLDETKEY,REPORTNO,STATUS,ADDRTYPE,INTKEY,LOCATION,EXCEPTRSNCODE,EXCEPTRSNDESC,SEVERITYCODE,SEVERITYDESC,COLLISIONTYPE,PERSONCOUNT,PEDCOUNT,PEDCYLCOUNT,VEHCOUNT,INCDATE,INCDTTM,JUNCTIONTYPE,SDOT_COLCODE,SDOT_COLDESC,INATTENTIONIND,UNDERINFL,WEATHER,ROADCOND,LIGHTCOND,PEDROWNOTGRNT,SDOTCOLNUM,SPEEDING,ST_COLCODE,ST_COLDESC,SEGLANEKEY,CROSSWALKKEY,HITPARKEDCAR
1,-122.3219204,47.70858579,698,53300,53300,2603572,Matched,Block,,NE NORTHGATE WAY BETWEEN 5TH AVE NE AND 8TH AVE NE,,,1,Property Damage Only Collision,Other,2,0,0,2,2006/12/12 00:00:00+00,12-12-2006 14:42,Driveway Junction,11,"MOTOR VEHICLE STRUCK MOTOR VEHICLE, FRONT END AT ANGLE",,0,Clear,Wet,Daylight,,6346018,,21,One car entering driveway access,0,0,N
1,-122.329974,47.70863743,699,1313,1313,3501630,Matched,Block,,N NORTHGATE WAY BETWEEN CORLISS AVE N AND 1ST AVE NE, ,,1,Property Damage Only Collision,Rear Ended,2,0,0,2,2013/03/28 00:00:00+00,3/28/2013 11:11:00 AM,Mid-Block (not related to intersection),14,"MOTOR VEHICLE STRUCK MOTOR VEHICLE, REAR END",Y,N,Clear,Dry,Daylight,,,,14,From same direction - both going straight - one stopped - rear-end,0,0,N
2,-122.3766999,47.52286109,700,41200,41200,1197677,Matched,Intersection,34729,35TH AVE SW AND SW HENDERSON ST,,,2,Injury Collision,Pedestrian,2,1,0,1,2005/02/18 00:00:00+00,2/18/2005 4:02:00 PM,At Intersection (intersection related),24,MOTOR VEHCILE STRUCK PEDESTRIAN,,0,Clear,Dry,Daylight,Y,5049004,,2,Vehicle turning left hits pedestrian,0,0,N
1,-122.3224615,47.61144442,701,27500,27500,C647798,Matched,Intersection,29771,BOYLSTON AVE AND SPRING ST,,,1,Property Damage Only Collision,Angles,2,0,0,2,2004/12/07 00:00:00+00,12-07-2004,At Intersection (intersection related),11,"MOTOR VEHICLE STRUCK MOTOR VEHICLE, FRONT END AT ANGLE",,0,Raining,Wet,Dusk,,4342065,,10,Entering at angle,0,0,N
2,-122.3376201,47.67218409,702,1140,1140,3503364,Matched,Intersection,25482,KENWOOD PL N AND EAST GREEN LAKE WAY N, ,,2,Injury Collision,Rear Ended,4,0,0,3,2013/03/29 00:00:00+00,3/29/2013 4:20:00 PM,At Intersection (intersection related),14,"MOTOR VEHICLE STRUCK MOTOR VEHICLE, REAR END",Y,N,Clear,Dry,Daylight,,,,14,From same direction - both going straight - one stopped - rear-end,0,0,N
2,-122.3377875,47.60306058,704,83800,83800,2906675,Matched,Intersection,30379,ALASKAN WAY AND MARION ST,,,2,Injury Collision,Left Turn,3,0,0,2,2008/06/21 00:00:00+00,6/21/2008 7:51:00 PM,At Intersection (intersection related),11,"MOTOR VEHICLE STRUCK MOTOR VEHICLE, FRONT END AT ANGLE",,0,Clear,Dry,Daylight,,8173015,,15,From same direction - one left turn - one straight,0,0,N
1,-122.3604846,47.52399655,708,1022,1022,3380686,Matched,Block,,DELRIDGE WAY SW BETWEEN SW TRENTON ST AND 21ST S AVE SW, ,,1,Property Damage Only Collision,Rear Ended,2,0,0,2,2013/03/24 00:00:00+00,3/24/2013 10:09:00 PM,Mid-Block (but intersection related),14,"MOTOR VEHICLE STRUCK MOTOR VEHICLE, REAR END",,N,Clear,Dry,Dark - Street Lights On,,,,14,From same direction - both going straight - one stopped - rear-end,0,0,N
1,-122.3654723,47.56544935,709,59400,59400,2404826,Matched,Intersection,32062,26TH AVE SW AND SW NEVADA ST,,,1,Property Damage Only Collision,Other,1,0,0,1,2006/06/24 00:00:00+00,6/24/2006 10:27:00 PM,At Intersection (intersection related),28,MOTOR VEHICLE RAN OFF ROAD - HIT FIXED OBJECT,,0,Clear,Dry,Dark - Street Lights On,,6175005,Y,50,Fixed object,0,0,N
1,-122.2791537,47.5168885,710,330951,332451,EA30701,Unmatched,Intersection,35313,M L KING JR ER WAY S AND MERTON WAY S, ,,1,Property Damage Only Collision,,2,0,0,0,2020/04/24 00:00:00+00,4/24/2020,At Intersection (intersection related),14,"MOTOR VEHICLE STRUCK MOTOR VEHICLE, REAR END",,,,,,,,, ,,0,0,N
1,-122.3235032,47.65582463,711,50400,50400,2624569,Matched,Intersection,27122,5TH AVE NE AND NE 40 UPPER ST,,,1,Property Damage Only Collision,Left Turn,3,0,0,2,2006/10/02 00:00:00+00,10-02-2006,At Intersection (intersection related),11,"MOTOR VEHICLE STRUCK MOTOR VEHICLE, FRONT END AT ANGLE",,0,Clear,Dry,Daylight,,6275008,,28,From opposite direction - one left turn - one straight,0,0,N
2,-122.3473373,47.66075886,712,38600,38600,1796887,Matched,Intersection,27003,AURORA N AVE N AND N PHINNEY WAY,,,2,Injury Collision,Rear Ended,2,0,0,2,2005/04/04 00:00:00+00,04-04-2005,At Intersection (but not related to intersection),14,"MOTOR VEHICLE STRUCK MOTOR VEHICLE, REAR END",,0,Clear,Dry,Daylight,,5094009,,14,From same direction - both going straight - one stopped - rear-end,0,0,N
2,-122.3034157,47.64315946,713,1370,1370,3476556,Matched,Block,,E ROANOKE ST BETWEEN 22ND AVE E AND EAST MONTLAKE PL E, ,,2,Injury Collision,Rear Ended,2,0,0,2,2013/04/02 00:00:00+00,04-02-2013 17:57,Mid-Block (not related to intersection),14,"MOTOR VEHICLE STRUCK MOTOR VEHICLE, REAR END",,N,Clear,Dry,Daylight,,,,14,From same direction - both going straight - one stopped - rear-end,0,0,N
1,-122.3596588,47.63413575,714,32900,32900,1097215,Matched,Block,,2ND AVE W BETWEEN W GARFIELD ST AND W BLAINE ST,,,1,Property Damage Only Collision,Sideswipe,2,0,0,2,2005/02/23 00:00:00+00,2/23/2005 9:12:00 AM,Mid-Block (not related to intersection),16,"MOTOR VEHICLE STRUCK MOTOR VEHICLE, LEFT SIDE SIDESWIPE",,0,Clear,Dry,Daylight,,5054029,,12,From same direction - both going straight - one stopped - sideswipe,0,0,N
1,-122.3280786,47.60416123,715,320881,322381,E920857,Matched,Intersection,29973,6TH AVE AND JAMES ST, ,,1,Property Damage Only Collision,Rear Ended,2,0,0,2,2019/05/08 00:00:00+00,05-08-2019 07:32,At Intersection (but not related to intersection),14,"MOTOR VEHICLE STRUCK MOTOR VEHICLE, REAR END",,N,Clear,Dry,Daylight,,,,14,From same direction - both going straight - one stopped - rear-end,0,0,N
2,-122.3267146,47.66135208,716,1187,1187,3507860,Matched,Block,,NE 45TH ST BETWEEN 2ND AVE NE AND THACKERAY PL NE, ,,2,Injury Collision,Angles,2,0,0,2,2013/03/30 00:00:00+00,3/30/2013 7:40:00 AM,Mid-Block (not related to intersection),11,"MOTOR VEHICLE STRUCK MOTOR VEHICLE, FRONT END AT ANGLE",,N,Clear,Dry,Dawn,,,Y,10,Entering at angle,0,0,N
1,-122.3370661,47.53607235,717,330877,332377,3838228,Unmatched,Block,,2ND AVE SW BETWEEN WEST MARGINAL WAY SW AND 2ND AV SW OFF RP, ,,1,Property Damage Only Collision,,1,0,0,0,2020/04/20 00:00:00+00,4/20/2020,Mid-Block (not related to intersection),26,MOTOR VEHICLE STRUCK OBJECT IN ROAD,,,,,,,,, ,,0,0,N
1,-122.3163082,47.7230616,718,45200,45200,2020379,Matched,Block,,NE 130TH ST BETWEEN DEAD END 2 AND 12TH AVE NE,,,1,Property Damage Only Collision,Other,1,0,0,1,2005/05/27 00:00:00+00,5/27/2005 6:00:00 AM,Mid-Block (not related to intersection),28,MOTOR VEHICLE RAN OFF ROAD - HIT FIXED OBJECT,,0,Clear,Dry,Dark - Street Lights On,,5147014,,50,Fixed object,0,0,N
2,-122.3141466,47.60127027,719,1236,1236,3593843,Matched,Block,,14TH AVE S BETWEEN E YESLER WAY AND S WASHINGTON ST, ,,2,Injury Collision,Left Turn,2,0,0,2,2013/03/31 00:00:00+00,3/31/2013 2:48:00 PM,Driveway Junction,11,"MOTOR VEHICLE STRUCK MOTOR VEHICLE, FRONT END AT ANGLE",,N,Clear,Dry,Daylight,,,,28,From opposite direction - one left turn - one straight,0,0,N
2,-122.343075,47.61603294,720,22900,22900,1475124,Matched,Intersection,29531,5TH AVE AND BELL ST,,,2,Injury Collision,Sideswipe,5,0,0,2,2004/06/12 00:00:00+00,06-12-2004 22:15,At Intersection (intersection related),16,"MOTOR VEHICLE STRUCK MOTOR VEHICLE, LEFT SIDE SIDESWIPE",,0,Raining,Wet,Dark - Street Lights On,,4164023,,11,From same direction - both going straight - both moving - sideswipe,0,0,N
2,-122.3290775,47.57142087,721,330832,332332,EA29750,Matched,Intersection,32342,4TH AVE S AND S SPOKANE SR ST, ,,2,Injury Collision,Left Turn,4,0,0,3,2020/04/13 00:00:00+00,4/13/2020 2:20:00 PM,At Intersection (intersection related),11,"MOTOR VEHICLE STRUCK MOTOR VEHICLE, FRONT END AT ANGLE",,N,Clear,Dry,Daylight,,,,28,From opposite direction - one left turn - one straight,0,0,N
2,-122.3351293,47.60515932,722,69400,69400,2608048,Matched,Intersection,29614,2ND AVE AND MADISON ST,,,2,Injury Collision,Right Turn,11,0,0,2,2007/08/04 00:00:00+00,08-04-2007,At Intersection (intersection related),11,"MOTOR VEHICLE STRUCK MOTOR VEHICLE, FRONT END AT ANGLE",,0,Clear,Dry,Daylight,,7216022,,16,From same direction - one right turn - one straight,0,0,N
1,-122.3500218,47.65977668,723,25900,25900,1796911,Matched,Block,,FREMONT AVE N BETWEEN N 43RD N ST AND N 44TH ST,,,1,Property Damage Only Collision,Parked Car,2,0,0,2,2004/11/22 00:00:00+00,11/22/2004 5:30:00 PM,Mid-Block (not related to intersection),33,DRIVERLESS VEHICLE STRUCK MOTOR VEHICLE LEFT SIDE AT ANGLE,,0,Overcast,Dry,Dark - Street Lights On,,4327013,,32,One parked--one moving,0,0,N
1,-122.3232392,47.5470245,724,57300,57300,2404532,Matched,Block,,S MICHIGAN ST BETWEEN 7TH AVE S AND CORSON AVE S,,,1,Property Damage Only Collision,Other,2,0,0,2,2006/05/31 00:00:00+00,5/31/2006 5:20:00 PM,Driveway Junction,11,"MOTOR VEHICLE STRUCK MOTOR VEHICLE, FRONT END AT ANGLE",,0,Clear,Dry,Daylight,,6151015,,22,One car leaving driveway access,0,0,N
2,-122.3448961,47.7171731,726,1003,1003,3503158,Matched,Block,,AURORA AVE N BETWEEN N 117TH PL AND N 125TH ST, ,,2,Injury Collision,Cycles,2,0,1,1,2013/03/14 00:00:00+00,3/14/2013 5:30:00 PM,Driveway Junction,18,"MOTOR VEHICLE STRUCK PEDALCYCLIST, FRONT END AT ANGLE",,N,Clear,Dry,Daylight,Y,,,45,Vehicle - Pedalcyclist,15057,0,N
1,-122.3200539,47.67542229,727,43300,43300,1199059,Matched,Block,,8TH AVE NE BETWEEN NE 64TH ST AND NE 65TH ST,,,1,Property Damage Only Collision,Rear Ended,2,0,0,2,2005/08/27 00:00:00+00,8/27/2005 10:54:00 AM,Mid-Block (but intersection related),14,"MOTOR VEHICLE STRUCK MOTOR VEHICLE, REAR END",,0,Overcast,Dry,Daylight,,5239011,,14,From same direction - both going straight - one stopped - rear-end,0,0,N
1,-122.3384846,47.61853427,728,29200,29200,1213515,Matched,Intersection,29510,DENNY WAY AND WESTLAKE AVE,,,1,Property Damage Only Collision,Angles,2,0,0,2,2004/05/18 00:00:00+00,5/18/2004 7:40:00 AM,At Intersection (intersection related),11,"MOTOR VEHICLE STRUCK MOTOR VEHICLE, FRONT END AT ANGLE",,0,Clear,Dry,Daylight,,4139028,,10,Entering at angle,0,0,N
1,-122.3796185,47.66867212,729,1152,1152,3613550,Matched,Block,,NW MARKET ST BETWEEN 17TH AVE NW AND BARNES AVE NW, ,,1,Property Damage Only Collision,Parked Car,2,0,0,2,2013/03/26 00:00:00+00,3/26/2013 8:53:00 AM,Mid-Block (not related to intersection),11,"MOTOR VEHICLE STRUCK MOTOR VEHICLE, FRONT END AT ANGLE",Y,N,Clear,Dry,Daylight,,,,32,One parked--one moving,0,0,N
1,-122.3766367,47.52828518,730,1277,1277,3331265,Matched,Intersection,34685,35TH AVE SW AND SW THISTLE ST, ,,1,Property Damage Only Collision,Sideswipe,2,0,0,2,2013/03/27 00:00:00+00,3/27/2013 12:04:00 PM,At Intersection (intersection related),11,"MOTOR VEHICLE STRUCK MOTOR VEHICLE, FRONT END AT ANGLE",,N,Clear,Dry,Daylight,,,,71,Same direction -- both turning right -- both moving -- sideswipe,0,0,N
1,-122.3255099,47.61353316,731,320931,322431,E926394,Matched,Block,,SUMMIT AVE BETWEEN E UNION ST AND E PIKE ST, ,,1,Property Damage Only Collision,Parked Car,2,0,0,2,2019/05/05 00:00:00+00,05-05-2019 17:30,Mid-Block (not related to intersection),14,"MOTOR VEHICLE STRUCK MOTOR VEHICLE, REAR END",,N,Overcast,Dry,Dusk,,,,32,One parked--one moving,0,0,N
2,-122.3404667,47.60931643,732,113100,113100,3373304,Matched,Block,,1ST AVE BETWEEN PIKE ST AND PINE ST,,,2,Injury Collision,Angles,9,0,0,3,2010/10/18 00:00:00+00,10/18/2010 2:38:00 PM,Mid-Block (not related to intersection),11,"MOTOR VEHICLE STRUCK MOTOR VEHICLE, FRONT END AT ANGLE",Y,N,Clear,Dry,Daylight,,10291007,,10,Entering at angle,0,0,N
2,-122.3290568,47.58719993,733,64500,64500,2793287,Matched,Block,,4TH AVE S BETWEEN S MASSACHUSETTS ST AND S HOLGATE ST,,,2,Injury Collision,Other,2,0,0,2,2007/03/14 00:00:00+00,3/14/2007 5:40:00 PM,Driveway Junction,11,"MOTOR VEHICLE STRUCK MOTOR VEHICLE, FRONT END AT ANGLE",,0,Clear,Dry,Dark - Street Lights On,,7073002,,22,One car leaving driveway access,0,0,N
1,-122.2832981,47.53243665,734,1105,1105,3615266,Matched,Block,,39TH AVE S BETWEEN S HOLDEN ST AND S KENYON ST, ,,1,Property Damage Only Collision,Parked Car,2,0,0,2,2013/03/28 00:00:00+00,3/28/2013 8:00:00 PM,Mid-Block (not related to intersection),0,NOT ENOUGH INFORMATION / NOT APPLICABLE,,N,Unknown,Unknown,Unknown,,,,32,One parked--one moving,0,0,N
1,-122.3195393,47.6199172,735,61600,61600,2617309,Matched,Intersection,29053,10TH AVE E AND E JOHN ST,,,1,Property Damage Only Collision,Angles,2,0,0,2,2006/12/27 00:00:00+00,12/27/2006 12:28:00 PM,At Intersection (intersection related),11,"MOTOR VEHICLE STRUCK MOTOR VEHICLE, FRONT END AT ANGLE",Y,0,Overcast,Dry,Daylight,,6361017,,10,Entering at angle,0,0,N
1,-122.3363299,47.60898867,736,39700,39700,2071591,Matched,Block,,UNION ST BETWEEN 3RD AVE AND 4TH AVE,,,1,Property Damage Only Collision,Parked Car,3,0,0,2,2005/12/16 00:00:00+00,12/16/2005 2:13:00 AM,Mid-Block (not related to intersection),14,"MOTOR VEHICLE STRUCK MOTOR VEHICLE, REAR END",,1,Clear,Dry,Dark - Street Lights On,,5350041,,32,One parked--one moving,0,0,N
1,-122.3448961,47.7171731,738,18700,18700,1079621,Matched,Block,,AURORA AVE N BETWEEN N 117TH PL AND N 125TH ST,,,1,Property Damage Only Collision,Other,4,0,0,2,2004/10/04 00:00:00+00,10-04-2004,Driveway Junction,11,"MOTOR VEHICLE STRUCK MOTOR VEHICLE, FRONT END AT ANGLE",,0,Clear,Dry,Daylight,,4278029,,21,One car entering driveway access,0,0,N
1,-122.3026228,47.61649123,739,97300,97300,3199503,Matched,Intersection,29989,23RD AVE AND E OLIVE S ST,,,1,Property Damage Only Collision,Angles,2,0,0,2,2009/08/12 00:00:00+00,08-12-2009 07:04,At Intersection (intersection related),11,"MOTOR VEHICLE STRUCK MOTOR VEHICLE, FRONT END AT ANGLE",,0,Raining,Wet,Daylight,,9224019,,10,Entering at angle,0,0,N
2,,,740,19700,19700,1772779,Matched,Intersection,31489,RAINIER AVE S AND S STEVENS ST,,,2,Injury Collision,Angles,3,0,0,2,2004/05/08 00:00:00+00,05-08-2004,At Intersection (intersection related),11,"MOTOR VEHICLE STRUCK MOTOR VEHICLE, FRONT END AT ANGLE",,0,Overcast,Dry,Daylight,,4129015,,10,Entering at angle,0,0,N
2,-122.3339943,47.5432018,741,320899,322399,E923638,Matched,Intersection,34079,1ST AV S BR NB AND 1ST AV S NB OFF RP, ,,2,Injury Collision,Rear Ended,2,0,0,2,2019/05/15 00:00:00+00,5/15/2019 4:25:00 PM,At Intersection (intersection related),14,"MOTOR VEHICLE STRUCK MOTOR VEHICLE, REAR END",,N,Clear,Dry,Daylight,,,,14,From same direction - both going straight - one stopped - rear-end,0,0,N
1,-122.3017573,47.55006412,742,330924,332424,3857212,Unmatched,Intersection,33269,BEACON WR AVE S AND S JUNEAU ST, ,,1,Property Damage Only Collision,,2,0,0,0,2020/04/25 00:00:00+00,4/25/2020,At Intersection (intersection related),11,"MOTOR VEHICLE STRUCK MOTOR VEHICLE, FRONT END AT ANGLE",,,,,,,,, ,,0,0,N
1,-122.3458631,47.61299081,743,61700,61700,2070735,Matched,Block,,1ST AVE BETWEEN BLANCHARD ST AND BELL ST,,,1,Property Damage Only Collision,Other,6,0,0,3,2006/04/08 00:00:00+00,04-08-2006,Driveway Junction,14,"MOTOR VEHICLE STRUCK MOTOR VEHICLE, REAR END",Y,0,Overcast,Dry,Dark - Street Lights On,,6098036,,22,One car leaving driveway access,0,0,N
1,-122.355992,47.61780244,744,1078,1078,3562730,Matched,Intersection,35490,BAY ST AND WESTERN AVE, ,,1,Property Damage Only Collision,Sideswipe,5,0,0,2,2013/03/25 00:00:00+00,3/25/2013 4:54:00 PM,At Intersection (intersection related),11,"MOTOR VEHICLE STRUCK MOTOR VEHICLE, FRONT END AT ANGLE",Y,N,Clear,Dry,Daylight,,,,11,From same direction - both going straight - both moving - sideswipe,0,0,N
1,-122.3138908,47.65355966,745,60200,60200,2312905,Matched,Block,,NE PACIFIC ST BETWEEN BROOKLYN AVE NE AND UNIVERSITY WAY NE,,,1,Property Damage Only Collision,Rear Ended,2,0,0,2,2006/04/11 00:00:00+00,04-11-2006 16:15,Mid-Block (not related to intersection),14,"MOTOR VEHICLE STRUCK MOTOR VEHICLE, REAR END",,0,Clear,Dry,Daylight,,6101001,,14,From same direction - both going straight - one stopped - rear-end,0,0,N
1,-122.3141674,47.6129174,746,330944,332444,EA30606,Matched,Intersection,29763,14TH AVE AND E UNION ST, ,,1,Property Damage Only Collision,Angles,2,0,0,2,2020/04/22 00:00:00+00,4/22/2020 6:50:00 PM,At Intersection (intersection related),11,"MOTOR VEHICLE STRUCK MOTOR VEHICLE, FRONT END AT ANGLE",,N,Overcast,Dry,Daylight,,,,10,Entering at angle,0,0,N
1,-122.3115748,47.60000588,747,51200,51200,1784498,Matched,Intersection,30740,16TH AVE S AND S MAIN ST,,,1,Property Damage Only Collision,Angles,5,0,0,2,2006/06/01 00:00:00+00,06-01-2006,At Intersection (intersection related),11,"MOTOR VEHICLE STRUCK MOTOR VEHICLE, FRONT END AT ANGLE",,0,Clear,Dry,Daylight,,6152013,,10,Entering at angle,0,0,N
2,-122.3006452,47.67396072,748,37800,37800,2022690,Matched,Block,,25TH AVE NE BETWEEN NE 60TH ST AND NE 65TH ST,,,2,Injury Collision,Rear Ended,3,0,0,2,2005/04/23 00:00:00+00,4/23/2005 1:31:00 PM,Mid-Block (not related to intersection),14,"MOTOR VEHICLE STRUCK MOTOR VEHICLE, REAR END",,0,Clear,Dry,Daylight,,5113036,,14,From same direction - both going straight - one stopped - rear-end,0,0,N
2,-122.3331667,47.61482124,749,24600,24600,1785206,Matched,Intersection,29868,9TH AVE AND HOWELL ST,,,2,Injury Collision,Pedestrian,2,1,0,1,2004/12/09 00:00:00+00,12-09-2004,At Intersection (intersection related),24,MOTOR VEHCILE STRUCK PEDESTRIAN,,0,Clear,Dry,Daylight,Y,4344061,,2,Vehicle turning left hits pedestrian,0,0,N
2,-122.3742777,47.65536214,750,57400,57400,2606603,Matched,Block,,W NICKERSON ST BETWEEN 13TH AVE W AND 14TH AVE W,,,2,Injury Collision,Other,1,0,0,1,2006/10/15 00:00:00+00,10/15/2006 8:30:00 AM,Mid-Block (not related to intersection),28,MOTOR VEHICLE RAN OFF ROAD - HIT FIXED OBJECT,,0,Raining,Wet,Daylight,,6288002,,50,Fixed object,0,0,N
1,-122.3351552,47.66429275,751,34400,34400,529670,Matched,Intersection,25551,BURKE AVE N AND N 49TH ST,,,1,Property Damage Only Collision,Angles,0,0,0,2,2005/11/05 00:00:00+00,11-05-2005,At Intersection (intersection related),11,"MOTOR VEHICLE STRUCK MOTOR VEHICLE, FRONT END AT ANGLE",,0,Raining,Wet,Dark - Street Lights Off,,5309040,Y,10,Entering at angle,0,0,N
1,-122.3474204,47.61508492,752,320870,322370,E920379,Matched,Block,,2ND AVE BETWEEN BATTERY ST AND WALL ST, ,,1,Property Damage Only Collision,Sideswipe,3,0,0,2,2019/04/24 00:00:00+00,4/24/2019 9:20:00 AM,Mid-Block (not related to intersection),11,"MOTOR VEHICLE STRUCK MOTOR VEHICLE, FRONT END AT ANGLE",,N,Clear,Dry,Daylight,,,,11,From same direction - both going straight - both moving - sideswipe,0,0,N
2,-122.3267875,47.61634184,753,1218,1218,3593839,Matched,Intersection,29855,BELLEVUE AVE AND E OLIVE ST, ,,2,Injury Collision,Cycles,2,0,1,1,2013/03/30 00:00:00+00,3/30/2013 8:30:00 PM,At Intersection (intersection related),18,"MOTOR VEHICLE STRUCK PEDALCYCLIST, FRONT END AT ANGLE",,N,Clear,Dry,Dusk,Y,,,45,Vehicle - Pedalcyclist,36282,0,N
1,-122.3720883,47.62943789,754,330849,332349,EA30077,Matched,Block,,ELLIOTT AVE W BETWEEN W PROSPECT ST AND W LEE ST, ,,1,Property Damage Only Collision,Sideswipe,3,0,0,2,2020/04/20 00:00:00+00,4/20/2020 9:18:00 AM,Driveway Junction,11,"MOTOR VEHICLE STRUCK MOTOR VEHICLE, FRONT END AT ANGLE",,N,Clear,Dry,Daylight,,,,71,Same direction -- both turning right -- both moving -- sideswipe,0,0,N
1,-122.270274,47.53695788,755,330907,332407,EA30373,Matched,Intersection,34470,RAINIER AVE S AND S OTHELLO ST, ,,1,Property Damage Only Collision,Angles,2,0,0,2,2020/04/22 00:00:00+00,4/22/2020 7:14:00 PM,At Intersection (intersection related),11,"MOTOR VEHICLE STRUCK MOTOR VEHICLE, FRONT END AT ANGLE",,N,Clear,Dry,Daylight,,,,10,Entering at angle,0,0,N
2,-122.3449719,47.72275671,756,19500,19500,1080197,Matched,Block,,AURORA AVE N BETWEEN N 128TH ST AND N 130TH ST,,,2,Injury Collision,Rear Ended,3,0,0,3,2004/12/01 00:00:00+00,12-01-2004,Mid-Block (but intersection related),14,"MOTOR VEHICLE STRUCK MOTOR VEHICLE, REAR END",,1,Raining,Wet,Dark - Street Lights On,,4336013,,14,From same direction - both going straight - one stopped - rear-end,0,0,N
1,-122.3712463,47.52828298,757,83600,83600,2825024,Matched,Intersection,34925,30TH AVE SW AND SW THISTLE ST,,,1,Property Damage Only Collision,Angles,8,0,0,2,2008/11/01 00:00:00+00,11-01-2008,At Intersection (intersection related),11,"MOTOR VEHICLE STRUCK MOTOR VEHICLE, FRONT END AT ANGLE",,0,Overcast,Dry,Daylight,,8306054,,10,Entering at angle,0,0,N
1,-122.3475749,47.65177672,759,320904,322404,E924056,Matched,Block,,FREMONT WAY N BETWEEN AURORA AVE N AND FREMONT TURN RD, ,,1,Property Damage Only Collision,Rear Ended,2,0,0,2,2019/04/29 00:00:00+00,4/29/2019 5:10:00 PM,Mid-Block (not related to intersection),14,"MOTOR VEHICLE STRUCK MOTOR VEHICLE, REAR END",,N,Clear,Dry,Daylight,,,,13,From same direction - both going straight - both moving - rear-end,0,0,N
2,-122.3355713,47.52178311,760,330931,332431,3856340,Unmatched,Block,,OLSON PL SW BETWEEN 1ST AVE S AND 2ND AVE SW, ,,2,Injury Collision,,3,0,0,0,2020/04/20 00:00:00+00,4/20/2020,Mid-Block (not related to intersection),14,"MOTOR VEHICLE STRUCK MOTOR VEHICLE, REAR END",,,,,,,,, ,,0,0,N
2,-122.3444844,47.68303692,761,48300,48300,1794147,Matched,Block,,AURORA AVE N BETWEEN WINONA AVE N AND N 75TH ST,,,2,Injury Collision,Rear Ended,2,0,0,2,2005/03/01 00:00:00+00,03-01-2005,Mid-Block (but intersection related),14,"MOTOR VEHICLE STRUCK MOTOR VEHICLE, REAR END",,0,Overcast,Wet,Daylight,,5060025,,14,From same direction - both going straight - one stopped - rear-end,0,0,N
1,-122.3202933,47.59582679,762,1063,1063,3503600,Matched,Block,,S DEARBORN ST BETWEEN DEARBORN OFF RP AND DEARBORN ST OFF RP, ,,1,Property Damage Only Collision,Cycles,2,0,1,1,2013/03/25 00:00:00+00,3/25/2013 1:00:00 PM,Mid-Block (not related to intersection),18,"MOTOR VEHICLE STRUCK PEDALCYCLIST, FRONT END AT ANGLE",,N,Clear,Dry,Daylight,,,,45,Vehicle - Pedalcyclist,5867,0,N
1,-122.3134679,47.55410054,763,60400,60400,2612605,Matched,Block,,15TH AVE S BETWEEN S BENNETT ST AND S LUCILE ST,,,1,Property Damage Only Collision,Other,1,0,0,1,2006/07/30 00:00:00+00,7/30/2006 4:47:00 AM,Mid-Block (not related to intersection),28,MOTOR VEHICLE RAN OFF ROAD - HIT FIXED OBJECT,,0,Raining,Wet,Dark - Street Lights On,,6211008,Y,50,Fixed object,0,0,N
2,-122.3875614,47.69897871,764,330971,332471,EA30857,Matched,Intersection,36929,24TH AVE NW AND NW 96TH ST, ,,2,Injury Collision,Cycles,2,0,1,1,2020/04/23 00:00:00+00,4/23/2020 5:09:00 PM,At Intersection (intersection related),18,"MOTOR VEHICLE STRUCK PEDALCYCLIST, FRONT END AT ANGLE",,N,Raining,Wet,Daylight,,,,5,Vehicle Strikes Pedalcyclist,0,0,N
1,-122.3352204,47.60945327,765,51500,51500,2190333,Matched,Block,,UNION ST BETWEEN 4TH AVE AND 5TH AVE,,,1,Property Damage Only Collision,Rear Ended,2,0,0,2,2006/04/21 00:00:00+00,4/21/2006 4:59:00 PM,Mid-Block (but intersection related),14,"MOTOR VEHICLE STRUCK MOTOR VEHICLE, REAR END",,0,Clear,Dry,Daylight,,6111035,,14,From same direction - both going straight - one stopped - rear-end,0,0,N
1,-122.3220075,47.62313275,766,37900,37900,2063587,Matched,Intersection,29020,HARVARD AVE E AND E REPUBLICAN ST,,,1,Property Damage Only Collision,Angles,2,0,0,2,2005/09/10 00:00:00+00,09-10-2005 13:41,At Intersection (intersection related),11,"MOTOR VEHICLE STRUCK MOTOR VEHICLE, FRONT END AT ANGLE",,0,Overcast,Wet,Daylight,,5253033,,10,Entering at angle,0,0,N