SEVERITYCODE,X,Y,OBJECTID,INCKEY,COLDETKEY,REPORTNO,STATUS,ADDRTYPE,INTKEY,LOCATION,EXCEPTRSNCODE,EXCEPTRSNDESC,SEVERITYCODE,SEVERITYDESC,COLLISIONTYPE,PERSONCOUNT,PEDCOUNT,PEDCYLCOUNT,VEHCOUNT,INCDATE,INCDTTM,JUNCTIONTYPE,SDOT_COLCODE,SDOT_COLDESC,INATTENTIONIND,UNDERINFL,WEATHER,ROADCOND,LIGHTCOND,PEDROWNOTGRNT,SDOTCOLNUM,SPEEDING,ST_COLCODE,ST_COLDESC,SEGLANEKEY,CROSSWALKKEY,HITPARKEDCAR
2,-122.3440706,47.65376806,767,1394,1394,3613495,Matched,Intersection,26865,BRIDGE WAY N AND WOODLAND PARK AVE N, ,,2,Injury Collision,Left Turn,3,0,0,2,2013/04/03 00:00:00+00,04-03-2013 15:32,At Intersection (intersection related),11,"MOTOR VEHICLE STRUCK MOTOR VEHICLE, FRONT END AT ANGLE",Y,N,Clear,Dry,Daylight,,,,28,From opposite direction - one left turn - one straight,0,0,N
1,-122.3107425,47.63992717,768,34800,34800,1783890,Matched,Block,,16TH AVE E BETWEEN E LYNN ST AND E MCGRAW ST,,,1,Property Damage Only Collision,Parked Car,2,0,0,2,2005/01/08 00:00:00+00,01-08-2005,Mid-Block (not related to intersection),15,"MOTOR VEHICLE STRUCK MOTOR VEHICLE, RIGHT SIDE SIDESWIPE",,0,Snowing,Snow/Slush,Dark - Street Lights On,,5008033,,32,One parked--one moving,0,0,N
2,-122.3444517,47.61802169,769,320896,322396,E922502,Matched,Intersection,29518,6TH AVE AND WALL ST, ,,2,Injury Collision,Angles,5,0,0,2,2019/04/26 00:00:00+00,4/26/2019 9:34:00 PM,At Intersection (intersection related),11,"MOTOR VEHICLE STRUCK MOTOR VEHICLE, FRONT END AT ANGLE",Y,N,Clear,Dry,Dark - Street Lights On,,,,10,Entering at angle,0,0,N
1,-122.3184327,47.59918656,770,1220,1220,3605915,Matched,Block,,S JACKSON ST BETWEEN 10TH AVE S AND 12TH AVE S, ,,1,Property Damage Only Collision,Rear Ended,5,0,0,2,2013/03/30 00:00:00+00,3/30/2013 8:45:00 AM,Mid-Block (not related to intersection),14,"MOTOR VEHICLE STRUCK MOTOR VEHICLE, REAR END",Y,N,Clear,Dry,Daylight,,,,14,From same direction - both going straight - one stopped - rear-end,0,0,N
2,-122.3374665,47.60270291,772,45900,45900,1777537,Matched,Block,,ALASKAN WAY BETWEEN COLUMBIA ST AND MARION ST,,,2,Injury Collision,Other,1,0,0,1,2005/05/07 00:00:00+00,05-07-2005,Mid-Block (not related to intersection),29,MOTOR VEHICLE OVERTURNED IN ROAD,,0,Clear,Dry,Daylight,,5127018,,52,Vehicle overturned,0,0,N
2,-122.3167334,47.61288924,773,32700,32700,2128151,Matched,Intersection,29761,12TH AVE AND E MADISON ST,,,2,Injury Collision,Angles,2,0,0,2,2005/11/24 00:00:00+00,11/24/2005 7:53:00 PM,At Intersection (intersection related),11,"MOTOR VEHICLE STRUCK MOTOR VEHICLE, FRONT END AT ANGLE",,1,Raining,Wet,Dark - Street Lights Off,,5328003,,10,Entering at angle,0,0,N
2,-122.3342644,47.62025066,775,30000,30000,1779497,Matched,Block,,FAIRVIEW AVE N BETWEEN JOHN ST AND THOMAS ST,,,2,Injury Collision,Rear Ended,3,0,0,3,2004/07/11 00:00:00+00,07-11-2004 17:25,Mid-Block (but intersection related),14,"MOTOR VEHICLE STRUCK MOTOR VEHICLE, REAR END",,0,Clear,Dry,Daylight,,4193029,,14,From same direction - both going straight - one stopped - rear-end,0,0,N
1,-122.3133747,47.58503937,778,96500,96500,3335427,Matched,Block,,15TH AVE S BETWEEN S PLUM ST AND S HILL ST,,,1,Property Damage Only Collision,Parked Car,2,0,0,2,2009/12/10 00:00:00+00,12-10-2009 13:00,Mid-Block (not related to intersection),14,"MOTOR VEHICLE STRUCK MOTOR VEHICLE, REAR END",,0,Clear,Dry,Daylight,,9344006,,32,One parked--one moving,0,0,N
2,-122.3423664,47.62263838,779,25000,25000,1777159,Matched,Block,,DEXTER AVE N BETWEEN HARRISON ST AND REPUBLICAN ST,,,2,Injury Collision,Cycles,2,0,1,1,2004/01/23 00:00:00+00,1/23/2004 8:45:00 AM,Mid-Block (not related to intersection),56,PEDALCYCLIST STRUCK MOTOR VEHICLE LEFT SIDE SIDESWIPE,,0,Unknown,Unknown,Daylight,,4023036,,45,Vehicle - Pedalcyclist,0,0,N
1,-122.2981276,47.58632717,780,56500,56500,2280301,Matched,Intersection,31421,M L KING JR WAY S AND S HOLGATE ST,,,1,Property Damage Only Collision,Angles,2,0,0,2,2006/01/08 00:00:00+00,01-08-2006,At Intersection (intersection related),11,"MOTOR VEHICLE STRUCK MOTOR VEHICLE, FRONT END AT ANGLE",,0,Clear,Dry,Daylight,,6008015,,10,Entering at angle,0,0,N
2,-122.3265919,47.6231342,781,1342,1342,3593641,Matched,Intersection,29130,BELLEVUE AVE E AND E REPUBLICAN ST, ,,2,Injury Collision,Angles,2,0,0,2,2013/03/27 00:00:00+00,3/27/2013 6:13:00 PM,At Intersection (intersection related),11,"MOTOR VEHICLE STRUCK MOTOR VEHICLE, FRONT END AT ANGLE",,N,Clear,Dry,Daylight,,,,10,Entering at angle,0,0,N
1,-122.3569193,47.63898918,782,90000,90000,2805188,Matched,Block,,QUEEN ANNE AVE N BETWEEN BOSTON ST AND MCGRAW ST,,,1,Property Damage Only Collision,Parked Car,2,0,0,2,2008/07/21 00:00:00+00,7/21/2008 5:40:00 PM,Mid-Block (not related to intersection),11,"MOTOR VEHICLE STRUCK MOTOR VEHICLE, FRONT END AT ANGLE",,0,Clear,Dry,Daylight,,8203022,,32,One parked--one moving,0,0,N
1,-122.3257102,47.65433193,783,43000,43000,C653021,Matched,Block,,LATONA AVE NE BETWEEN NE NORTHLAKE WAY AND NE PACIFIC ST,,,1,Property Damage Only Collision,Parked Car,2,0,0,2,2005/07/12 00:00:00+00,07-12-2005 10:30,Mid-Block (not related to intersection),14,"MOTOR VEHICLE STRUCK MOTOR VEHICLE, REAR END",,0,Clear,Dry,Daylight,,5193046,,32,One parked--one moving,0,0,N
1,-122.3716707,47.56613851,784,30500,30500,1795251,Matched,Block,,SW AVALON WAY BETWEEN 30TH AVE SW AND SW GENESEE ST,,,1,Property Damage Only Collision,Rear Ended,2,0,0,2,2004/10/23 00:00:00+00,10/23/2004 7:00:00 PM,Mid-Block (but intersection related),14,"MOTOR VEHICLE STRUCK MOTOR VEHICLE, REAR END",,0,Clear,Dry,Dark - Street Lights On,,4297024,,14,From same direction - both going straight - one stopped - rear-end,0,0,N
1,-122.3436865,47.67152758,785,1146,1146,3507767,Matched,Block,,WEST GREEN LAKE WAY N BETWEEN GREEN LAKE TURN RD AND N 63RD ST, ,,1,Property Damage Only Collision,Rear Ended,2,0,0,2,2013/03/29 00:00:00+00,3/29/2013 4:30:00 PM,Mid-Block (not related to intersection),14,"MOTOR VEHICLE STRUCK MOTOR VEHICLE, REAR END",Y,N,Clear,Dry,Daylight,,,,14,From same direction - both going straight - one stopped - rear-end,0,0,N
1,-122.4113063,47.57893271,787,320935,322435,3732035,Matched,Block,,ALKI AVE SW BETWEEN 61ST AVE SW AND 62ND AVE SW, ,,1,Property Damage Only Collision,Parked Car,3,0,0,3,2019/07/06 00:00:00+00,07-06-2019 12:45,Mid-Block (not related to intersection),14,"MOTOR VEHICLE STRUCK MOTOR VEHICLE, REAR END",Y,N,Clear,Dry,Daylight,,,,32,One parked--one moving,0,0,Y
1,-122.3505478,47.6506255,788,98400,98400,3286137,Matched,Block,,N 35TH ST BETWEEN EVANSTON AVE N AND FREMONT AVE N,,,1,Property Damage Only Collision,Parked Car,2,0,0,2,2009/02/16 00:00:00+00,2/16/2009 12:00:00 PM,Mid-Block (not related to intersection),11,"MOTOR VEHICLE STRUCK MOTOR VEHICLE, FRONT END AT ANGLE",,0,Unknown,Unknown,Unknown,,9047022,,32,One parked--one moving,0,0,N
1,-122.3457772,47.61763118,789,320819,322319,E918416,Matched,Block,,5TH AVE BETWEEN WALL ST AND VINE ST, ,,1,Property Damage Only Collision,Parked Car,2,0,0,2,2019/05/05 00:00:00+00,05-05-2019 18:45,Mid-Block (not related to intersection),11,"MOTOR VEHICLE STRUCK MOTOR VEHICLE, FRONT END AT ANGLE",,N,Clear,Dry,Daylight,,,,32,One parked--one moving,0,0,Y
1,-122.3472943,47.64717249,790,62600,62600,2617956,Matched,Block,,AURORA BR BETWEEN RAYE ST AND BRIDGE WAY N,,,1,Property Damage Only Collision,Sideswipe,2,0,0,2,2006/08/30 00:00:00+00,8/30/2006 10:26:00 AM,Mid-Block (not related to intersection),11,"MOTOR VEHICLE STRUCK MOTOR VEHICLE, FRONT END AT ANGLE",,0,Overcast,Dry,Daylight,,6242032,,11,From same direction - both going straight - both moving - sideswipe,0,0,N
1,-122.3127252,47.58454239,791,1304,1304,3672155,Matched,Block,,S HILL ST BETWEEN 15TH AVE S AND 16TH AVE S, ,,1,Property Damage Only Collision,Parked Car,2,0,0,2,2013/03/30 00:00:00+00,3/30/2013 11:00:00 PM,Mid-Block (not related to intersection),11,"MOTOR VEHICLE STRUCK MOTOR VEHICLE, FRONT END AT ANGLE",,N,Clear,Dry,Dark - No Street Lights,,,,32,One parked--one moving,0,0,N
1,-122.3011726,47.62231246,792,82400,82400,2615242,Matched,Block,,24TH AVE E BETWEEN E THOMAS ST AND E HARRISON ST,,,1,Property Damage Only Collision,Parked Car,2,0,0,2,2008/02/27 00:00:00+00,2/27/2008 7:30:00 AM,Mid-Block (not related to intersection),11,"MOTOR VEHICLE STRUCK MOTOR VEHICLE, FRONT END AT ANGLE",,0,Overcast,Dry,Daylight,,8058020,,32,One parked--one moving,0,0,N
1,-122.270433,47.53764263,793,330982,332482,EA30989,Matched,Intersection,34469,RAINIER AVE S AND S GARDEN ST, ,,1,Property Damage Only Collision,Rear Ended,2,0,0,2,2020/04/24 00:00:00+00,4/24/2020 1:05:00 PM,At Intersection (intersection related),14,"MOTOR VEHICLE STRUCK MOTOR VEHICLE, REAR END",,N,Clear,Dry,Daylight,,,,14,From same direction - both going straight - one stopped - rear-end,0,0,N
2,-122.3141588,47.6071186,794,40700,40700,2028055,Matched,Block,,14TH AVE BETWEEN E JEFFERSON ST AND E CHERRY ST,,,2,Injury Collision,Rear Ended,2,0,0,2,2005/04/20 00:00:00+00,4/20/2005 8:50:00 AM,Mid-Block (but intersection related),14,"MOTOR VEHICLE STRUCK MOTOR VEHICLE, REAR END",,0,Clear,Dry,Daylight,,5110013,,14,From same direction - both going straight - one stopped - rear-end,0,0,N
1,-122.3195608,47.66222066,795,38700,38700,1930996,Matched,Block,,8TH AVE NE BETWEEN NE 45TH E ST AND NE 47TH ST,,,1,Property Damage Only Collision,Parked Car,2,0,0,2,2005/01/29 00:00:00+00,1/29/2005 4:22:00 PM,Mid-Block (not related to intersection),11,"MOTOR VEHICLE STRUCK MOTOR VEHICLE, FRONT END AT ANGLE",,0,Clear,Dry,Dusk,,5029020,,32,One parked--one moving,0,0,N
2,-122.3012214,47.68717779,796,1391,1391,3551666,Matched,Block,,25TH AVE NE BETWEEN NE 80TH ST AND RAVENNA S AVE NE, ,,2,Injury Collision,Angles,2,0,0,2,2013/04/03 00:00:00+00,04-03-2013 08:30,Mid-Block (not related to intersection),14,"MOTOR VEHICLE STRUCK MOTOR VEHICLE, REAR END",,N,Clear,Dry,Daylight,,,,10,Entering at angle,0,0,N
2,-122.3206303,47.53865045,797,97700,97700,3296503,Matched,Intersection,34195,ELLIS AVE S AND EAST MARGINAL WAY S,,,2,Injury Collision,Other,3,0,0,1,2009/02/20 00:00:00+00,2/20/2009 5:35:00 AM,At Intersection (intersection related),28,MOTOR VEHICLE RAN OFF ROAD - HIT FIXED OBJECT,Y,0,Fog/Smog/Smoke,Dry,Dark - Street Lights On,,9051020,,50,Fixed object,0,0,N
1,-122.318605,47.5634953,798,35400,35400,1797838,Matched,Intersection,32306,11TH AVE S AND S OREGON ST,,,1,Property Damage Only Collision,Angles,2,0,0,2,2005/11/05 00:00:00+00,11-05-2005,At Intersection (intersection related),11,"MOTOR VEHICLE STRUCK MOTOR VEHICLE, FRONT END AT ANGLE",,0,Raining,Wet,Daylight,,5309025,,10,Entering at angle,0,0,N
1,-122.3434796,47.66343938,799,320908,322408,E924765,Matched,Block,,GREEN LAKE WAY N BETWEEN MIDVALE AVE N AND N 48TH ST, ,,1,Property Damage Only Collision,Rear Ended,2,0,0,2,2019/04/30 00:00:00+00,4/30/2019 5:23:00 PM,Mid-Block (not related to intersection),14,"MOTOR VEHICLE STRUCK MOTOR VEHICLE, REAR END",,N,Clear,Dry,Daylight,,,,14,From same direction - both going straight - one stopped - rear-end,0,0,N
2,-122.2701233,47.50702678,800,330918,332418,3837900,Unmatched,Intersection,38319,51ST AVE S AND S CRESTON ST, ,,2,Injury Collision,,3,0,0,0,2020/04/24 00:00:00+00,4/24/2020,At Intersection (intersection related),11,"MOTOR VEHICLE STRUCK MOTOR VEHICLE, FRONT END AT ANGLE",,,,,,,,, ,,0,0,N
2,-122.3055975,47.61291546,801,47900,47900,1217134,Matched,Block,,E UNION ST BETWEEN 20TH AVE AND 21ST AVE,,,2,Injury Collision,Rear Ended,5,0,0,3,2005/04/30 00:00:00+00,4/30/2005 12:05:00 AM,Mid-Block (but intersection related),14,"MOTOR VEHICLE STRUCK MOTOR VEHICLE, REAR END",,0,Raining,Wet,Dark - Street Lights On,,5120009,,14,From same direction - both going straight - one stopped - rear-end,0,0,N
1,-122.3800923,47.5625648,802,1049,1049,2897717,Matched,Block,,38TH AVE SW BETWEEN SW OREGON ST AND FAUNTLEROY WAY SW, ,,1,Property Damage Only Collision,Angles,2,0,0,2,2013/03/26 00:00:00+00,3/26/2013 3:11:00 PM,Driveway Junction,11,"MOTOR VEHICLE STRUCK MOTOR VEHICLE, FRONT END AT ANGLE",,N,Clear,Dry,Daylight,,,,10,Entering at angle,0,0,N
1,-122.2800148,47.69702231,804,60500,60500,C677872,Matched,Block,,45TH AVE NE BETWEEN NE 94TH ST AND NE 95TH ST,,,1,Property Damage Only Collision,Other,2,0,0,2,2006/11/27 00:00:00+00,11/27/2006 1:30:00 PM,Mid-Block (but intersection related),11,"MOTOR VEHICLE STRUCK MOTOR VEHICLE, FRONT END AT ANGLE",,0,Overcast,Dry,Daylight,,6331061,,23,From same direction - all others,0,0,N
1,,,806,50300,50300,C666450,Matched,Block,,1ST AVE S BETWEEN 1ST AVS ON N RP AND S ROYAL BROUGHAM WAY,,,1,Property Damage Only Collision,Parked Car,2,0,0,2,2006/04/03 00:00:00+00,04-03-2006,Mid-Block (not related to intersection),11,"MOTOR VEHICLE STRUCK MOTOR VEHICLE, FRONT END AT ANGLE",,0,Unknown,Unknown,Unknown,,6093061,,20,One car leaving parked position,0,0,N
1,-122.324008,47.61907345,807,37000,37000,2128430,Matched,Block,,BELMONT AVE E BETWEEN E DENNY WAY AND E OLIVE WAY,,,1,Property Damage Only Collision,Parked Car,2,0,0,2,2005/12/16 00:00:00+00,12/16/2005 1:12:00 PM,Driveway Junction,11,"MOTOR VEHICLE STRUCK MOTOR VEHICLE, FRONT END AT ANGLE",,0,Clear,Dry,Daylight,,5350033,,32,One parked--one moving,0,0,N
1,,,808,25100,25100,1328062,Matched,,,,NEI,"Not Enough Information, or Insufficient Location Information",1,Property Damage Only Collision,Sideswipe,2,0,0,2,2004/02/06 00:00:00+00,02-06-2004,,0,NOT ENOUGH INFORMATION / NOT APPLICABLE,,0,Overcast,Wet,Dark - Street Lights On,,4037017,,11,From same direction - both going straight - both moving - sideswipe,0,0,N
1,-122.2839204,47.56618626,809,56800,56800,2279331,Matched,Intersection,32700,39TH AVE S AND S DAKOTA ST,,,1,Property Damage Only Collision,Angles,2,0,0,2,2006/02/08 00:00:00+00,02-08-2006,At Intersection (intersection related),14,"MOTOR VEHICLE STRUCK MOTOR VEHICLE, REAR END",,0,Clear,Dry,Daylight,,6039015,,10,Entering at angle,0,0,N
2,-122.34433,47.61855858,810,32600,32600,1792795,Matched,Block,,DENNY WAY BETWEEN 6TH AVE AND BOREALIS AVE,,,2,Injury Collision,Rear Ended,2,0,0,2,2005/05/11 00:00:00+00,05-11-2005 15:34,Mid-Block (but intersection related),14,"MOTOR VEHICLE STRUCK MOTOR VEHICLE, REAR END",,0,Clear,Dry,Daylight,,5131011,,14,From same direction - both going straight - one stopped - rear-end,0,0,N
1,-122.3357752,47.60922111,811,320860,322360,E937491,Unmatched,Intersection,29590,4TH AVE AND UNION ST, ,,1,Property Damage Only Collision,,1,0,0,0,2019/07/07 00:00:00+00,07-07-2019,At Intersection (intersection related),11,"MOTOR VEHICLE STRUCK MOTOR VEHICLE, FRONT END AT ANGLE",,,,,,,,, ,,0,0,N
1,-122.3357416,47.69049554,813,330881,332381,3836300,Unmatched,Block,,N 85TH ST BETWEEN WALLINGFORD AVE N AND BURKE AVE N, ,,1,Property Damage Only Collision,,4,0,0,0,2020/04/20 00:00:00+00,4/20/2020,Mid-Block (not related to intersection),14,"MOTOR VEHICLE STRUCK MOTOR VEHICLE, REAR END",,,,,,,,, ,,0,0,N
1,-122.3265886,47.62255701,816,1249,1249,3645425,Matched,Block,,BELLEVUE AVE E BETWEEN E HARRISON ST AND E REPUBLICAN ST, ,,1,Property Damage Only Collision,Parked Car,2,0,0,2,2013/03/23 00:00:00+00,3/23/2013 6:35:00 PM,Mid-Block (not related to intersection),0,NOT ENOUGH INFORMATION / NOT APPLICABLE,,N,Unknown,Unknown,Unknown,,,,32,One parked--one moving,0,0,N
1,-122.3479333,47.72503748,818,1263,1263,3615283,Matched,Block,,LINDEN AVE N BETWEEN N 130TH ST AND N 135TH ST, ,,1,Property Damage Only Collision,Parked Car,2,0,0,2,2013/03/31 00:00:00+00,3/31/2013 5:00:00 PM,Mid-Block (not related to intersection),0,NOT ENOUGH INFORMATION / NOT APPLICABLE,,N,Clear,Dry,Daylight,,,,32,One parked--one moving,0,0,N
2,,,821,53800,53800,2609018,Matched,Block,,BROAD ST BETWEEN HARRISON ST AND BROAD ST EB ON RP,,,2,Injury Collision,Left Turn,2,0,0,2,2006/10/04 00:00:00+00,10-04-2006,Mid-Block (but intersection related),16,"MOTOR VEHICLE STRUCK MOTOR VEHICLE, LEFT SIDE SIDESWIPE",,0,Clear,Dry,Daylight,,6277029,,15,From same direction - one left turn - one straight,0,0,N
1,-122.3264356,47.61245118,822,1337,1337,3563041,Matched,Block,,MINOR AVE BETWEEN UNIVERSITY ST AND UNION ST, ,,1,Property Damage Only Collision,Parked Car,2,0,0,2,2013/03/27 00:00:00+00,3/27/2013 11:19:00 PM,Mid-Block (but intersection related),14,"MOTOR VEHICLE STRUCK MOTOR VEHICLE, REAR END",,N,Clear,Dry,Dark - Street Lights On,,,,32,One parked--one moving,0,0,N
1,-122.3424026,47.6121175,823,1009,1009,3615242,Matched,Block,,2ND AVE BETWEEN VIRGINIA ST AND LENORA ST, ,,1,Property Damage Only Collision,Parked Car,2,0,0,2,2013/03/22 00:00:00+00,3/22/2013 11:00:00 PM,Mid-Block (not related to intersection),14,"MOTOR VEHICLE STRUCK MOTOR VEHICLE, REAR END",,N,Unknown,Unknown,Unknown,,,,32,One parked--one moving,0,0,N
2,,,824,39600,39600,C646585,Matched,Block,,SENECA ST OFF RP BETWEEN ALASKAN WY VI NB AND 1ST AVE,,,2,Injury Collision,Right Turn,2,0,0,2,2005/03/28 00:00:00+00,3/28/2005 6:55:00 AM,Mid-Block (but intersection related),14,"MOTOR VEHICLE STRUCK MOTOR VEHICLE, REAR END",,0,Overcast,Wet,Dawn,,5087062,,16,From same direction - one right turn - one straight,0,0,N
2,-122.3847501,47.66646689,825,39200,39200,2023480,Matched,Intersection,25166,22ND AVE NW AND SHILSHOLE AVE NW,,,2,Injury Collision,Rear Ended,3,0,0,2,2005/06/15 00:00:00+00,6/15/2005 6:05:00 PM,At Intersection (but not related to intersection),14,"MOTOR VEHICLE STRUCK MOTOR VEHICLE, REAR END",,0,Clear,Dry,Daylight,,5166019,,13,From same direction - both going straight - both moving - rear-end,0,0,N
2,-122.3181105,47.60620595,826,1138,1138,3605914,Matched,Intersection,29810,11TH AVE AND E JEFFERSON ST, ,,2,Injury Collision,Cycles,2,0,1,1,2013/03/29 00:00:00+00,3/29/2013 6:10:00 PM,At Intersection (intersection related),18,"MOTOR VEHICLE STRUCK PEDALCYCLIST, FRONT END AT ANGLE",,N,Clear,Dry,Daylight,Y,,,45,Vehicle - Pedalcyclist,10453,0,N
2,-122.3337126,47.66577198,827,19000,19000,1780970,Matched,Intersection,25524,MERIDIAN AVE N AND N 51ST ST,,,2,Injury Collision,Angles,2,0,0,2,2004/01/17 00:00:00+00,1/17/2004 11:30:00 AM,At Intersection (intersection related),11,"MOTOR VEHICLE STRUCK MOTOR VEHICLE, FRONT END AT ANGLE",,0,Clear,Dry,Daylight,,4017014,,10,Entering at angle,0,0,N
2,-122.3142538,47.68606261,829,113200,113200,3333710,Matched,Block,,LAKE CITY WAY NE BETWEEN 12TH AVE NE AND NE 80TH ST,,,2,Injury Collision,Rear Ended,2,0,0,2,2010/01/12 00:00:00+00,01-12-2010 15:14,Mid-Block (not related to intersection),14,"MOTOR VEHICLE STRUCK MOTOR VEHICLE, REAR END",,N,Raining,Wet,Dusk,,10012028,,14,From same direction - both going straight - one stopped - rear-end,0,0,N
1,-122.2974318,47.59864753,831,33700,33700,1745139,Matched,Block,,M L KING JR WAY S BETWEEN S JACKSON ST AND S KING ST,,,1,Property Damage Only Collision,Rear Ended,2,0,0,2,2005/06/09 00:00:00+00,06-09-2005,Mid-Block (but intersection related),14,"MOTOR VEHICLE STRUCK MOTOR VEHICLE, REAR END",Y,0,Clear,Dry,Daylight,,5160039,,14,From same direction - both going straight - one stopped - rear-end,0,0,N
1,-122.2834778,47.54157198,833,1172,1172,3671743,Matched,Block,,M L KING JR WR WAY S BETWEEN S HOLLY ST AND S WILLOW ST, ,,1,Property Damage Only Collision,Rear Ended,3,0,0,3,2013/03/26 00:00:00+00,3/26/2013 5:09:00 PM,Mid-Block (but intersection related),14,"MOTOR VEHICLE STRUCK MOTOR VEHICLE, REAR END",,N,Clear,Dry,Daylight,,,,14,From same direction - both going straight - one stopped - rear-end,0,0,N
1,-122.3443434,47.611504,834,1282,1282,3615282,Matched,Block,,LENORA ST BETWEEN WESTERN AVE AND 1ST AVE, ,,1,Property Damage Only Collision,Parked Car,2,0,0,2,2013/04/01 00:00:00+00,04-01-2013 14:54,Mid-Block (not related to intersection),0,NOT ENOUGH INFORMATION / NOT APPLICABLE,,N,Clear,Dry,Daylight,,,,32,One parked--one moving,0,0,N
1,-122.3027104,47.61294141,835,330822,332322,3847789,Matched,Intersection,30027,23RD AVE AND E UNION ST, ,,1,Property Damage Only Collision,Angles,2,0,0,2,2020/04/18 00:00:00+00,4/18/2020 8:27:00 PM,At Intersection (intersection related),11,"MOTOR VEHICLE STRUCK MOTOR VEHICLE, FRONT END AT ANGLE",,N,Clear,Dry,Dark - Street Lights On,,,,10,Entering at angle,0,0,N
1,-122.3236412,47.6060184,836,96700,96700,2616890,Matched,Intersection,29815,JAMES ST AND TERRY AVE,,,1,Property Damage Only Collision,Angles,3,0,0,2,2009/04/02 00:00:00+00,04-02-2009,At Intersection (intersection related),11,"MOTOR VEHICLE STRUCK MOTOR VEHICLE, FRONT END AT ANGLE",,0,Raining,Wet,Daylight,,9092017,,10,Entering at angle,0,0,N
1,-122.3134829,47.55234567,837,54200,54200,2610626,Matched,Block,,15TH AVE S BETWEEN S LUCILE ST AND S ORCAS ST,,,1,Property Damage Only Collision,Parked Car,2,0,0,2,2006/09/03 00:00:00+00,09-03-2006,Mid-Block (not related to intersection),14,"MOTOR VEHICLE STRUCK MOTOR VEHICLE, REAR END",,0,Clear,Dry,Dark - Street Lights On,,6246004,,32,One parked--one moving,0,0,N
1,-122.2961163,47.61889933,838,1333,1333,3551894,Matched,Intersection,29288,M L KING JR WAY AND E DENNY WAY, ,,1,Property Damage Only Collision,Angles,2,0,0,2,2013/03/28 00:00:00+00,3/28/2013 7:35:00 AM,At Intersection (intersection related),11,"MOTOR VEHICLE STRUCK MOTOR VEHICLE, FRONT END AT ANGLE",,N,Overcast,Wet,Daylight,,,,10,Entering at angle,0,0,N
1,-122.3292921,47.61844935,840,42100,42100,1933326,Matched,Block,,DENNY WAY BETWEEN STEWART ST AND MELROSE AVE,,,1,Property Damage Only Collision,Rear Ended,2,0,0,2,2005/06/12 00:00:00+00,06-12-2005 21:57,Mid-Block (but intersection related),14,"MOTOR VEHICLE STRUCK MOTOR VEHICLE, REAR END",,0,Raining,Wet,Dark - Street Lights On,,5163012,,14,From same direction - both going straight - one stopped - rear-end,0,0,N
2,-122.3482257,47.62455294,841,30800,30800,1316789,Matched,Block,,MERCER ST BETWEEN 4TH AVE N AND 5TH AVE N,,,2,Injury Collision,Rear Ended,4,0,0,3,2004/10/10 00:00:00+00,10-10-2004 22:07,Mid-Block (not related to intersection),14,"MOTOR VEHICLE STRUCK MOTOR VEHICLE, REAR END",,0,Clear,Dry,Dark - Street Lights On,,4284010,,14,From same direction - both going straight - one stopped - rear-end,0,0,N
1,-122.3712463,47.52828298,842,1110,1110,3380691,Matched,Intersection,34925,30TH AVE SW AND SW THISTLE ST, ,,1,Property Damage Only Collision,Angles,2,0,0,2,2013/03/29 00:00:00+00,3/29/2013 8:27:00 AM,At Intersection (intersection related),11,"MOTOR VEHICLE STRUCK MOTOR VEHICLE, FRONT END AT ANGLE",,N,Raining,Dry,Daylight,,,,10,Entering at angle,0,0,N
2,-122.2984463,47.71929616,843,19400,19400,1774432,Matched,Block,,NE 125TH ST BETWEEN 27TH AVE NE AND 28TH AVE NE,,,2,Injury Collision,Rear Ended,5,0,0,3,2004/07/27 00:00:00+00,7/27/2004 1:42:00 PM,Mid-Block (but intersection related),14,"MOTOR VEHICLE STRUCK MOTOR VEHICLE, REAR END",,0,Clear,Dry,Daylight,,4209021,,14,From same direction - both going straight - one stopped - rear-end,0,0,N
1,-122.3599506,47.65486188,844,320849,322349,E919483,Matched,Block,,NW BOWDOIN PL BETWEEN 2ND AVE NW AND 3RD AVE NW, ,,1,Property Damage Only Collision,Parked Car,2,0,0,2,2019/04/23 00:00:00+00,4/23/2019 4:55:00 PM,Mid-Block (not related to intersection),14,"MOTOR VEHICLE STRUCK MOTOR VEHICLE, REAR END",Y,N,Clear,Dry,Daylight,,,,32,One parked--one moving,0,0,Y
1,-122.3010586,47.59928512,845,70900,70900,C688710,Matched,Block,,S JACKSON ST BETWEEN 23RD AVE S AND 25TH AVE S,,,1,Property Damage Only Collision,Other,2,0,0,2,2007/06/26 00:00:00+00,6/26/2007 1:30:00 PM,Mid-Block (but intersection related),16,"MOTOR VEHICLE STRUCK MOTOR VEHICLE, LEFT SIDE SIDESWIPE",,0,Clear,Dry,Daylight,,7177040,,23,From same direction - all others,0,0,N