SEVERITYCODE,X,Y,OBJECTID,INCKEY,COLDETKEY,REPORTNO,STATUS,ADDRTYPE,INTKEY,LOCATION,EXCEPTRSNCODE,EXCEPTRSNDESC,SEVERITYCODE,SEVERITYDESC,COLLISIONTYPE,PERSONCOUNT,PEDCOUNT,PEDCYLCOUNT,VEHCOUNT,INCDATE,INCDTTM,JUNCTIONTYPE,SDOT_COLCODE,SDOT_COLDESC,INATTENTIONIND,UNDERINFL,WEATHER,ROADCOND,LIGHTCOND,PEDROWNOTGRNT,SDOTCOLNUM,SPEEDING,ST_COLCODE,ST_COLDESC,SEGLANEKEY,CROSSWALKKEY,HITPARKEDCAR
1,-122.3347624,47.52541537,846,320824,322324,E918783,Matched,Block,,1ST AVE S BETWEEN S CLOVERDALE W ST AND 1ST AVS OFF S RP, ,,1,Property Damage Only Collision,Rear Ended,3,0,0,3,2019/05/07 00:00:00+00,05-07-2019 06:58,Mid-Block (not related to intersection),14,"MOTOR VEHICLE STRUCK MOTOR VEHICLE, REAR END",,N,Clear,Dry,Daylight,,,Y,14,From same direction - both going straight - one stopped - rear-end,0,0,N
1,-122.3969852,47.6411555,847,63100,63100,2187553,Matched,Intersection,27659,31ST AVE W AND W SMITH ST,,,1,Property Damage Only Collision,Angles,3,0,0,3,2006/02/05 00:00:00+00,02-05-2006,At Intersection (intersection related),11,"MOTOR VEHICLE STRUCK MOTOR VEHICLE, FRONT END AT ANGLE",Y,0,Clear,Dry,Daylight,,6036011,,10,Entering at angle,0,0,N
1,-122.3436285,47.72321114,848,1087,1087,3613548,Matched,Block,,N 130TH ST BETWEEN AURORA AVE N AND STONE AVE N, ,,1,Property Damage Only Collision,Sideswipe,2,0,0,2,2013/03/25 00:00:00+00,3/25/2013 5:55:00 AM,Mid-Block (not related to intersection),11,"MOTOR VEHICLE STRUCK MOTOR VEHICLE, FRONT END AT ANGLE",,N,Clear,Dry,Dark - Street Lights On,,,,11,From same direction - both going straight - both moving - sideswipe,0,0,N
2,-122.3290565,47.57980945,849,61400,61400,2608860,Matched,Intersection,31369,4TH AVE S AND S LANDER ST,,,2,Injury Collision,Left Turn,4,0,0,2,2006/10/17 00:00:00+00,10/17/2006 11:55:00 AM,At Intersection (intersection related),11,"MOTOR VEHICLE STRUCK MOTOR VEHICLE, FRONT END AT ANGLE",,0,Clear,Dry,Daylight,,6290010,,28,From opposite direction - one left turn - one straight,0,0,N
2,-122.3024718,47.72838173,850,330972,332472,EA31132,Matched,Block,,NE 137TH ST BETWEEN 23RD PL NE AND 25TH AVE NE, ,,2,Injury Collision,Other,1,0,0,1,2020/04/24 00:00:00+00,4/24/2020 10:30:00 AM,Mid-Block (not related to intersection),26,MOTOR VEHICLE STRUCK OBJECT IN ROAD,,N,Clear,Dry,Daylight,,,Y,57,All other non-collision,0,0,N
1,-122.3404558,47.68692954,851,40400,40400,1219847,Matched,Intersection,24229,GREEN LAKE DR N AND N 80TH ST,,,1,Property Damage Only Collision,Left Turn,2,0,0,2,2005/01/18 00:00:00+00,1/18/2005 2:35:00 PM,At Intersection (intersection related),11,"MOTOR VEHICLE STRUCK MOTOR VEHICLE, FRONT END AT ANGLE",,0,Raining,Wet,Daylight,,5018038,,28,From opposite direction - one left turn - one straight,0,0,N
1,-122.2846295,47.55704112,852,38200,38200,1784148,Matched,Intersection,33579,RAINIER AVE S AND S HUDSON ST,,,1,Property Damage Only Collision,Left Turn,2,0,0,2,2005/06/10 00:00:00+00,06-10-2005 14:00,At Intersection (intersection related),11,"MOTOR VEHICLE STRUCK MOTOR VEHICLE, FRONT END AT ANGLE",,0,Clear,Dry,Daylight,,5161012,,28,From opposite direction - one left turn - one straight,0,0,N
1,-122.2819113,47.53618909,853,1368,1368,3672049,Matched,Intersection,164357,40TH AVE S AND S HOLLY PARK DR, ,,1,Property Damage Only Collision,Angles,2,0,0,2,2013/04/02 00:00:00+00,04-02-2013 07:45,At Intersection (intersection related),11,"MOTOR VEHICLE STRUCK MOTOR VEHICLE, FRONT END AT ANGLE",,N,Clear,Dry,Daylight,,,,10,Entering at angle,0,0,N
1,-122.3011684,47.59507782,854,70100,70100,2806301,Matched,Block,,24TH AVE S BETWEEN S DEARBORN ST AND S CHARLES ST,,,1,Property Damage Only Collision,Parked Car,2,0,0,2,2007/04/09 00:00:00+00,04-09-2007,Mid-Block (but intersection related),13,"MOTOR VEHICLE STRUCK MOTOR VEHICLE, LEFT SIDE AT ANGLE",Y,0,Clear,Dry,Daylight,,7099001,,32,One parked--one moving,0,0,N
1,-122.3488537,47.62757232,855,35300,35300,2191831,Matched,Block,,4TH AVE N BETWEEN ALOHA ST AND WARD ST,,,1,Property Damage Only Collision,Parked Car,2,0,0,2,2005/11/11 00:00:00+00,11-11-2005 18:31,Mid-Block (not related to intersection),11,"MOTOR VEHICLE STRUCK MOTOR VEHICLE, FRONT END AT ANGLE",,0,Raining,Wet,Dark - Street Lights On,,5315024,,32,One parked--one moving,0,0,N
2,-122.4081055,47.57681808,856,320922,322422,3587803,Matched,Block,,59TH AVE SW BETWEEN SW STEVENS ST AND SW ADMIRAL WAY, ,,2,Injury Collision,Pedestrian,2,1,0,1,2019/07/05 00:00:00+00,07-05-2019 09:42,Mid-Block (not related to intersection),24,MOTOR VEHCILE STRUCK PEDESTRIAN,,N,Clear,Dry,Daylight,,,,0,Vehicle going straight hits pedestrian,0,0,N
1,-122.312752,47.61763197,858,46700,46700,1198299,Matched,Intersection,30119,15TH AVE AND E HOWELL ST,,,1,Property Damage Only Collision,Angles,2,0,0,2,2005/02/28 00:00:00+00,2/28/2005 4:03:00 PM,At Intersection (intersection related),11,"MOTOR VEHICLE STRUCK MOTOR VEHICLE, FRONT END AT ANGLE",,0,Clear,Dry,Daylight,,5059021,,10,Entering at angle,0,0,N
2,-122.3368846,47.60875622,860,22300,22300,1069777,Matched,Intersection,29591,3RD AVE AND UNION ST,,,2,Injury Collision,Angles,3,0,0,2,2004/10/17 00:00:00+00,10/17/2004 3:38:00 AM,At Intersection (intersection related),11,"MOTOR VEHICLE STRUCK MOTOR VEHICLE, FRONT END AT ANGLE",,1,Raining,Wet,Dark - Street Lights On,,4291037,,10,Entering at angle,0,0,N
1,-122.3050675,47.59252858,861,330946,332446,EA30336,Unmatched,Block,,21ST AVE S BETWEEN S NORMAN ST AND S JUDKINS ST, ,,1,Property Damage Only Collision,,2,0,0,0,2020/04/23 00:00:00+00,4/23/2020,Mid-Block (not related to intersection),11,"MOTOR VEHICLE STRUCK MOTOR VEHICLE, FRONT END AT ANGLE",,,,,,,,, ,,0,0,N
1,-122.3124938,47.5983294,862,111600,111600,3199591,Matched,Block,,S KING ST BETWEEN RAINIER AVE S AND 16TH AVE S,,,1,Property Damage Only Collision,Parked Car,2,0,0,2,2010/06/17 00:00:00+00,6/17/2010 1:00:00 PM,Mid-Block (not related to intersection),16,"MOTOR VEHICLE STRUCK MOTOR VEHICLE, LEFT SIDE SIDESWIPE",,N,Unknown,Unknown,Daylight,,10168019,,32,One parked--one moving,0,0,N
1,-122.396157,47.53885677,863,24000,24000,1775320,Matched,Block,,BEACH DR SW BETWEEN 48TH AVE SW AND DEAD END,,,1,Property Damage Only Collision,Parked Car,2,0,0,2,2004/05/01 00:00:00+00,05-01-2004,Mid-Block (not related to intersection),11,"MOTOR VEHICLE STRUCK MOTOR VEHICLE, FRONT END AT ANGLE",,0,Clear,Dry,Dark - Street Lights On,,4122001,,32,One parked--one moving,0,0,N
2,-122.3764666,47.54377358,864,56200,56200,1795087,Matched,Block,,35TH AVE SW BETWEEN SW MORGAN ST AND SW HOLLY ST,,,2,Injury Collision,Pedestrian,7,1,0,1,2006/01/15 00:00:00+00,1/15/2006 5:35:00 PM,Mid-Block (not related to intersection),24,MOTOR VEHCILE STRUCK PEDESTRIAN,,0,Overcast,Dry,Dark - Street Lights On,,6015003,,0,Vehicle going straight hits pedestrian,0,0,N
1,-122.3269703,47.60462518,865,1213,1213,3562736,Matched,Intersection,29962,7TH AVE AND JAMES ST, ,,1,Property Damage Only Collision,Left Turn,2,0,0,2,2013/03/30 00:00:00+00,3/30/2013 1:20:00 PM,At Intersection (intersection related),11,"MOTOR VEHICLE STRUCK MOTOR VEHICLE, FRONT END AT ANGLE",,N,Clear,Dry,Daylight,,,,28,From opposite direction - one left turn - one straight,0,0,N
1,-122.316961,47.68310483,866,330840,332340,EA29777,Unmatched,Intersection,24509,LAKE CITY WAY NE AND NE 75TH ST, ,,1,Property Damage Only Collision,,2,0,0,0,2020/04/20 00:00:00+00,4/20/2020,At Intersection (intersection related),11,"MOTOR VEHICLE STRUCK MOTOR VEHICLE, FRONT END AT ANGLE",,,,,,,,, ,,0,0,N
2,-122.3289183,47.72316552,869,1225,1225,3608987,Matched,Intersection,35969,1ST AVE NE AND NE 130TH ST, ,,2,Injury Collision,Angles,3,0,0,2,2013/03/30 00:00:00+00,3/30/2013 6:05:00 PM,At Intersection (intersection related),11,"MOTOR VEHICLE STRUCK MOTOR VEHICLE, FRONT END AT ANGLE",Y,N,Clear,Dry,Daylight,,,,10,Entering at angle,0,0,N
1,-122.2889606,47.53271655,870,1159,1159,3671682,Matched,Block,,BEACON WR AVE S BETWEEN S PORTLAND ST AND S CHICAGO ST, ,,1,Property Damage Only Collision,Parked Car,3,0,0,3,2013/03/26 00:00:00+00,3/26/2013 7:20:00 AM,Mid-Block (not related to intersection),14,"MOTOR VEHICLE STRUCK MOTOR VEHICLE, REAR END",,N,Overcast,Dry,Dark - Street Lights On,,,,32,One parked--one moving,0,0,N
2,-122.2907841,47.71925344,871,1261,1261,3609041,Matched,Intersection,36192,35TH AVE NE AND NE 125TH ST, ,,2,Injury Collision,Left Turn,2,0,0,2,2013/03/31 00:00:00+00,3/31/2013 3:35:00 PM,At Intersection (intersection related),11,"MOTOR VEHICLE STRUCK MOTOR VEHICLE, FRONT END AT ANGLE",,N,Clear,Dry,Daylight,,,,28,From opposite direction - one left turn - one straight,0,0,N
1,-122.3561357,47.53912545,873,113500,113500,2803739,Matched,Intersection,33956,17TH AVE SW AND SW MYRTLE ST,,,1,Property Damage Only Collision,Angles,3,0,0,2,2010/02/19 00:00:00+00,2/19/2010 1:16:00 PM,At Intersection (intersection related),11,"MOTOR VEHICLE STRUCK MOTOR VEHICLE, FRONT END AT ANGLE",,N,Clear,Dry,Daylight,,10050007,,10,Entering at angle,0,0,N
1,-122.3094986,47.61586183,874,330803,332303,EA22494,Matched,Block,,E MADISON ST BETWEEN 17TH AVE AND 18TH AVE, ,,1,Property Damage Only Collision,Rear Ended,2,0,0,2,2020/02/18 00:00:00+00,2/18/2020 6:34:00 PM,Mid-Block (not related to intersection),11,"MOTOR VEHICLE STRUCK MOTOR VEHICLE, FRONT END AT ANGLE",,N,Clear,Dry,Dark - Street Lights On,,,,13,From same direction - both going straight - both moving - rear-end,0,0,N
1,-122.3799834,47.67861685,876,1185,1185,3507859,Matched,Block,,18TH AVE NW BETWEEN NW 67TH ST AND NW 70TH ST, ,,1,Property Damage Only Collision,Parked Car,2,0,0,2,2013/03/30 00:00:00+00,3/30/2013 3:56:00 AM,Mid-Block (not related to intersection),14,"MOTOR VEHICLE STRUCK MOTOR VEHICLE, REAR END",,N,Clear,Wet,Dark - Street Lights On,,,,32,One parked--one moving,0,0,N
1,-122.3689064,47.54912706,877,110000,110000,3288432,Matched,Block,,HIGH POINT DR SW BETWEEN SW RAYMOND ST AND 30TH N AVE SW,,,1,Property Damage Only Collision,Parked Car,2,0,0,2,2010/05/12 00:00:00+00,05-12-2010 21:00,Mid-Block (not related to intersection),14,"MOTOR VEHICLE STRUCK MOTOR VEHICLE, REAR END",,N,Clear,Dry,Dark - Street Lights On,,10132027,,32,One parked--one moving,0,0,N
1,-122.3544129,47.66808999,878,52000,52000,2603576,Matched,Block,,PHINNEY AVE N BETWEEN N 54TH ST AND N 55TH ST,,,1,Property Damage Only Collision,Rear Ended,2,0,0,2,2006/07/07 00:00:00+00,07-07-2006,Mid-Block (but intersection related),14,"MOTOR VEHICLE STRUCK MOTOR VEHICLE, REAR END",,0,Clear,Dry,Daylight,,6188026,,14,From same direction - both going straight - one stopped - rear-end,0,0,N
1,-122.3226837,47.56851372,879,26300,26300,1787917,Matched,Block,,AIRPORT WAY S BETWEEN S BRADFORD ST AND S ANDOVER ST,,,1,Property Damage Only Collision,Sideswipe,2,0,0,2,2004/06/04 00:00:00+00,06-04-2004,Mid-Block (not related to intersection),16,"MOTOR VEHICLE STRUCK MOTOR VEHICLE, LEFT SIDE SIDESWIPE",Y,0,Clear,Dry,Dawn,,4156033,,11,From same direction - both going straight - both moving - sideswipe,0,0,N
1,-122.3550324,47.53368043,880,1133,1133,3505035,Matched,Intersection,34147,16TH AVE SW AND SW HOLDEN ST, ,,1,Property Damage Only Collision,Angles,4,0,0,2,2013/03/26 00:00:00+00,3/26/2013 9:27:00 AM,At Intersection (intersection related),11,"MOTOR VEHICLE STRUCK MOTOR VEHICLE, FRONT END AT ANGLE",,N,Clear,Dry,Daylight,,,,10,Entering at angle,0,0,N
1,-122.362941,47.66024877,882,320927,322427,3646220,Matched,Block,,5TH AVE NW BETWEEN NW BRIGHT ST AND NW 44TH E ST, ,,1,Property Damage Only Collision,Parked Car,3,0,0,2,2019/07/05 00:00:00+00,07-05-2019 20:39,Mid-Block (not related to intersection),11,"MOTOR VEHICLE STRUCK MOTOR VEHICLE, FRONT END AT ANGLE",,N,Overcast,Dry,Dusk,,,,32,One parked--one moving,0,0,Y
2,-122.302554,47.58409913,883,69800,69800,2612312,Matched,Block,,RAINIER AVE S BETWEEN 23RD AVE S AND S WALKER ST,,,2,Injury Collision,Other,1,0,0,1,2007/02/08 00:00:00+00,02-08-2007,Mid-Block (not related to intersection),28,MOTOR VEHICLE RAN OFF ROAD - HIT FIXED OBJECT,,0,Clear,Dry,Dark - Street Lights On,,7039007,,50,Fixed object,0,0,N
2,-122.2808464,47.5354048,884,320923,322423,3581306,Matched,Intersection,164360,M L KING JR WR WAY S AND S WEBSTER ST, ,,2,Injury Collision,Angles,2,0,0,2,2019/07/03 00:00:00+00,07-03-2019 16:16,At Intersection (intersection related),11,"MOTOR VEHICLE STRUCK MOTOR VEHICLE, FRONT END AT ANGLE",,N,Overcast,Dry,Daylight,,,,10,Entering at angle,0,0,N
1,-122.4028833,47.56675001,885,330904,332404,EA30353,Matched,Intersection,31751,55TH AVE SW AND SW DAKOTA ST, ,,1,Property Damage Only Collision,Angles,2,0,0,2,2020/04/23 00:00:00+00,4/23/2020 12:34:00 PM,At Intersection (intersection related),11,"MOTOR VEHICLE STRUCK MOTOR VEHICLE, FRONT END AT ANGLE",,N,Clear,Dry,Daylight,,,,10,Entering at angle,0,0,N
2,-122.3023936,47.62635239,886,63800,63800,2070983,Matched,Block,,23RD AVE E BETWEEN E VALLEY ST AND E ALOHA ST,,,2,Injury Collision,Rear Ended,4,0,0,3,2006/03/25 00:00:00+00,3/25/2006 10:22:00 PM,Mid-Block (but intersection related),14,"MOTOR VEHICLE STRUCK MOTOR VEHICLE, REAR END",,0,Overcast,Wet,Dark - Street Lights On,,6084026,,14,From same direction - both going straight - one stopped - rear-end,0,0,N
2,-122.3160048,47.57687701,887,1064,1064,3550081,Matched,Intersection,31315,13TH AVE S AND S STEVENS ST, ,,2,Injury Collision,Cycles,2,0,1,1,2013/03/25 00:00:00+00,3/25/2013 10:57:00 PM,At Intersection (intersection related),18,"MOTOR VEHICLE STRUCK PEDALCYCLIST, FRONT END AT ANGLE",,N,Clear,Dry,Dark - Street Lights On,,,,45,Vehicle - Pedalcyclist,0,0,N
1,-122.3754503,47.69472109,888,60600,60600,2624736,Matched,Intersection,37249,HOLMAN RD NW AND MARY AVE NW,,,1,Property Damage Only Collision,Left Turn,2,0,0,2,2006/10/31 00:00:00+00,10/31/2006 7:18:00 AM,At Intersection (intersection related),11,"MOTOR VEHICLE STRUCK MOTOR VEHICLE, FRONT END AT ANGLE",,0,Clear,Dry,Daylight,,6304017,,28,From opposite direction - one left turn - one straight,0,0,N
1,-122.3220166,47.62256199,890,49900,49900,1796008,Matched,Block,,HARVARD AVE E BETWEEN E HARRISON ST AND E REPUBLICAN ST,,,1,Property Damage Only Collision,Parked Car,2,0,0,2,2006/01/10 00:00:00+00,01-10-2006 12:15,Mid-Block (not related to intersection),11,"MOTOR VEHICLE STRUCK MOTOR VEHICLE, FRONT END AT ANGLE",,0,Overcast,Dry,Daylight,,6010016,,32,One parked--one moving,0,0,N
2,-122.2812932,47.5370423,891,37500,37500,1797759,Matched,Intersection,34562,M L KING JR WR WAY S AND S OTHELLO ST,,,2,Injury Collision,Angles,4,0,0,2,2005/07/28 00:00:00+00,7/28/2005 11:45:00 AM,At Intersection (intersection related),11,"MOTOR VEHICLE STRUCK MOTOR VEHICLE, FRONT END AT ANGLE",,0,Clear,Dry,Daylight,,5209012,,10,Entering at angle,0,0,N
1,-122.3173983,47.67837686,892,1371,1371,3609042,Matched,Block,,ROOSEVELT WAY NE BETWEEN NE 68TH ST AND NE 69TH ST, ,,1,Property Damage Only Collision,Sideswipe,2,0,0,2,2013/04/02 00:00:00+00,04-02-2013 14:04,Mid-Block (not related to intersection),11,"MOTOR VEHICLE STRUCK MOTOR VEHICLE, FRONT END AT ANGLE",Y,N,Clear,Dry,Daylight,,,,11,From same direction - both going straight - both moving - sideswipe,0,0,N
2,-122.3124304,47.70852841,894,320887,322387,E921700,Matched,Intersection,36506,15TH AVE NE AND NE NORTHGATE WAY, ,,2,Injury Collision,Left Turn,2,0,0,2,2019/04/19 00:00:00+00,4/19/2019 4:16:00 PM,At Intersection (intersection related),11,"MOTOR VEHICLE STRUCK MOTOR VEHICLE, FRONT END AT ANGLE",,N,Raining,Wet,Daylight,,,,28,From opposite direction - one left turn - one straight,0,0,N
1,-122.277573,47.54894429,896,47000,47000,1793598,Matched,Block,,S KENNY ST BETWEEN 44TH AVE S AND RAINIER AVE S,,,1,Property Damage Only Collision,Parked Car,2,0,0,2,2005/07/31 00:00:00+00,7/31/2005 2:19:00 AM,Mid-Block (not related to intersection),13,"MOTOR VEHICLE STRUCK MOTOR VEHICLE, LEFT SIDE AT ANGLE",,0,Clear,Dry,Dark - Street Lights On,,5212025,,32,One parked--one moving,0,0,N
2,-122.290748,47.70208434,897,320903,322403,E924032,Matched,Block,,35TH AVE NE BETWEEN NE 100TH ST AND NE 103RD ST, ,,2,Injury Collision,Parked Car,2,0,0,2,2019/04/26 00:00:00+00,4/26/2019 8:06:00 PM,Mid-Block (not related to intersection),14,"MOTOR VEHICLE STRUCK MOTOR VEHICLE, REAR END",Y,N,Clear,Dry,Dark - Street Lights On,,,,32,One parked--one moving,0,0,Y
2,-122.3269703,47.60462518,898,62400,62400,2070733,Matched,Intersection,29962,7TH AVE AND JAMES ST,,,2,Injury Collision,Pedestrian,2,1,0,1,2006/03/06 00:00:00+00,03-06-2006,At Intersection (intersection related),24,MOTOR VEHCILE STRUCK PEDESTRIAN,,0,Clear,Dry,Daylight,Y,6065007,,2,Vehicle turning left hits pedestrian,0,0,N
1,-122.3969808,47.66863369,899,1106,1106,3615276,Unmatched,Block,,NW MARKET ST BETWEEN 30TH AVE NW AND 32ND AVE NW, ,,1,Property Damage Only Collision,,1,0,0,0,2013/03/28 00:00:00+00,3/28/2013,Mid-Block (not related to intersection),0,NOT ENOUGH INFORMATION / NOT APPLICABLE,,,,,,,,, ,,0,0,N
1,-122.29244,47.6260178,900,58900,58900,2615326,Matched,Intersection,29238,LAKE WASHINGTON BLVD E AND E MADISON ST,,,1,Property Damage Only Collision,Rear Ended,2,0,0,2,2006/07/17 00:00:00+00,7/17/2006 8:43:00 AM,At Intersection (intersection related),14,"MOTOR VEHICLE STRUCK MOTOR VEHICLE, REAR END",Y,0,Overcast,Dry,Daylight,,6198035,,14,From same direction - both going straight - one stopped - rear-end,0,0,N
1,-122.2999185,47.54501365,902,51400,51400,C688983,Matched,Block,,BEACON ER AVE S BETWEEN S EDDY ST AND S MORGAN ST,,,1,Property Damage Only Collision,Parked Car,2,0,0,2,2006/11/15 00:00:00+00,11/15/2006 1:00:00 PM,Mid-Block (not related to intersection),11,"MOTOR VEHICLE STRUCK MOTOR VEHICLE, FRONT END AT ANGLE",,0,Clear,Dry,Other,,6319060,,32,One parked--one moving,0,0,N
2,-122.3378801,47.62579262,903,35900,35900,1069366,Matched,Block,,VALLEY ST BETWEEN WESTLAKE AVE N AND TERRY AVE N,,,2,Injury Collision,Rear Ended,3,0,0,2,2005/08/19 00:00:00+00,8/19/2005 4:12:00 PM,Mid-Block (but intersection related),14,"MOTOR VEHICLE STRUCK MOTOR VEHICLE, REAR END",Y,0,Clear,Dry,Daylight,,5231027,,74,Same direction -- both turning right -- one stopped -- rear end,0,0,N
2,-122.3218772,47.60576977,904,1361,1361,3593847,Matched,Intersection,29817,BOREN AVE AND JEFFERSON ST, ,,2,Injury Collision,Cycles,2,0,1,1,2013/04/02 00:00:00+00,04-02-2013 18:42,At Intersection (intersection related),18,"MOTOR VEHICLE STRUCK PEDALCYCLIST, FRONT END AT ANGLE",,N,Clear,Dry,Daylight,,,,45,Vehicle - Pedalcyclist,25156,0,N
2,-122.2974147,47.59923284,905,97800,97800,2898088,Matched,Intersection,30602,M L KING JR WAY S AND S JACKSON ST,,,2,Injury Collision,Left Turn,2,0,0,2,2009/11/18 00:00:00+00,11/18/2009 6:18:00 PM,At Intersection (intersection related),11,"MOTOR VEHICLE STRUCK MOTOR VEHICLE, FRONT END AT ANGLE",,0,Raining,Wet,Dark - Street Lights On,,9322030,,28,From opposite direction - one left turn - one straight,0,0,N
1,-122.3595857,47.65958298,907,320882,322382,E921067,Matched,Block,,BAKER AVE NW BETWEEN NW 43RD ST AND NW 44TH ST, ,,1,Property Damage Only Collision,Parked Car,2,0,0,2,2019/04/26 00:00:00+00,4/26/2019 2:45:00 PM,Mid-Block (not related to intersection),14,"MOTOR VEHICLE STRUCK MOTOR VEHICLE, REAR END",,N,Clear,Dry,Daylight,,,,32,One parked--one moving,0,0,N
1,-122.2839074,47.71736902,908,330843,332343,EA29900,Matched,Intersection,36802,SAND POINT WAY NE AND NE 123RD ST, ,,1,Property Damage Only Collision,Angles,2,0,0,2,2020/04/17 00:00:00+00,4/17/2020 9:39:00 AM,At Intersection (intersection related),11,"MOTOR VEHICLE STRUCK MOTOR VEHICLE, FRONT END AT ANGLE",,N,Clear,Dry,Daylight,,,,10,Entering at angle,0,0,N
1,-122.3194847,47.72060406,909,46500,46500,2185079,Matched,Block,,ROOSEVELT WAY NE BETWEEN NE 125TH N ST AND NE 127TH ST,,,1,Property Damage Only Collision,Rear Ended,3,0,0,2,2005/11/22 00:00:00+00,11/22/2005 3:20:00 AM,Mid-Block (not related to intersection),14,"MOTOR VEHICLE STRUCK MOTOR VEHICLE, REAR END",Y,0,Clear,Dry,Dark - Street Lights On,,5326021,,13,From same direction - both going straight - both moving - rear-end,0,0,N
1,-122.3240364,47.6613387,910,1040,1040,3503038,Matched,Intersection,27179,4TH AVE NE AND NE 45TH ST, ,,1,Property Damage Only Collision,Left Turn,5,0,0,2,2013/03/24 00:00:00+00,3/24/2013 2:04:00 PM,At Intersection (intersection related),11,"MOTOR VEHICLE STRUCK MOTOR VEHICLE, FRONT END AT ANGLE",,N,Clear,Dry,Daylight,,,,28,From opposite direction - one left turn - one straight,0,0,N
1,-122.3295143,47.60405521,912,330805,332305,EA29617,Matched,Block,,5TH AVE BETWEEN JAMES ST AND CHERRY ST,NEI,"Not Enough Information, or Insufficient Location Information",1,Property Damage Only Collision,Parked Car,2,0,0,2,2020/04/15 00:00:00+00,4/15/2020 12:00:00 PM,,0,NOT ENOUGH INFORMATION / NOT APPLICABLE,,N,Clear,Dry,Daylight,,,,32,One parked--one moving,0,0,Y
1,-122.338197,47.606835,913,96900,96900,3274389,Matched,Intersection,29604,1ST AVE AND UNIVERSITY ST,,,1,Property Damage Only Collision,Rear Ended,2,0,0,2,2009/09/23 00:00:00+00,9/23/2009 1:30:00 PM,At Intersection (intersection related),14,"MOTOR VEHICLE STRUCK MOTOR VEHICLE, REAR END",,0,Clear,Dry,Daylight,,9266017,,14,From same direction - both going straight - one stopped - rear-end,0,0,N
1,-122.3259773,47.57876858,914,1353,1353,3502606,Matched,Block,,6TH AVE S BETWEEN S LANDER ST AND S FOREST ST, ,,1,Property Damage Only Collision,Parked Car,2,0,0,2,2013/04/02 00:00:00+00,04-02-2013 08:05,Mid-Block (not related to intersection),11,"MOTOR VEHICLE STRUCK MOTOR VEHICLE, FRONT END AT ANGLE",,N,Clear,Dry,Daylight,,,,20,One car leaving parked position,0,0,N
1,-122.3660043,47.68583035,915,54600,54600,2022806,Matched,Block,,8TH AVE NW BETWEEN NW 78TH ST AND NW 79TH ST,,,1,Property Damage Only Collision,Parked Car,3,0,0,3,2006/02/24 00:00:00+00,2/24/2006 6:29:00 AM,Mid-Block (not related to intersection),13,"MOTOR VEHICLE STRUCK MOTOR VEHICLE, LEFT SIDE AT ANGLE",,0,Sleet/Hail/Freezing Rain,Ice,Dark - Street Lights On,,6055043,,32,One parked--one moving,0,0,N
2,-122.3930479,47.63593491,916,1335,1335,3562733,Matched,Intersection,27718,28TH AVE W AND W HOWE ST, ,,2,Injury Collision,Angles,4,0,0,2,2013/03/27 00:00:00+00,3/27/2013 4:52:00 PM,At Intersection (intersection related),11,"MOTOR VEHICLE STRUCK MOTOR VEHICLE, FRONT END AT ANGLE",,N,Clear,Dry,Daylight,,,,10,Entering at angle,0,0,N
1,-122.3094893,47.66396817,918,71100,71100,2798827,Matched,Block,,17TH NB AVE NE BETWEEN NE 47TH ST AND NE 50TH ST,,,1,Property Damage Only Collision,Parked Car,2,0,0,2,2007/09/12 00:00:00+00,09-12-2007 23:01,Mid-Block (not related to intersection),13,"MOTOR VEHICLE STRUCK MOTOR VEHICLE, LEFT SIDE AT ANGLE",,1,Clear,Dry,Dark - Street Lights On,,7255019,,32,One parked--one moving,0,0,N
1,-122.3134248,47.55980475,919,43800,43800,2025210,Matched,Block,,15TH AVE S BETWEEN S ANGELINE ST AND S FERDINAND ST,,,1,Property Damage Only Collision,Parked Car,3,0,0,3,2005/06/15 00:00:00+00,6/15/2005 8:01:00 AM,Mid-Block (not related to intersection),13,"MOTOR VEHICLE STRUCK MOTOR VEHICLE, LEFT SIDE AT ANGLE",,0,Clear,Dry,Daylight,,5166010,,32,One parked--one moving,0,0,N
1,-122.3130342,47.66749016,920,29100,29100,1781831,Matched,Block,,UNIVERSITY WAY NE BETWEEN NE 52ND ST AND NE 55TH ST,,,1,Property Damage Only Collision,Other,1,0,0,1,2004/05/03 00:00:00+00,05-03-2004,Mid-Block (not related to intersection),28,MOTOR VEHICLE RAN OFF ROAD - HIT FIXED OBJECT,,0,Unknown,Unknown,Daylight,,4124032,,51,Other object,0,0,N
1,-122.3137464,47.65980204,921,1240,1240,3612955,Matched,Block,,NE 43RD ST BETWEEN BROOKLYN AVE NE AND UNIVERSITY WAY NE, ,,1,Property Damage Only Collision,Parked Car,2,0,0,2,2013/03/31 00:00:00+00,3/31/2013 10:06:00 PM,Mid-Block (not related to intersection),14,"MOTOR VEHICLE STRUCK MOTOR VEHICLE, REAR END",,N,Clear,Dry,Dark - Street Lights On,,,,32,One parked--one moving,0,0,N