SEVERITYCODE,X,Y,OBJECTID,INCKEY,COLDETKEY,REPORTNO,STATUS,ADDRTYPE,INTKEY,LOCATION,EXCEPTRSNCODE,EXCEPTRSNDESC,SEVERITYCODE,SEVERITYDESC,COLLISIONTYPE,PERSONCOUNT,PEDCOUNT,PEDCYLCOUNT,VEHCOUNT,INCDATE,INCDTTM,JUNCTIONTYPE,SDOT_COLCODE,SDOT_COLDESC,INATTENTIONIND,UNDERINFL,WEATHER,ROADCOND,LIGHTCOND,PEDROWNOTGRNT,SDOTCOLNUM,SPEEDING,ST_COLCODE,ST_COLDESC,SEGLANEKEY,CROSSWALKKEY,HITPARKEDCAR
1,-122.3807596,47.56109479,923,1269,1269,2897720,Matched,Block,,SW ALASKA ST BETWEEN 38TH AVE SW AND FAUNTLEROY WAY SW, ,,1,Property Damage Only Collision,Rear Ended,3,0,0,3,2013/04/01 00:00:00+00,04-01-2013 16:17,Mid-Block (not related to intersection),14,"MOTOR VEHICLE STRUCK MOTOR VEHICLE, REAR END",,Y,Clear,Dry,Daylight,,,,14,From same direction - both going straight - one stopped - rear-end,0,0,N
2,-122.3016071,47.66665144,924,320839,322339,E919476,Matched,Block,,RAVENNA PL NE BETWEEN NE BLAKELEY ST AND 24TH AVE NE, ,,2,Injury Collision,Angles,5,0,0,2,2019/04/18 00:00:00+00,4/18/2019 1:59:00 PM,Mid-Block (not related to intersection),14,"MOTOR VEHICLE STRUCK MOTOR VEHICLE, REAR END",Y,N,Clear,Dry,Daylight,,,,10,Entering at angle,0,0,N
2,-122.3767897,47.68596821,925,98200,98200,C720790,Matched,Block,,15TH AVE NW BETWEEN NW 77TH ST AND NW 80TH ST,,,2,Injury Collision,Left Turn,2,0,0,2,2009/05/01 00:00:00+00,05-01-2009,Driveway Junction,11,"MOTOR VEHICLE STRUCK MOTOR VEHICLE, FRONT END AT ANGLE",,0,Clear,Dry,Daylight,,9121045,,28,From opposite direction - one left turn - one straight,0,0,N
1,-122.3088389,47.6170217,926,65500,65500,2907358,Matched,Block,,18TH AVE BETWEEN E OLIVE ST AND E HOWELL ST,,,1,Property Damage Only Collision,Parked Car,2,0,0,2,2007/12/19 00:00:00+00,12/19/2007 7:30:00 PM,Mid-Block (not related to intersection),11,"MOTOR VEHICLE STRUCK MOTOR VEHICLE, FRONT END AT ANGLE",,0,Unknown,Unknown,Dark - Street Lights On,,7353047,,32,One parked--one moving,0,0,N
1,-122.3599793,47.62572641,927,1090,1090,3645680,Unmatched,Block,,W ROY ST BETWEEN 2ND AVE W AND 3RD AVE W, ,,1,Property Damage Only Collision,,1,0,0,0,2013/03/25 00:00:00+00,3/25/2013,Mid-Block (not related to intersection),0,NOT ENOUGH INFORMATION / NOT APPLICABLE,,,,,,,,, ,,0,0,N
1,-122.3875873,47.67018719,928,40600,40600,2184885,Matched,Intersection,25142,24TH AVE NW AND NW 57TH ST,,,1,Property Damage Only Collision,Angles,2,0,0,2,2005/12/18 00:00:00+00,12/18/2005 2:56:00 PM,At Intersection (intersection related),11,"MOTOR VEHICLE STRUCK MOTOR VEHICLE, FRONT END AT ANGLE",,0,Clear,Dry,Daylight,,5352025,,10,Entering at angle,0,0,N
1,-122.3398324,47.61854013,930,1139,1139,3562732,Matched,Intersection,29512,BELL ST AND DENNY WAY, ,,1,Property Damage Only Collision,Cycles,2,0,1,1,2013/03/26 00:00:00+00,3/26/2013 6:12:00 PM,At Intersection (intersection related),18,"MOTOR VEHICLE STRUCK PEDALCYCLIST, FRONT END AT ANGLE",,N,Clear,Dry,Daylight,Y,,,45,Vehicle - Pedalcyclist,14255,0,N
1,-122.305688,47.69690595,931,17500,17500,1782282,Matched,Block,,LAKE CITY WAY NE BETWEEN RAVENNA WR AVE NE AND NE 95TH ST,,,1,Property Damage Only Collision,Sideswipe,4,0,0,2,2004/06/10 00:00:00+00,06-10-2004 22:40,Mid-Block (not related to intersection),16,"MOTOR VEHICLE STRUCK MOTOR VEHICLE, LEFT SIDE SIDESWIPE",,0,Clear,Wet,Dark - Street Lights On,,4162033,,11,From same direction - both going straight - both moving - sideswipe,0,0,N
1,-122.3554736,47.70780506,932,97900,97900,3289741,Matched,Block,,GREENWOOD AVE N BETWEEN N 107TH ST AND N 110TH ST,,,1,Property Damage Only Collision,Parked Car,2,0,0,2,2009/03/12 00:00:00+00,03-12-2009 08:10,Mid-Block (not related to intersection),16,"MOTOR VEHICLE STRUCK MOTOR VEHICLE, LEFT SIDE SIDESWIPE",,0,Clear,Dry,Daylight,,9071019,,32,One parked--one moving,0,0,N
2,-122.2811026,47.5366282,934,330914,332414,3837871,Unmatched,Block,,M L KING JR WR WAY S BETWEEN S OTHELLO ST AND S HOLLY PARK DR, ,,2,Injury Collision,,2,0,0,0,2020/04/25 00:00:00+00,4/25/2020,Mid-Block (not related to intersection),14,"MOTOR VEHICLE STRUCK MOTOR VEHICLE, REAR END",,,,,,,,, ,,0,0,N
1,-122.3495986,47.6512982,935,62700,62700,2188688,Matched,Block,,N 36TH ST BETWEEN FREMONT AVE N AND FREMONT LN N,,,1,Property Damage Only Collision,Parked Car,2,0,0,2,2006/02/03 00:00:00+00,02-03-2006,Mid-Block (not related to intersection),11,"MOTOR VEHICLE STRUCK MOTOR VEHICLE, FRONT END AT ANGLE",,0,Unknown,Unknown,Unknown,,6034031,,32,One parked--one moving,0,0,N
1,-122.3271137,47.69772201,936,1056,1056,3501976,Matched,Block,,NE 95TH ST BETWEEN 1ST AVE NE AND 3RD AVE NE, ,,1,Property Damage Only Collision,Parked Car,2,0,0,2,2013/03/26 00:00:00+00,3/26/2013 9:28:00 PM,Driveway Junction,11,"MOTOR VEHICLE STRUCK MOTOR VEHICLE, FRONT END AT ANGLE",Y,N,Clear,Dry,Dark - Street Lights On,,,,32,One parked--one moving,0,0,N
2,-122.3436846,47.62089317,937,58700,58700,2622655,Matched,Intersection,28787,7TH AVE N AND THOMAS ST,,,2,Injury Collision,Right Turn,3,0,0,2,2006/09/18 00:00:00+00,9/18/2006 6:29:00 PM,At Intersection (intersection related),11,"MOTOR VEHICLE STRUCK MOTOR VEHICLE, FRONT END AT ANGLE",,0,Overcast,Dry,Dusk,,6261016,,16,From same direction - one right turn - one straight,0,0,N
2,-122.3149002,47.69217502,938,330953,332453,EA30550,Matched,Intersection,37542,12TH AVE NE AND NE 88TH ST, ,,2,Injury Collision,Cycles,2,0,1,1,2020/04/20 00:00:00+00,4/20/2020 9:42:00 AM,At Intersection (intersection related),18,"MOTOR VEHICLE STRUCK PEDALCYCLIST, FRONT END AT ANGLE",,N,Clear,Dry,Daylight,,,,6,Pedalcyclist Strikes Moving Vehicle,0,0,N
2,,,939,50900,50900,C671061,Matched,Block,,ALASKAN WY VI NB BETWEEN BATTERY ST TUNNEL NB AND BATTERY ST TUN ON RP,,,2,Injury Collision,Rear Ended,2,0,0,2,2006/07/14 00:00:00+00,7/14/2006 6:30:00 PM,Mid-Block (not related to intersection),14,"MOTOR VEHICLE STRUCK MOTOR VEHICLE, REAR END",,0,Clear,Dry,Daylight,,6195047,,14,From same direction - both going straight - one stopped - rear-end,0,0,N
1,-122.3551045,47.52287009,940,35800,35800,1795287,Matched,Intersection,35033,16TH AVE SW AND SW HENDERSON ST,,,1,Property Damage Only Collision,Angles,2,0,0,2,2005/01/26 00:00:00+00,1/26/2005 6:40:00 AM,At Intersection (intersection related),11,"MOTOR VEHICLE STRUCK MOTOR VEHICLE, FRONT END AT ANGLE",,0,Overcast,Wet,Dawn,,5026038,Y,10,Entering at angle,0,0,N
1,-122.3331002,47.57140022,941,1396,1396,3671784,Matched,Block,,S SPOKANE SR ST BETWEEN 1ST AVE S AND 2ND AVE S, ,,1,Property Damage Only Collision,Left Turn,3,0,0,2,2013/04/03 00:00:00+00,04-03-2013 13:03,Mid-Block (not related to intersection),14,"MOTOR VEHICLE STRUCK MOTOR VEHICLE, REAR END",Y,N,Clear,Dry,Daylight,,,,15,From same direction - one left turn - one straight,0,0,N
1,-122.3791567,47.54391336,942,32100,32100,1477191,Matched,Block,,37TH AVE SW BETWEEN SW MORGAN ST AND SW WARSAW ST,,,1,Property Damage Only Collision,Parked Car,2,0,0,2,2004/03/21 00:00:00+00,3/21/2004 6:26:00 PM,Driveway Junction,14,"MOTOR VEHICLE STRUCK MOTOR VEHICLE, REAR END",,0,Unknown,Unknown,Unknown,,4081025,,32,One parked--one moving,0,0,N
1,-122.3462333,47.68030574,944,1188,1188,3645758,Matched,Block,,N 71ST ST BETWEEN LINDEN AVE N AND AURORA AVE N, ,,1,Property Damage Only Collision,Parked Car,2,0,0,2,2012/12/28 00:00:00+00,12/28/2012 12:00:00 PM,Mid-Block (not related to intersection),0,NOT ENOUGH INFORMATION / NOT APPLICABLE,,N,Unknown,Unknown,Unknown,,,,32,One parked--one moving,0,0,N
1,-122.3344372,47.66503562,945,330846,332346,EA29402,Matched,Block,,N 50TH ST BETWEEN BURKE AVE N AND MERIDIAN AVE N, ,,1,Property Damage Only Collision,Sideswipe,5,0,0,2,2020/04/16 00:00:00+00,4/16/2020 2:44:00 PM,Mid-Block (not related to intersection),11,"MOTOR VEHICLE STRUCK MOTOR VEHICLE, FRONT END AT ANGLE",,N,Clear,Dry,Daylight,,,,11,From same direction - both going straight - both moving - sideswipe,0,0,N
1,-122.3754466,47.69788717,946,47500,47500,2026892,Matched,Intersection,37223,MARY AVE NW AND NW 95TH ST,,,1,Property Damage Only Collision,Other,1,0,0,1,2005/12/14 00:00:00+00,12/14/2005 3:15:00 PM,At Intersection (intersection related),28,MOTOR VEHICLE RAN OFF ROAD - HIT FIXED OBJECT,,0,Clear,Dry,Daylight,,5348005,,50,Fixed object,0,0,N
2,-122.3267959,47.61578,947,1223,1223,3605977,Matched,Block,,BELLEVUE AVE BETWEEN E PINE ST AND E OLIVE ST, ,,2,Injury Collision,Rear Ended,6,0,0,4,2013/03/30 00:00:00+00,3/30/2013 2:15:00 AM,Mid-Block (not related to intersection),14,"MOTOR VEHICLE STRUCK MOTOR VEHICLE, REAR END",,N,Clear,Dry,Dark - Street Lights On,,,,14,From same direction - both going straight - one stopped - rear-end,0,0,N
1,-122.3310508,47.60489314,948,22700,22700,1776958,Matched,Block,,COLUMBIA ST BETWEEN 4TH AVE AND 5TH AVE,,,1,Property Damage Only Collision,Parked Car,2,0,0,2,2004/02/24 00:00:00+00,2/24/2004 3:00:00 PM,Mid-Block (not related to intersection),13,"MOTOR VEHICLE STRUCK MOTOR VEHICLE, LEFT SIDE AT ANGLE",Y,0,Clear,Dry,Daylight,,4055002,,32,One parked--one moving,0,0,N
1,-122.2968928,47.54421894,949,330830,332330,EA29337,Matched,Block,,28TH AVE S BETWEEN S MORGAN ST AND S MONTEREY PL, ,,1,Property Damage Only Collision,Parked Car,2,0,0,2,2020/04/16 00:00:00+00,4/16/2020 1:52:00 AM,Mid-Block (not related to intersection),11,"MOTOR VEHICLE STRUCK MOTOR VEHICLE, FRONT END AT ANGLE",,N,Clear,Dry,Dark - Street Lights On,,,,32,One parked--one moving,0,0,Y
1,-122.278933,47.51342479,950,96800,96800,3285135,Matched,Intersection,38140,M L KING JR WR WAY S AND S NORFOLK ST,,,1,Property Damage Only Collision,Right Turn,4,0,0,2,2009/04/24 00:00:00+00,4/24/2009 12:07:00 PM,At Intersection (intersection related),14,"MOTOR VEHICLE STRUCK MOTOR VEHICLE, REAR END",,0,Clear,Dry,Daylight,,9114006,,16,From same direction - one right turn - one straight,0,0,N
1,,,951,24700,24700,1795607,Matched,Alley,,,,,1,Property Damage Only Collision,Parked Car,2,0,0,2,2004/12/08 00:00:00+00,12-08-2004,Mid-Block (not related to intersection),0,NOT ENOUGH INFORMATION / NOT APPLICABLE,Y,0,Raining,Wet,Dark - Street Lights On,,4343041,,32,One parked--one moving,0,0,N
2,-122.2644965,47.52241002,952,56600,56600,2401601,Matched,Block,,SEWARD PARK AVE S BETWEEN S HENDERSON ST AND S FISHER PL,,,2,Injury Collision,Rear Ended,3,0,0,2,2006/06/11 00:00:00+00,06-11-2006 14:17,Mid-Block (but intersection related),14,"MOTOR VEHICLE STRUCK MOTOR VEHICLE, REAR END",,0,Clear,Dry,Daylight,,6162031,,13,From same direction - both going straight - both moving - rear-end,0,0,N
1,-122.3101392,47.61761121,953,1346,1346,3605913,Matched,Intersection,30117,17TH AVE AND E HOWELL ST, ,,1,Property Damage Only Collision,Angles,2,0,0,2,2013/03/28 00:00:00+00,3/28/2013 5:57:00 AM,At Intersection (intersection related),11,"MOTOR VEHICLE STRUCK MOTOR VEHICLE, FRONT END AT ANGLE",Y,N,Raining,Wet,Dark - Street Lights On,,,,10,Entering at angle,0,0,N
2,-122.3424019,47.61855016,955,42900,42900,1060253,Matched,Intersection,29515,DENNY WAY AND DEXTER AVE,,,2,Injury Collision,Left Turn,7,0,0,3,2005/06/14 00:00:00+00,6/14/2005 4:21:00 PM,At Intersection (intersection related),11,"MOTOR VEHICLE STRUCK MOTOR VEHICLE, FRONT END AT ANGLE",,0,Clear,Dry,Daylight,,5165015,,28,From opposite direction - one left turn - one straight,0,0,N
2,-122.315691,47.57297957,956,30300,30300,1772743,Matched,Block,,S COLUMBIAN EB WAY BETWEEN I5 SB COLLECTOR AND 14TH AVE S,,,2,Injury Collision,Rear Ended,3,0,0,2,2004/06/13 00:00:00+00,6/13/2004 4:30:00 PM,Mid-Block (not related to intersection),14,"MOTOR VEHICLE STRUCK MOTOR VEHICLE, REAR END",,0,Clear,Dry,Daylight,,4165008,,14,From same direction - both going straight - one stopped - rear-end,0,0,N
1,-122.3362571,47.65564871,957,1150,1150,3613549,Unmatched,Intersection,26842,WALLINGFORD AVE N AND N 40TH ST, ,,1,Property Damage Only Collision,,1,0,0,0,2013/03/26 00:00:00+00,3/26/2013,At Intersection (intersection related),28,MOTOR VEHICLE RAN OFF ROAD - HIT FIXED OBJECT,,,,,,,,, ,,0,0,N
2,-122.3421927,47.61316683,958,17600,17600,1777181,Matched,Intersection,29558,3RD AVE AND LENORA ST,,,2,Injury Collision,Pedestrian,2,1,0,1,2004/02/12 00:00:00+00,02-12-2004 12:28,At Intersection (intersection related),24,MOTOR VEHCILE STRUCK PEDESTRIAN,,0,Clear,Dry,Daylight,Y,4043007,,2,Vehicle turning left hits pedestrian,0,0,N
1,-122.3476211,47.61857116,959,320939,322439,3746497,Matched,Intersection,29653,5TH AVE AND DENNY WAY, ,,1,Property Damage Only Collision,Angles,5,0,0,2,2019/07/05 00:00:00+00,07-05-2019 00:53,At Intersection (intersection related),11,"MOTOR VEHICLE STRUCK MOTOR VEHICLE, FRONT END AT ANGLE",,N,Clear,Dry,Dark - Street Lights On,,,,10,Entering at angle,0,0,N
2,-122.3473211,47.65413259,960,98300,98300,2796208,Matched,Intersection,27007,AURORA AVE N AND N 39TH ST,,,2,Injury Collision,Other,1,0,0,1,2009/09/22 00:00:00+00,9/22/2009 5:50:00 PM,At Intersection (but not related to intersection),11,"MOTOR VEHICLE STRUCK MOTOR VEHICLE, FRONT END AT ANGLE",,0,Clear,Dry,Daylight,,9265022,,52,Vehicle overturned,0,0,N
1,-122.3207998,47.73402776,961,320822,322322,E918662,Matched,Intersection,35862,NE 145TH ST AND 8TH AVE NE, ,,1,Property Damage Only Collision,Left Turn,2,0,0,2,2019/05/08 00:00:00+00,05-08-2019 07:42,At Intersection (intersection related),11,"MOTOR VEHICLE STRUCK MOTOR VEHICLE, FRONT END AT ANGLE",,N,Clear,Dry,Daylight,,,,28,From opposite direction - one left turn - one straight,0,0,N
1,-122.2820844,47.54528713,962,1245,1245,3617741,Matched,Block,,S EDDY ST BETWEEN 39TH AVE S AND 42ND N AVE S, ,,1,Property Damage Only Collision,Parked Car,3,0,0,3,2013/03/31 00:00:00+00,3/31/2013 2:12:00 AM,Mid-Block (not related to intersection),14,"MOTOR VEHICLE STRUCK MOTOR VEHICLE, REAR END",,N,Clear,Dry,Dark - Street Lights On,,,,32,One parked--one moving,0,0,N
2,-122.3561067,47.61860457,963,21900,21900,1478371,Matched,Block,,DENNY WAY BETWEEN QUEEN ANNE AVE N AND 1ST AVE,,,2,Injury Collision,Rear Ended,2,0,0,2,2004/06/16 00:00:00+00,6/16/2004 8:20:00 AM,Mid-Block (but intersection related),14,"MOTOR VEHICLE STRUCK MOTOR VEHICLE, REAR END",Y,0,Clear,Dry,Daylight,,4168038,,14,From same direction - both going straight - one stopped - rear-end,0,0,N
1,-122.2861937,47.58931163,964,330808,332308,EA29335,Matched,Block,,LAKESIDE AVE S BETWEEN S DAY ST AND S ATLANTIC ST, ,,1,Property Damage Only Collision,Parked Car,2,0,0,2,2020/04/15 00:00:00+00,4/15/2020 9:46:00 PM,Mid-Block (not related to intersection),11,"MOTOR VEHICLE STRUCK MOTOR VEHICLE, FRONT END AT ANGLE",,N,Clear,Dry,Dark - Street Lights On,,,,32,One parked--one moving,0,0,N
2,-122.3317981,47.60655275,965,69500,69500,2825781,Matched,Intersection,29948,5TH AVE AND MADISON ST, ,,2,Injury Collision,Pedestrian,2,1,0,1,2007/05/24 00:00:00+00,5/24/2007 7:27:00 AM,At Intersection (intersection related),24,MOTOR VEHCILE STRUCK PEDESTRIAN,,0,Clear,Dry,Daylight,,7144001,,1,Vehicle turning right hits pedestrian,0,522097,N
1,-122.3250523,47.60003004,966,1349,1349,3282608,Matched,Intersection,30499,MAYNARD AVE S AND S MAIN ST, ,,1,Property Damage Only Collision,Angles,2,0,0,2,2013/04/05 00:00:00+00,04-05-2013 07:31,At Intersection (intersection related),11,"MOTOR VEHICLE STRUCK MOTOR VEHICLE, FRONT END AT ANGLE",,N,Clear,Dry,Daylight,,,,10,Entering at angle,0,0,N
1,-122.2615904,47.51978102,967,55800,55800,2615608,Matched,Block,,57TH AVE S BETWEEN RAINIER AVE S AND WATERS AVE S,,,1,Property Damage Only Collision,Parked Car,2,0,0,2,2006/08/28 00:00:00+00,8/28/2006 1:00:00 AM,Mid-Block (not related to intersection),16,"MOTOR VEHICLE STRUCK MOTOR VEHICLE, LEFT SIDE SIDESWIPE",,0,Clear,Dry,Dark - Street Lights On,,6240034,,32,One parked--one moving,0,0,N
1,-122.2936929,47.60468703,968,1320,1320,3645760,Matched,Block,,30TH AVE BETWEEN E ALDER ST AND E TERRACE ST,NEI,"Not Enough Information, or Insufficient Location Information",1,Property Damage Only Collision,Parked Car,2,0,0,2,2013/04/01 00:00:00+00,04-01-2013 07:00,Mid-Block (not related to intersection),0,NOT ENOUGH INFORMATION / NOT APPLICABLE,,N,Unknown,Unknown,Unknown,,,,32,One parked--one moving,0,0,N
2,-122.3636233,47.62291347,969,220000,220280,E544506,Matched,Block,,ELLIOTT AVE W BETWEEN W HARRISON ST AND 6TH AVE W, ,,2,Injury Collision,Left Turn,4,0,0,2,2016/05/16 00:00:00+00,5/16/2016 7:24:00 AM,Mid-Block (not related to intersection),11,"MOTOR VEHICLE STRUCK MOTOR VEHICLE, FRONT END AT ANGLE",,N,Clear,Dry,Daylight,,,,28,From opposite direction - one left turn - one straight,0,0,N
2,-122.3135196,47.60168756,970,43700,43700,2064240,Matched,Block,,E YESLER WAY BETWEEN 14TH AVE AND 15TH AVE,,,2,Injury Collision,Rear Ended,3,0,0,2,2005/11/23 00:00:00+00,11/23/2005 3:57:00 PM,Mid-Block (but intersection related),14,"MOTOR VEHICLE STRUCK MOTOR VEHICLE, REAR END",Y,0,Clear,Dry,Daylight,,5327024,,14,From same direction - both going straight - one stopped - rear-end,0,0,N
2,-122.2756724,47.54578659,972,1143,1143,3502344,Matched,Block,,RAINIER AVE S BETWEEN S GRAHAM ST AND 46TH AVE S, ,,2,Injury Collision,Angles,2,0,0,2,2013/03/29 00:00:00+00,3/29/2013 1:24:00 PM,Mid-Block (not related to intersection),14,"MOTOR VEHICLE STRUCK MOTOR VEHICLE, REAR END",,N,Clear,Dry,Daylight,,,,10,Entering at angle,0,0,N
1,-122.3325451,47.71711313,973,1272,1272,3501459,Matched,Block,,N 122ND ST BETWEEN MERIDIAN AVE N AND CORLISS AVE N, ,,1,Property Damage Only Collision,Parked Car,3,0,0,2,2013/04/01 00:00:00+00,04-01-2013 12:26,Mid-Block (not related to intersection),14,"MOTOR VEHICLE STRUCK MOTOR VEHICLE, REAR END",,N,Overcast,Dry,Daylight,,,,20,One car leaving parked position,0,0,N
2,-122.3761867,47.56648697,974,320928,322428,3692983,Matched,Intersection,31886,35TH AVE SW AND SW DAKOTA ST, ,,2,Injury Collision,Left Turn,2,0,0,2,2019/07/05 00:00:00+00,07-05-2019 20:13,At Intersection (intersection related),11,"MOTOR VEHICLE STRUCK MOTOR VEHICLE, FRONT END AT ANGLE",,N,Clear,Dry,Daylight,,,,28,From opposite direction - one left turn - one straight,0,0,N
1,-122.2994442,47.60166172,975,320829,322329,E937151,Matched,Block,,E YESLER WAY BETWEEN 25TH AVE AND 26TH AVE, ,,1,Property Damage Only Collision,Parked Car,2,0,0,2,2019/07/05 00:00:00+00,07-05-2019 13:00,Mid-Block (not related to intersection),16,"MOTOR VEHICLE STRUCK MOTOR VEHICLE, LEFT SIDE SIDESWIPE",,N,Clear,Dry,Daylight,,,,32,One parked--one moving,0,0,Y
1,-122.3421839,47.61139963,976,84500,84500,3274184,Matched,Block,,VIRGINIA ST BETWEEN 1ST AVE AND 2ND AVE,,,1,Property Damage Only Collision,Sideswipe,2,0,0,2,2008/08/28 00:00:00+00,8/28/2008 10:21:00 AM,Mid-Block (not related to intersection),16,"MOTOR VEHICLE STRUCK MOTOR VEHICLE, LEFT SIDE SIDESWIPE",,0,Overcast,Dry,Daylight,,8241009,,12,From same direction - both going straight - one stopped - sideswipe,0,0,N
1,-122.3018681,47.61893057,977,65200,65200,2621299,Matched,Block,,E DENNY WAY BETWEEN 23RD AVE AND 24TH AVE,,,1,Property Damage Only Collision,Parked Car,2,0,0,2,2007/01/15 00:00:00+00,1/15/2007 4:25:00 PM,Mid-Block (not related to intersection),12,"MOTOR VEHICLE STRUCK MOTOR VEHICLE, RIGHT SIDE AT ANGLE",,0,Clear,Ice,Dusk,,7015014,,32,One parked--one moving,0,0,N
1,-122.340683,47.61344689,979,60900,60900,2606776,Matched,Block,,4TH AVE BETWEEN VIRGINIA ST AND LENORA ST,,,1,Property Damage Only Collision,Other,3,0,0,3,2006/11/10 00:00:00+00,11-10-2006 13:28,Driveway Junction,11,"MOTOR VEHICLE STRUCK MOTOR VEHICLE, FRONT END AT ANGLE",,0,Raining,Wet,Daylight,,6314039,,22,One car leaving driveway access,0,0,N
2,-122.3001668,47.58099444,980,41100,41100,1786060,Matched,Intersection,31467,RAINIER AVE S AND S BAYVIEW ST,,,2,Injury Collision,Angles,4,0,0,2,2005/12/31 00:00:00+00,12/31/2005 11:59:00 PM,At Intersection (intersection related),11,"MOTOR VEHICLE STRUCK MOTOR VEHICLE, FRONT END AT ANGLE",,0,Raining,Wet,Dark - Street Lights On,,5365017,,10,Entering at angle,0,0,N
1,-122.3496061,47.61403122,981,28200,28200,1069852,Matched,Intersection,29698,WALL ST AND WESTERN AVE,,,1,Property Damage Only Collision,Right Turn,2,0,0,2,2004/10/19 00:00:00+00,10/19/2004 12:06:00 PM,At Intersection (intersection related),11,"MOTOR VEHICLE STRUCK MOTOR VEHICLE, FRONT END AT ANGLE",,0,Raining,Wet,Daylight,,4293020,,16,From same direction - one right turn - one straight,0,0,N
1,-122.3669607,47.6395844,982,19600,19600,1784576,Matched,Block,,W MCGRAW ST BETWEEN 7TH AVE W AND 8TH AVE W,,,1,Property Damage Only Collision,Parked Car,2,0,0,2,2004/08/17 00:00:00+00,8/17/2004 6:05:00 PM,Mid-Block (not related to intersection),16,"MOTOR VEHICLE STRUCK MOTOR VEHICLE, LEFT SIDE SIDESWIPE",,0,Clear,Dry,Daylight,,4230032,,32,One parked--one moving,0,0,N
1,-122.3187074,47.67334117,983,98000,98000,2893411,Matched,Intersection,25717,9TH AVE NE AND NE 62ND ST,,,1,Property Damage Only Collision,Angles,5,0,0,2,2009/04/11 00:00:00+00,04-11-2009 17:54,At Intersection (intersection related),11,"MOTOR VEHICLE STRUCK MOTOR VEHICLE, FRONT END AT ANGLE",,0,Overcast,Dry,Daylight,,9101019,,10,Entering at angle,0,0,N
2,-122.2465767,47.51105248,984,20800,20800,1772930,Matched,Intersection,38351,CORNELL AVE S AND RAINIER AVE S,,,2,Injury Collision,Angles,2,0,0,2,2004/05/13 00:00:00+00,5/13/2004 11:45:00 AM,At Intersection (intersection related),11,"MOTOR VEHICLE STRUCK MOTOR VEHICLE, FRONT END AT ANGLE",,0,Clear,Dry,Daylight,,4134011,,10,Entering at angle,0,0,N
1,-122.3220923,47.6431904,985,320807,322307,E936423,Matched,Intersection,28207,HARVARD AVE E AND E ROANOKE ST, ,,1,Property Damage Only Collision,Sideswipe,2,0,0,2,2019/07/03 00:00:00+00,07-03-2019 11:00,At Intersection (intersection related),11,"MOTOR VEHICLE STRUCK MOTOR VEHICLE, FRONT END AT ANGLE",Y,N,Overcast,Dry,Daylight,,,,71,Same direction -- both turning right -- both moving -- sideswipe,0,0,N
1,-122.355325,47.67689033,986,330911,332411,3836317,Unmatched,Block,,GREENWOOD AVE N BETWEEN N 65TH ST AND N 67TH ST, ,,1,Property Damage Only Collision,,1,0,0,0,2020/04/24 00:00:00+00,4/24/2020,Mid-Block (not related to intersection),11,"MOTOR VEHICLE STRUCK MOTOR VEHICLE, FRONT END AT ANGLE",,,,,,,,, ,,0,0,Y
1,-122.3220102,47.60423293,987,61900,61900,C666663,Matched,Block,,TERRY AVE BETWEEN ALDER ST AND TERRACE ST,,,1,Property Damage Only Collision,Parked Car,2,0,0,2,2006/03/16 00:00:00+00,3/16/2006 10:20:00 AM,Mid-Block (not related to intersection),11,"MOTOR VEHICLE STRUCK MOTOR VEHICLE, FRONT END AT ANGLE",,0,Overcast,Dry,Daylight,,6075039,,20,One car leaving parked position,0,0,N
1,-122.2970769,47.57694363,988,1060,1060,3502343,Matched,Block,,RAINIER AVE S BETWEEN S FOREST ST AND M L KING JR WAY S, ,,1,Property Damage Only Collision,Rear Ended,8,0,0,3,2013/03/25 00:00:00+00,3/25/2013 1:19:00 PM,Mid-Block (not related to intersection),14,"MOTOR VEHICLE STRUCK MOTOR VEHICLE, REAR END",Y,N,Clear,Dry,Daylight,,,,13,From same direction - both going straight - both moving - rear-end,0,0,N
1,-122.2909043,47.53946714,989,60700,60700,2612183,Matched,Block,,32ND AVE S BETWEEN S FRONTENAC ST AND S MYRTLE ST,,,1,Property Damage Only Collision,Parked Car,3,0,0,2,2006/07/12 00:00:00+00,07-12-2006 12:15,Mid-Block (not related to intersection),11,"MOTOR VEHICLE STRUCK MOTOR VEHICLE, FRONT END AT ANGLE",,0,Raining,Wet,Daylight,,6193039,,32,One parked--one moving,0,0,N