SEVERITYCODE,X,Y,OBJECTID,INCKEY,COLDETKEY,REPORTNO,STATUS,ADDRTYPE,INTKEY,LOCATION,EXCEPTRSNCODE,EXCEPTRSNDESC,SEVERITYCODE,SEVERITYDESC,COLLISIONTYPE,PERSONCOUNT,PEDCOUNT,PEDCYLCOUNT,VEHCOUNT,INCDATE,INCDTTM,JUNCTIONTYPE,SDOT_COLCODE,SDOT_COLDESC,INATTENTIONIND,UNDERINFL,WEATHER,ROADCOND,LIGHTCOND,PEDROWNOTGRNT,SDOTCOLNUM,SPEEDING,ST_COLCODE,ST_COLDESC,SEGLANEKEY,CROSSWALKKEY,HITPARKEDCAR
2,-122.2975711,47.59552679,990,330966,332466,EA30710,Unmatched,Intersection,30643,M L KING JR WAY S AND S DEARBORN ST, ,,2,Injury Collision,,3,0,0,0,2020/04/25 00:00:00+00,4/25/2020,At Intersection (intersection related),14,"MOTOR VEHICLE STRUCK MOTOR VEHICLE, REAR END",,,,,,,,, ,,0,0,N
1,-122.3453009,47.6642927,991,50200,50200,2108522,Matched,Block,,N 49TH ST BETWEEN WHITMAN AVE N AND WOODLAND PARK AVE N,,,1,Property Damage Only Collision,Parked Car,2,0,0,2,2006/06/18 00:00:00+00,6/18/2006 11:37:00 PM,Mid-Block (not related to intersection),12,"MOTOR VEHICLE STRUCK MOTOR VEHICLE, RIGHT SIDE AT ANGLE",,0,Overcast,Dry,Dark - Street Lights Off,,6169025,,32,One parked--one moving,0,0,N
1,-122.3063317,47.60616745,992,35700,35700,2020103,Matched,Intersection,30190,20TH AVE AND E JEFFERSON ST,,,1,Property Damage Only Collision,Angles,2,0,0,2,2005/08/26 00:00:00+00,8/26/2005 7:04:00 PM,At Intersection (intersection related),11,"MOTOR VEHICLE STRUCK MOTOR VEHICLE, FRONT END AT ANGLE",,0,Clear,Dry,Daylight,,5238015,,10,Entering at angle,0,0,N
1,-122.3610149,47.53855078,993,1369,1369,2897721,Matched,Block,,DELRIDGE WAY SW BETWEEN SW MYRTLE ST AND SW ORCHARD ST, ,,1,Property Damage Only Collision,Right Turn,2,0,0,2,2013/04/02 00:00:00+00,04-02-2013 09:37,Mid-Block (not related to intersection),11,"MOTOR VEHICLE STRUCK MOTOR VEHICLE, FRONT END AT ANGLE",,N,Clear,Dry,Daylight,,,,16,From same direction - one right turn - one straight,0,0,N
1,-122.3237636,47.5958333,995,32500,32500,1059708,Matched,Intersection,30544,7TH AVE S AND S DEARBORN ST,,,1,Property Damage Only Collision,Angles,3,0,0,2,2005/09/29 00:00:00+00,9/29/2005 12:33:00 PM,At Intersection (intersection related),11,"MOTOR VEHICLE STRUCK MOTOR VEHICLE, FRONT END AT ANGLE",,0,Overcast,Dry,Daylight,,5272020,,10,Entering at angle,0,0,N
1,-122.3346951,47.53989316,996,320891,322391,E921770,Matched,Block,,1ST AV S BR NB BETWEEN POINT A AND SR509 NB, ,,1,Property Damage Only Collision,Rear Ended,3,0,0,3,2019/05/14 00:00:00+00,5/14/2019 9:27:00 AM,Mid-Block (not related to intersection),11,"MOTOR VEHICLE STRUCK MOTOR VEHICLE, FRONT END AT ANGLE",,N,Raining,Wet,Daylight,,,,13,From same direction - both going straight - both moving - rear-end,0,0,N
1,-122.3242949,47.63436177,997,1190,1190,3548949,Matched,Block,,FRANKLIN AVE E BETWEEN E GARFIELD ST AND E BLAINE ST, ,,1,Property Damage Only Collision,Parked Car,2,0,0,2,2013/03/30 00:00:00+00,3/30/2013 11:09:00 PM,Mid-Block (not related to intersection),11,"MOTOR VEHICLE STRUCK MOTOR VEHICLE, FRONT END AT ANGLE",,N,Clear,Dry,Dark - Street Lights On,,,,32,One parked--one moving,0,0,N
1,-122.314015,47.53476481,998,330895,332395,EA30099,Unmatched,Block,,EAST MARGINAL WAY S BETWEEN 14TH AVE S AND 16TH AVE S, ,,1,Property Damage Only Collision,,2,0,0,0,2020/04/21 00:00:00+00,4/21/2020,Mid-Block (not related to intersection),14,"MOTOR VEHICLE STRUCK MOTOR VEHICLE, REAR END",,,,,,,,, ,,0,0,N
2,-122.3307222,47.57438133,999,47300,47300,1792658,Matched,Block,,S HORTON ST BETWEEN 2ND AVE S AND 3RD AVE S,,,2,Injury Collision,Rear Ended,4,0,0,2,2005/03/19 00:00:00+00,3/19/2005 12:42:00 PM,Mid-Block (but intersection related),14,"MOTOR VEHICLE STRUCK MOTOR VEHICLE, REAR END",Y,0,Raining,Wet,Daylight,,5078036,,14,From same direction - both going straight - one stopped - rear-end,0,0,N
1,-122.3294442,47.59239427,1000,32300,32300,1783256,Matched,Block,,S ROYAL BROUGHAM WAY BETWEEN 3RD AVE S AND 4TH AVE S,,,1,Property Damage Only Collision,Head On,4,0,0,2,2004/08/28 00:00:00+00,8/28/2004 1:55:00 AM,Mid-Block (but intersection related),11,"MOTOR VEHICLE STRUCK MOTOR VEHICLE, FRONT END AT ANGLE",,0,Clear,Dry,Dark - Street Lights On,,4241029,,30,From opposite direction - all others,0,0,N
1,-122.329804,47.62427706,1002,20000,20000,1069333,Matched,Block,,MERCER ST BETWEEN YALE AVE N AND EASTLAKE AVE E,,,1,Property Damage Only Collision,Parked Car,2,0,0,2,2004/11/11 00:00:00+00,11-11-2004 01:44,Mid-Block (not related to intersection),11,"MOTOR VEHICLE STRUCK MOTOR VEHICLE, FRONT END AT ANGLE",,0,Clear,Dry,Dark - Street Lights On,,4316030,,32,One parked--one moving,0,0,N
1,-122.3519809,47.61602046,1003,1274,1274,3546507,Matched,Block,,CLAY ST BETWEEN WESTERN AVE AND 1ST AVE, ,,1,Property Damage Only Collision,Parked Car,2,0,0,2,2013/04/01 00:00:00+00,04-01-2013 08:14,Mid-Block (not related to intersection),11,"MOTOR VEHICLE STRUCK MOTOR VEHICLE, FRONT END AT ANGLE",,N,Clear,Dry,Daylight,,,,20,One car leaving parked position,0,0,N
1,-122.3763849,47.54741352,1004,330816,332316,EA29742,Matched,Block,,35TH AVE SW BETWEEN SW RAYMOND ST AND SW GRAHAM ST, ,,1,Property Damage Only Collision,Parked Car,2,0,0,2,2020/04/12 00:00:00+00,04-12-2020,Mid-Block (not related to intersection),16,"MOTOR VEHICLE STRUCK MOTOR VEHICLE, LEFT SIDE SIDESWIPE",,N,Clear,Dry,Dark - Street Lights On,,,,32,One parked--one moving,0,0,Y
1,-122.319235,47.65421717,1005,69000,69000,2188565,Matched,Block,,UNIVERSITY BR BETWEEN POINT B AND EASTLAKE AVE NE,,,1,Property Damage Only Collision,Other,1,0,0,1,2007/02/01 00:00:00+00,02-01-2007,Mid-Block (not related to intersection),28,MOTOR VEHICLE RAN OFF ROAD - HIT FIXED OBJECT,,0,Clear,Dry,Dark - Street Lights On,,7032008,,50,Fixed object,0,0,N
1,-122.2970769,47.57694363,1007,52900,52900,2612374,Matched,Block,,RAINIER AVE S BETWEEN S FOREST ST AND M L KING JR WAY S,,,1,Property Damage Only Collision,Rear Ended,3,0,0,3,2006/09/07 00:00:00+00,09-07-2006,Mid-Block (but intersection related),14,"MOTOR VEHICLE STRUCK MOTOR VEHICLE, REAR END",,0,Overcast,Dry,Daylight,,6250030,,14,From same direction - both going straight - one stopped - rear-end,0,0,N
1,,,1008,1339,1339,3581767,Matched,Intersection,29712,ALASKAN WY VI NB AND BATTERY ST TUN ON RP, ,,1,Property Damage Only Collision,Rear Ended,2,0,0,2,2013/03/27 00:00:00+00,3/27/2013 5:19:00 PM,At Intersection (intersection related),14,"MOTOR VEHICLE STRUCK MOTOR VEHICLE, REAR END",,N,Overcast,Dry,Daylight,,,,14,From same direction - both going straight - one stopped - rear-end,0,0,N
1,-122.3125402,47.67651215,1009,1011,1011,3615255,Matched,Block,,NE 66TH ST BETWEEN 14TH AVE NE AND 15TH AVE NE, ,,1,Property Damage Only Collision,Parked Car,2,0,0,2,2013/01/07 00:00:00+00,01-07-2013 15:00,Mid-Block (not related to intersection),13,"MOTOR VEHICLE STRUCK MOTOR VEHICLE, LEFT SIDE AT ANGLE",,N,Unknown,Unknown,Unknown,,,,32,One parked--one moving,0,0,N
1,-122.3554338,47.62093571,1010,43400,43400,1059857,Matched,Intersection,28930,1ST AVE N AND THOMAS ST,,,1,Property Damage Only Collision,Angles,4,0,0,3,2005/01/06 00:00:00+00,01-06-2005,At Intersection (intersection related),11,"MOTOR VEHICLE STRUCK MOTOR VEHICLE, FRONT END AT ANGLE",,0,Clear,Dry,Dark - Street Lights On,,5006015,,10,Entering at angle,0,0,N
1,-122.2906781,47.71106856,1011,30600,30600,1778635,Matched,Block,,35TH AVE NE BETWEEN NE 113TH ST AND NE 115TH ST,,,1,Property Damage Only Collision,Rear Ended,2,0,0,2,2004/05/09 00:00:00+00,05-09-2004,Mid-Block (but intersection related),14,"MOTOR VEHICLE STRUCK MOTOR VEHICLE, REAR END",Y,0,Clear,Dry,Daylight,,4130010,,14,From same direction - both going straight - one stopped - rear-end,0,0,N
1,-122.3739146,47.63088021,1012,1113,1113,3549367,Matched,Block,,ELLIOTT AVE W BETWEEN W LEE ST AND W GALER ST FLYOVER, ,,1,Property Damage Only Collision,Rear Ended,4,0,0,3,2013/03/29 00:00:00+00,3/29/2013 12:12:00 PM,Mid-Block (not related to intersection),14,"MOTOR VEHICLE STRUCK MOTOR VEHICLE, REAR END",Y,N,Clear,Dry,Daylight,,,,14,From same direction - both going straight - one stopped - rear-end,0,0,N
1,-122.3528437,47.52101768,1014,320929,322429,3694888,Matched,Intersection,35044,14TH AVE SW AND SW BARTON ST, ,,1,Property Damage Only Collision,Other,1,0,0,1,2019/06/30 00:00:00+00,6/30/2019 9:08:00 PM,At Intersection (intersection related),26,MOTOR VEHICLE STRUCK OBJECT IN ROAD,,N,Clear,Dry,Dark - Street Lights On,,,,50,Fixed object,0,0,N
1,-122.3374684,47.6543223,1015,84400,84400,2897432,Matched,Intersection,26858,DENSMORE AVE N AND N 39TH ST,,,1,Property Damage Only Collision,Angles,2,0,0,2,2008/10/20 00:00:00+00,10/20/2008 10:20:00 AM,At Intersection (intersection related),14,"MOTOR VEHICLE STRUCK MOTOR VEHICLE, REAR END",,0,Raining,Wet,Daylight,,8294011,,10,Entering at angle,0,0,N
1,-122.2699596,47.56773822,1016,330939,332439,3856983,Matched,Block,,LAKE WASHINGTON BLVD S BETWEEN 50TH AVE S AND 51ST AVE S, ,,1,Property Damage Only Collision,Other,1,0,0,1,2020/04/18 00:00:00+00,4/18/2020 7:37:00 PM,Mid-Block (not related to intersection),28,MOTOR VEHICLE RAN OFF ROAD - HIT FIXED OBJECT,,N,Clear,Dry,Daylight,,,Y,50,Fixed object,0,0,N
1,,,1017,62200,62200,2390445,Matched,Alley,,,,,1,Property Damage Only Collision,Parked Car,2,0,0,2,2006/12/16 00:00:00+00,12/16/2006 8:19:00 PM,Mid-Block (not related to intersection),12,"MOTOR VEHICLE STRUCK MOTOR VEHICLE, RIGHT SIDE AT ANGLE",,0,Clear,Dry,Dark - Street Lights On,,6350010,,32,One parked--one moving,0,0,N
1,-122.3550291,47.53411905,1018,1103,1103,3505439,Matched,Block,,16TH AVE SW BETWEEN SW AUSTIN ST AND SW HOLDEN ST, ,,1,Property Damage Only Collision,Sideswipe,2,0,0,2,2013/03/28 00:00:00+00,3/28/2013 10:10:00 AM,Mid-Block (not related to intersection),11,"MOTOR VEHICLE STRUCK MOTOR VEHICLE, FRONT END AT ANGLE",,N,Overcast,Dry,Daylight,,,,12,From same direction - both going straight - one stopped - sideswipe,0,0,N
1,-122.2884235,47.56496219,1019,82700,82700,3279863,Matched,Block,,RAINIER AVE S BETWEEN S ADAMS ST AND S GENESEE N ST,,,1,Property Damage Only Collision,Sideswipe,2,0,0,2,2008/09/02 00:00:00+00,09-02-2008,Mid-Block (not related to intersection),16,"MOTOR VEHICLE STRUCK MOTOR VEHICLE, LEFT SIDE SIDESWIPE",,0,Clear,Dry,Daylight,,8246016,,11,From same direction - both going straight - both moving - sideswipe,0,0,N
1,-122.3566853,47.62763076,1020,330980,332480,EA30896,Unmatched,Block,,QUEEN ANNE AVE N BETWEEN ALOHA ST AND WARD ST, ,,1,Property Damage Only Collision,,2,0,0,0,2020/04/26 00:00:00+00,4/26/2020,Mid-Block (not related to intersection),14,"MOTOR VEHICLE STRUCK MOTOR VEHICLE, REAR END",,,,,,,,, ,,0,0,N
1,-122.2899531,47.68304771,1021,39800,39800,1794736,Matched,Block,,NE 75TH ST BETWEEN 35TH AVE NE AND 36TH AVE NE,,,1,Property Damage Only Collision,Angles,2,0,0,2,2005/01/09 00:00:00+00,01-09-2005,Mid-Block (but intersection related),11,"MOTOR VEHICLE STRUCK MOTOR VEHICLE, FRONT END AT ANGLE",,0,Snowing,Snow/Slush,Daylight,,5009021,Y,10,Entering at angle,0,0,N
2,-122.300605,47.66626672,1022,39000,39000,2023608,Matched,Intersection,25949,25TH AVE NE AND NE BLAKELEY ST,,,2,Injury Collision,Cycles,2,0,1,1,2005/06/15 00:00:00+00,6/15/2005 7:12:00 PM,At Intersection (intersection related),18,"MOTOR VEHICLE STRUCK PEDALCYCLIST, FRONT END AT ANGLE",,0,Clear,Dry,Daylight,,5166021,,45,Vehicle - Pedalcyclist,0,0,N
1,-122.3609466,47.72507634,1023,1376,1376,3501332,Matched,Intersection,35618,3RD AVE NW AND NW 132ND ST, ,,1,Property Damage Only Collision,Angles,3,0,0,2,2013/04/03 00:00:00+00,04-03-2013 14:57,At Intersection (intersection related),11,"MOTOR VEHICLE STRUCK MOTOR VEHICLE, FRONT END AT ANGLE",,N,Clear,Dry,Daylight,,,,10,Entering at angle,0,0,N
1,-122.3024334,47.60215623,1024,83700,83700,2897992,Matched,Block,,23RD AVE BETWEEN E YESLER WAY AND E FIR ST,,,1,Property Damage Only Collision,Sideswipe,2,0,0,2,2008/04/05 00:00:00+00,04-05-2008,Mid-Block (not related to intersection),11,"MOTOR VEHICLE STRUCK MOTOR VEHICLE, FRONT END AT ANGLE",,0,Raining,Wet,Dark - Street Lights On,,8096025,,12,From same direction - both going straight - one stopped - sideswipe,0,0,N
1,-122.3500616,47.70397958,1025,35600,35600,2023185,Matched,Block,,FREMONT AVE N BETWEEN N 103RD ST AND N 104TH ST,,,1,Property Damage Only Collision,Other,1,0,0,1,2005/08/05 00:00:00+00,08-05-2005,Mid-Block (but intersection related),26,MOTOR VEHICLE STRUCK OBJECT IN ROAD,,0,Clear,Dry,Dusk,,5217009,Y,50,Fixed object,0,0,N
2,-122.2699869,47.53314343,1026,320901,322401,E923869,Matched,Block,,RAINIER AVE S BETWEEN S HOLDEN ST AND S CHICAGO ST, ,,2,Injury Collision,Sideswipe,5,0,0,5,2019/04/15 00:00:00+00,4/15/2019 7:40:00 PM,Mid-Block (not related to intersection),11,"MOTOR VEHICLE STRUCK MOTOR VEHICLE, FRONT END AT ANGLE",,N,Overcast,Dry,Dusk,,,,11,From same direction - both going straight - both moving - sideswipe,0,0,N
2,-122.3133944,47.58298195,1027,330922,332422,3856982,Matched,Intersection,31285,15TH AVE S AND S COLLEGE ST, ,,2,Injury Collision,Angles,4,0,0,3,2020/04/18 00:00:00+00,4/18/2020 1:39:00 PM,At Intersection (intersection related),11,"MOTOR VEHICLE STRUCK MOTOR VEHICLE, FRONT END AT ANGLE",,N,Overcast,Dry,Daylight,,,,10,Entering at angle,0,0,N
2,-122.3205325,47.70721265,1028,46800,46800,1794738,Matched,Block,,8TH AVE NE BETWEEN NE 106TH ST AND NE NORTHGATE WAY,,,2,Injury Collision,Parked Car,3,0,0,3,2005/02/02 00:00:00+00,02-02-2005,Mid-Block (not related to intersection),14,"MOTOR VEHICLE STRUCK MOTOR VEHICLE, REAR END",,0,Clear,Dry,Daylight,,5033021,,32,One parked--one moving,0,0,N
1,-122.3901431,47.67018946,1029,1057,1057,2906691,Matched,Intersection,25221,26TH AVE NW AND NW 57TH ST, ,,1,Property Damage Only Collision,Angles,3,0,0,2,2013/03/25 00:00:00+00,3/25/2013 7:11:00 PM,At Intersection (intersection related),11,"MOTOR VEHICLE STRUCK MOTOR VEHICLE, FRONT END AT ANGLE",,N,Overcast,Dry,Daylight,,,,10,Entering at angle,0,0,N
2,-122.3344372,47.66503562,1030,22100,22100,661947,Matched,Block,,N 50TH ST BETWEEN BURKE AVE N AND MERIDIAN AVE N,,,2,Injury Collision,Rear Ended,0,0,0,2,2004/01/28 00:00:00+00,1/28/2004 7:00:00 PM,Mid-Block (not related to intersection),14,"MOTOR VEHICLE STRUCK MOTOR VEHICLE, REAR END",,0,Raining,Wet,Dark - Street Lights On,,4028005,,13,From same direction - both going straight - both moving - rear-end,0,0,N
2,-122.3084303,47.57250753,1031,66100,66100,2828680,Matched,Block,,BEACON AVE S BETWEEN S HINDS ST AND S SPOKANE ST,,,2,Injury Collision,Rear Ended,3,0,0,2,2007/10/09 00:00:00+00,10-09-2007,Mid-Block (but intersection related),14,"MOTOR VEHICLE STRUCK MOTOR VEHICLE, REAR END",,1,Raining,Wet,Dark - Street Lights On,,7282011,Y,14,From same direction - both going straight - one stopped - rear-end,0,0,N
1,-122.2949704,47.61295618,1032,1301,1301,3645759,Matched,Block,,E UNION ST BETWEEN M L KING JR WAY AND 30TH AVE,NEI,"Not Enough Information, or Insufficient Location Information",1,Property Damage Only Collision,Parked Car,2,0,0,2,2013/03/31 00:00:00+00,3/31/2013 11:00:00 PM,,0,NOT ENOUGH INFORMATION / NOT APPLICABLE,,N,Unknown,Dry,Unknown,,,,32,One parked--one moving,0,0,N
1,-122.282756,47.657254,1033,61300,61300,2617920,Matched,Block,,42ND AVE NE BETWEEN NE 38TH ST AND NE 41ST ST,,,1,Property Damage Only Collision,Parked Car,2,0,0,2,2006/12/10 00:00:00+00,12-10-2006 16:00,Mid-Block (not related to intersection),16,"MOTOR VEHICLE STRUCK MOTOR VEHICLE, LEFT SIDE SIDESWIPE",,0,Unknown,Unknown,Unknown,,6344008,,32,One parked--one moving,0,0,N
1,-122.3032877,47.59979969,1034,52300,52300,2019849,Matched,Block,,22ND AVE S BETWEEN S MAIN ST AND S JACKSON ST,,,1,Property Damage Only Collision,Parked Car,2,0,0,2,2006/04/03 00:00:00+00,04-03-2006,Mid-Block (not related to intersection),11,"MOTOR VEHICLE STRUCK MOTOR VEHICLE, FRONT END AT ANGLE",,0,Clear,Dry,Daylight,,6093028,,32,One parked--one moving,0,0,N
2,-122.2905441,47.69704501,1036,1393,1393,3608881,Matched,Block,,35TH AVE NE BETWEEN NE 94TH ST AND NE 95TH ST, ,,2,Injury Collision,Rear Ended,2,0,0,2,2013/04/03 00:00:00+00,04-03-2013 19:40,Mid-Block (not related to intersection),14,"MOTOR VEHICLE STRUCK MOTOR VEHICLE, REAR END",Y,N,Clear,Dry,Dusk,,,,14,From same direction - both going straight - one stopped - rear-end,0,0,N
1,-122.3265732,47.62604316,1037,70200,70200,2621548,Matched,Block,,BELLEVUE AVE E BETWEEN E ROY ST AND BELLEVUE PL E,,,1,Property Damage Only Collision,Parked Car,2,0,0,2,2007/01/31 00:00:00+00,1/31/2007 7:00:00 PM,Mid-Block (but intersection related),16,"MOTOR VEHICLE STRUCK MOTOR VEHICLE, LEFT SIDE SIDESWIPE",,0,Clear,Dry,Dark - Street Lights On,,7031040,,32,One parked--one moving,0,0,N
1,-122.3167819,47.60169337,1039,320917,322417,3547999,Matched,Intersection,30410,12TH AVE AND E YESLER WAY, ,,1,Property Damage Only Collision,Angles,2,0,0,2,2019/07/03 00:00:00+00,07-03-2019 19:16,At Intersection (intersection related),11,"MOTOR VEHICLE STRUCK MOTOR VEHICLE, FRONT END AT ANGLE",Y,N,Clear,Dry,Daylight,,,,10,Entering at angle,0,0,N
1,-122.3224615,47.61144442,1041,61800,61800,C675445,Matched,Intersection,29771,BOYLSTON AVE AND SPRING ST,,,1,Property Damage Only Collision,Angles,2,0,0,2,2006/10/06 00:00:00+00,10-06-2006,At Intersection (intersection related),11,"MOTOR VEHICLE STRUCK MOTOR VEHICLE, FRONT END AT ANGLE",,0,Raining,Wet,Daylight,,6279067,,10,Entering at angle,0,0,N
1,-122.3670236,47.62559265,1042,1062,1062,3503599,Matched,Block,,ELLIOTT AVE W BETWEEN W MERCER ST AND W MERCER PL, ,,1,Property Damage Only Collision,Parked Car,3,0,0,2,2013/03/25 00:00:00+00,3/25/2013 2:27:00 AM,Mid-Block (not related to intersection),14,"MOTOR VEHICLE STRUCK MOTOR VEHICLE, REAR END",,Y,Clear,Dry,Dark - Street Lights On,,,,32,One parked--one moving,0,0,N
2,-122.3014172,47.61294603,1043,58500,58500,2128352,Matched,Intersection,30026,24TH AVE AND E UNION ST,,,2,Injury Collision,Angles,2,0,0,2,2006/01/12 00:00:00+00,01-12-2006 15:58,At Intersection (intersection related),11,"MOTOR VEHICLE STRUCK MOTOR VEHICLE, FRONT END AT ANGLE",,0,Raining,Wet,Dusk,,6012019,,10,Entering at angle,0,0,N
1,-122.3596588,47.63413575,1044,330963,332463,EA30707,Matched,Block,,2ND AVE W BETWEEN W GARFIELD ST AND W BLAINE ST, ,,1,Property Damage Only Collision,Parked Car,2,0,0,2,2020/04/21 00:00:00+00,4/21/2020 3:00:00 PM,Mid-Block (not related to intersection),11,"MOTOR VEHICLE STRUCK MOTOR VEHICLE, FRONT END AT ANGLE",,N,Overcast,Wet,Daylight,,,,32,One parked--one moving,0,0,Y
1,-122.331313,47.60872917,1045,48600,48600,2623595,Matched,Block,,SENECA ST BETWEEN 6TH AVE AND HUBBELL PL,,,1,Property Damage Only Collision,Rear Ended,2,0,0,2,2006/12/01 00:00:00+00,12-01-2006,Mid-Block (but intersection related),14,"MOTOR VEHICLE STRUCK MOTOR VEHICLE, REAR END",,0,Clear,Dry,Dark - Street Lights On,,6335053,,14,From same direction - both going straight - one stopped - rear-end,0,0,N
2,-122.3046833,47.58690986,1046,37600,37600,1793210,Matched,Intersection,31533,RAINIER AVE S AND S GRAND ST,,,2,Injury Collision,Angles,3,0,0,2,2005/01/27 00:00:00+00,1/27/2005 11:59:00 AM,At Intersection (intersection related),11,"MOTOR VEHICLE STRUCK MOTOR VEHICLE, FRONT END AT ANGLE",,0,Clear,Dry,Daylight,,5027013,,10,Entering at angle,0,0,N
1,-122.4003494,47.65977588,1047,24300,24300,1776183,Matched,Block,,W GOVERNMENT WAY BETWEEN 33RD AVE W AND 34TH AVE W,,,1,Property Damage Only Collision,Parked Car,2,0,0,2,2004/03/08 00:00:00+00,03-08-2004,Mid-Block (not related to intersection),16,"MOTOR VEHICLE STRUCK MOTOR VEHICLE, LEFT SIDE SIDESWIPE",Y,0,Clear,Dry,Daylight,,4068019,,32,One parked--one moving,0,0,N
2,-122.3081696,47.69031277,1048,55400,55400,2624180,Matched,Intersection,37776,LAKE CITY WAY NE AND NE 85TH ST,,,2,Injury Collision,Angles,2,0,0,2,2006/10/15 00:00:00+00,10/15/2006 9:41:00 PM,At Intersection (intersection related),11,"MOTOR VEHICLE STRUCK MOTOR VEHICLE, FRONT END AT ANGLE",,0,Overcast,Wet,Dark - Street Lights On,,6288019,,10,Entering at angle,0,0,N
1,-122.3253062,47.60532163,1049,34300,34300,2028518,Matched,Block,,JAMES ST BETWEEN 8TH AVE AND 9TH AVE,,,1,Property Damage Only Collision,Rear Ended,6,0,0,3,2005/06/07 00:00:00+00,06-07-2005,Mid-Block (not related to intersection),14,"MOTOR VEHICLE STRUCK MOTOR VEHICLE, REAR END",,0,Overcast,Dry,Daylight,,5158034,,14,From same direction - both going straight - one stopped - rear-end,0,0,N
2,-122.344507,47.68766545,1050,320871,322371,E920382,Matched,Intersection,24277,AURORA AVE N AND N 81ST ST, ,,2,Injury Collision,Rear Ended,3,0,0,2,2019/05/01 00:00:00+00,05-01-2019 08:35,At Intersection (but not related to intersection),14,"MOTOR VEHICLE STRUCK MOTOR VEHICLE, REAR END",Y,N,Clear,Dry,Daylight,,,,14,From same direction - both going straight - one stopped - rear-end,0,0,N
2,-122.3867716,47.5647203,1051,1197,1197,3553269,Matched,Intersection,31893,CALIFORNIA AVE SW AND SW GENESEE ST, ,,2,Injury Collision,Angles,4,0,0,2,2013/03/30 00:00:00+00,3/30/2013 9:43:00 AM,At Intersection (intersection related),11,"MOTOR VEHICLE STRUCK MOTOR VEHICLE, FRONT END AT ANGLE",Y,N,Clear,Dry,Daylight,,,,10,Entering at angle,0,0,N
1,-122.3207536,47.60764594,1052,330845,332345,EA29403,Matched,Block,,BROADWAY BETWEEN JAMES ST AND CHERRY ST, ,,1,Property Damage Only Collision,Other,3,0,0,2,2020/04/17 00:00:00+00,4/17/2020 11:32:00 AM,Mid-Block (not related to intersection),11,"MOTOR VEHICLE STRUCK MOTOR VEHICLE, FRONT END AT ANGLE",,N,Clear,Dry,Daylight,,,,23,From same direction - all others,0,0,N
2,-122.3348663,47.60822792,1053,45500,45500,1777535,Matched,Intersection,29931,4TH AVE AND UNIVERSITY ST,,,2,Injury Collision,Rear Ended,3,0,0,2,2005/03/30 00:00:00+00,3/30/2005 12:00:00 PM,At Intersection (intersection related),14,"MOTOR VEHICLE STRUCK MOTOR VEHICLE, REAR END",Y,0,Clear,Dry,Daylight,,5089018,,14,From same direction - both going straight - one stopped - rear-end,0,0,N
1,-122.3126392,47.65830815,1054,31800,31800,1773604,Matched,Block,,NE 42ND ST BETWEEN UNIVERSITY WAY NE AND 15TH AVE NE,,,1,Property Damage Only Collision,Parked Car,2,0,0,2,2004/02/17 00:00:00+00,2/17/2004 4:21:00 PM,Mid-Block (not related to intersection),11,"MOTOR VEHICLE STRUCK MOTOR VEHICLE, FRONT END AT ANGLE",,0,Raining,Wet,Daylight,,4048018,,32,One parked--one moving,0,0,N
1,-122.3531671,47.61730798,1055,1246,1246,3643905,Matched,Block,,1ST AVE BETWEEN BROAD ST AND EAGLE ST, ,,1,Property Damage Only Collision,Parked Car,2,0,0,2,2013/03/31 00:00:00+00,3/31/2013 1:24:00 PM,Mid-Block (not related to intersection),11,"MOTOR VEHICLE STRUCK MOTOR VEHICLE, FRONT END AT ANGLE",,Y,Clear,Dry,Daylight,,,,32,One parked--one moving,0,0,N
2,-122.3219663,47.72215775,1056,1300,1300,3501982,Matched,Block,,ROOSEVELT WAY NE BETWEEN NE 127TH ST AND NE 130TH S ST, ,,2,Injury Collision,Rear Ended,2,0,0,2,2013/03/27 00:00:00+00,3/27/2013 6:25:00 PM,Mid-Block (not related to intersection),14,"MOTOR VEHICLE STRUCK MOTOR VEHICLE, REAR END",,N,Clear,Dry,Daylight,,,,14,From same direction - both going straight - one stopped - rear-end,0,0,N
1,-122.3761867,47.56648697,1057,1271,1271,3380914,Matched,Intersection,31886,35TH AVE SW AND SW DAKOTA ST, ,,1,Property Damage Only Collision,Rear Ended,2,0,0,2,2013/04/01 00:00:00+00,04-01-2013 17:30,At Intersection (intersection related),14,"MOTOR VEHICLE STRUCK MOTOR VEHICLE, REAR END",,N,Clear,Dry,Daylight,,,,83,Same direction -- both turning left -- both moving -- rear end,0,0,N
1,-122.34773,47.72822459,1058,330812,332312,EA29622,Unmatched,Block,,LINDEN AVE N BETWEEN N 137TH S ST AND N 137TH N ST, ,,1,Property Damage Only Collision,,2,0,0,0,2020/04/17 00:00:00+00,4/17/2020,Mid-Block (not related to intersection),11,"MOTOR VEHICLE STRUCK MOTOR VEHICLE, FRONT END AT ANGLE",,,,,,,,, ,,0,0,N