SEVERITYCODE,X,Y,OBJECTID,INCKEY,COLDETKEY,REPORTNO,STATUS,ADDRTYPE,INTKEY,LOCATION,EXCEPTRSNCODE,EXCEPTRSNDESC,SEVERITYCODE,SEVERITYDESC,COLLISIONTYPE,PERSONCOUNT,PEDCOUNT,PEDCYLCOUNT,VEHCOUNT,INCDATE,INCDTTM,JUNCTIONTYPE,SDOT_COLCODE,SDOT_COLDESC,INATTENTIONIND,UNDERINFL,WEATHER,ROADCOND,LIGHTCOND,PEDROWNOTGRNT,SDOTCOLNUM,SPEEDING,ST_COLCODE,ST_COLDESC,SEGLANEKEY,CROSSWALKKEY,HITPARKEDCAR
1,-122.3145298,47.57162418,1273,164000,164020,3577627,Matched,Intersection,32247,S COLUMBIAN WAY AND S SPOKANE ST,NEI,"Not Enough Information, or Insufficient Location Information",1,Property Damage Only Collision,Other,2,0,0,2,2014/02/28 00:00:00+00,2/28/2014 3:15:00 AM,At Intersection (intersection related),0,NOT ENOUGH INFORMATION / NOT APPLICABLE,,N,Unknown,Dry,Dark - Street Lights On,,,,23,From same direction - all others,0,0,N
1,-122.3229563,47.66133335,1275,105200,105200,2501998,Matched,Intersection,27071,5TH AVE NE AND NE 45TH ST,,,1,Property Damage Only Collision,Sideswipe,2,0,0,2,2009/12/08 00:00:00+00,12-08-2009,At Intersection (intersection related),11,"MOTOR VEHICLE STRUCK MOTOR VEHICLE, FRONT END AT ANGLE",,0,Clear,Dry,Dark - Street Lights On,,9342007,,81,Same direction -- both turning left -- both moving -- sideswipe,0,0,N
1,-122.3762222,47.66121143,1276,247000,247600,3762522,Matched,Block,,BALLARD BR BETWEEN POINT B AND BALLARD BR OFF RP, ,,1,Property Damage Only Collision,Sideswipe,0,0,0,2,2017/08/29 00:00:00+00,8/29/2017 5:00:00 PM,Mid-Block (not related to intersection),16,"MOTOR VEHICLE STRUCK MOTOR VEHICLE, LEFT SIDE SIDESWIPE",,N,Clear,Dry,Daylight,,,,11,From same direction - both going straight - both moving - sideswipe,0,0,N
1,-122.2536181,47.51568877,1277,138400,138400,3617388,Matched,Block,,RAINIER AVE S BETWEEN S PILGRIM ST AND S NORFOLK ST,,,1,Property Damage Only Collision,Sideswipe,4,0,0,2,2012/05/11 00:00:00+00,05-11-2012 16:18,Mid-Block (not related to intersection),11,"MOTOR VEHICLE STRUCK MOTOR VEHICLE, FRONT END AT ANGLE",,N,Clear,Dry,Daylight,,12132005,,26,From opposite direction - both going straight - sideswipe,0,0,N
1,-122.3261357,47.55338035,1280,203500,203640,E463985,Matched,Block,,S LUCILE ST BETWEEN 6TH AVE S AND MAYNARD AVE S, ,,1,Property Damage Only Collision,Other,0,0,0,1,2015/09/23 00:00:00+00,9/23/2015 1:13:00 AM,Mid-Block (not related to intersection),28,MOTOR VEHICLE RAN OFF ROAD - HIT FIXED OBJECT,,N,Clear,Dry,Dark - Street Lights On,,,,50,Fixed object,0,0,N
2,-122.394509,47.66864794,1281,151300,151320,3642031,Matched,Intersection,25225,NW 54TH ST AND NW MARKET ST, ,,2,Injury Collision,Cycles,2,0,1,1,2013/07/25 00:00:00+00,7/25/2013 3:01:00 PM,At Intersection (intersection related),18,"MOTOR VEHICLE STRUCK PEDALCYCLIST, FRONT END AT ANGLE",,N,Clear,Dry,Daylight,Y,,,45,Vehicle - Pedalcyclist,25965,0,N
2,-122.3449968,47.72503555,1282,67300,67300,2829236,Matched,Block,,AURORA AVE N BETWEEN N 130TH ST AND N 135TH ST,,,2,Injury Collision,Rear Ended,2,0,0,2,2007/07/20 00:00:00+00,7/20/2007 5:28:00 PM,Mid-Block (not related to intersection),14,"MOTOR VEHICLE STRUCK MOTOR VEHICLE, REAR END",,0,Raining,Wet,Daylight,,7201043,,14,From same direction - both going straight - one stopped - rear-end,0,0,N
1,-122.3007113,47.6653328,1283,192600,192700,E418699,Matched,Block,,25TH AVE NE BETWEEN NE 49TH ST AND NE BLAKELEY ST, ,,1,Property Damage Only Collision,Sideswipe,0,0,0,2,2015/04/18 00:00:00+00,4/18/2015 2:00:00 PM,Driveway Junction,11,"MOTOR VEHICLE STRUCK MOTOR VEHICLE, FRONT END AT ANGLE",,N,Clear,Dry,Daylight,,,,11,From same direction - both going straight - both moving - sideswipe,0,0,N
1,-122.3554386,47.62035192,1284,85500,85500,2791456,Matched,Block,,1ST AVE N BETWEEN JOHN ST AND THOMAS ST,,,1,Property Damage Only Collision,Other,3,0,0,2,2008/02/27 00:00:00+00,2/27/2008 7:15:00 PM,Mid-Block (not related to intersection),11,"MOTOR VEHICLE STRUCK MOTOR VEHICLE, FRONT END AT ANGLE",,0,Clear,Dry,Dusk,,8058009,,21,One car entering driveway access,0,0,N
2,,,1285,107100,107100,3377384,Matched,,,,NEI,"Not Enough Information, or Insufficient Location Information",2,Injury Collision,Sideswipe,3,0,0,3,2010/06/05 00:00:00+00,06-05-2010 17:20,,0,NOT ENOUGH INFORMATION / NOT APPLICABLE,,N,Clear,Dry,Daylight,,10156002,,26,From opposite direction - both going straight - sideswipe,0,0,N
2,-122.3016141,47.70437186,1287,289900,290760,E803151,Matched,Block,,LAKE CITY WAY NE BETWEEN NE 104TH WAY AND 24TH AVE NE, ,,2,Injury Collision,Left Turn,4,0,0,2,2018/05/30 00:00:00+00,5/30/2018 1:49:00 PM,Mid-Block (not related to intersection),11,"MOTOR VEHICLE STRUCK MOTOR VEHICLE, FRONT END AT ANGLE",,N,Clear,Dry,Daylight,,,,28,From opposite direction - one left turn - one straight,0,0,N
1,-122.3888586,47.67454985,1288,104200,104200,3327776,Matched,Block,,NW 63RD ST BETWEEN 24TH AVE NW AND 26TH AVE NW,,,1,Property Damage Only Collision,Parked Car,2,0,0,2,2009/08/30 00:00:00+00,8/30/2009 10:35:00 AM,Mid-Block (not related to intersection),11,"MOTOR VEHICLE STRUCK MOTOR VEHICLE, FRONT END AT ANGLE",,0,Clear,Dry,Daylight,,9242004,,32,One parked--one moving,0,0,N
1,-122.3263738,47.59583727,1289,245600,246200,E688284,Matched,Intersection,30542,6TH AVE S AND S DEARBORN ST, ,,1,Property Damage Only Collision,Right Turn,3,0,0,2,2017/06/29 00:00:00+00,6/29/2017 12:35:00 PM,At Intersection (but not related to intersection),11,"MOTOR VEHICLE STRUCK MOTOR VEHICLE, FRONT END AT ANGLE",Y,N,Clear,Dry,Daylight,,,,16,From same direction - one right turn - one straight,0,0,N
2,-122.4095636,47.64862786,1290,135800,135800,3546278,Matched,Intersection,26429,W DRAVUS ST AND WEST VIEWMONT WAY W, ,,2,Injury Collision,Angles,11,0,0,2,2012/01/13 00:00:00+00,1/13/2012 8:59:00 AM,At Intersection (intersection related),11,"MOTOR VEHICLE STRUCK MOTOR VEHICLE, FRONT END AT ANGLE",,N,Clear,Dry,Daylight,,12013016,,10,Entering at angle,0,0,N
1,-122.3089264,47.60860905,1291,141200,141200,3551979,Matched,Block,,18TH AVE BETWEEN E CHERRY ST AND E COLUMBIA ST,,,1,Property Damage Only Collision,Parked Car,2,0,0,2,2012/03/08 00:00:00+00,03-08-2012 22:00,Mid-Block (not related to intersection),11,"MOTOR VEHICLE STRUCK MOTOR VEHICLE, FRONT END AT ANGLE",Y,N,Unknown,Unknown,Dark - Street Lights On,,12068019,,32,One parked--one moving,0,0,N
2,-122.3207714,47.61351951,1292,184700,184780,3626707,Matched,Block,,BROADWAY BETWEEN E UNION ST AND E PIKE ST, ,,2,Injury Collision,Rear Ended,4,0,0,2,2015/01/31 00:00:00+00,1/31/2015 3:17:00 AM,Mid-Block (but intersection related),14,"MOTOR VEHICLE STRUCK MOTOR VEHICLE, REAR END",,Y,Fog/Smog/Smoke,Wet,Dark - Street Lights On,,,,14,From same direction - both going straight - one stopped - rear-end,0,0,N
1,-122.3161738,47.71943687,1293,125300,125300,3466678,Matched,Intersection,36429,11TH AVE NE AND NE 125TH ST,,,1,Property Damage Only Collision,Right Turn,4,0,0,2,2011/08/02 00:00:00+00,08-02-2011,At Intersection (intersection related),11,"MOTOR VEHICLE STRUCK MOTOR VEHICLE, FRONT END AT ANGLE",,0,Clear,Dry,Daylight,,11214001,,16,From same direction - one right turn - one straight,0,0,N
1,-122.3757024,47.65393223,1294,241100,241540,3740350,Matched,Intersection,26735,15TH AV W OFF RP AND W NICKERSON ST, ,,1,Property Damage Only Collision,Angles,2,0,0,2,2017/05/12 00:00:00+00,05-12-2017 16:41,At Intersection (intersection related),11,"MOTOR VEHICLE STRUCK MOTOR VEHICLE, FRONT END AT ANGLE",,N,Overcast,Dry,Daylight,,,,10,Entering at angle,0,0,N
1,-122.335764,47.69595592,1296,169900,169920,3576661,Matched,Block,,N 92ND ST BETWEEN WALLINGFORD AVE N AND COLLEGE WAY N, ,,1,Property Damage Only Collision,Rear Ended,2,0,0,2,2014/06/13 00:00:00+00,6/13/2014 3:56:00 PM,Mid-Block (not related to intersection),14,"MOTOR VEHICLE STRUCK MOTOR VEHICLE, REAR END",,N,Clear,Dry,Daylight,,,,14,From same direction - both going straight - one stopped - rear-end,0,0,N
2,-122.3127363,47.73303741,1297,66800,66800,2802610,Matched,Block,,15TH AVE NE BETWEEN NE 143RD ST AND NE 145TH ST,,,2,Injury Collision,Rear Ended,4,0,0,3,2007/05/19 00:00:00+00,5/19/2007 9:55:00 PM,Mid-Block (but intersection related),14,"MOTOR VEHICLE STRUCK MOTOR VEHICLE, REAR END",,0,Clear,Dry,Dark - Street Lights On,,7139010,,14,From same direction - both going straight - one stopped - rear-end,0,0,N
1,-122.3331002,47.57140022,1298,188100,188180,3730226,Matched,Block,,S SPOKANE SR ST BETWEEN 1ST AVE S AND 2ND AVE S, ,,1,Property Damage Only Collision,Sideswipe,4,0,0,2,2015/03/20 00:00:00+00,3/20/2015 2:44:00 PM,Mid-Block (not related to intersection),11,"MOTOR VEHICLE STRUCK MOTOR VEHICLE, FRONT END AT ANGLE",Y,N,Raining,Wet,Daylight,,,,11,From same direction - both going straight - both moving - sideswipe,0,0,N
1,-122.3492593,47.52007973,1299,91900,91900,2896338,Matched,Block,,11TH AVE SW BETWEEN SW BARTON ST AND SW CAMBRIDGE ST,,,1,Property Damage Only Collision,Other,2,0,0,2,2008/11/12 00:00:00+00,11-12-2008 08:02,Mid-Block (but intersection related),14,"MOTOR VEHICLE STRUCK MOTOR VEHICLE, REAR END",,0,Raining,Wet,Daylight,,8317016,,23,From same direction - all others,0,0,N
1,-122.3762239,47.56017275,1300,229100,229460,E594430,Matched,Block,,35TH AVE SW BETWEEN SW ALASKA ST AND SW EDMUNDS ST, ,,1,Property Damage Only Collision,Rear Ended,5,0,0,2,2016/09/28 00:00:00+00,9/28/2016 1:25:00 PM,Mid-Block (but intersection related),14,"MOTOR VEHICLE STRUCK MOTOR VEHICLE, REAR END",Y,N,Clear,Dry,Daylight,,,,14,From same direction - both going straight - one stopped - rear-end,0,0,N
1,-122.3227663,47.64965019,1301,124000,124000,3378074,Matched,Block,,EASTLAKE AVE E BETWEEN E ALLISON ST AND HARVARD AVE E,,,1,Property Damage Only Collision,Parked Car,2,0,0,2,2011/01/25 00:00:00+00,1/25/2011 2:00:00 PM,Mid-Block (not related to intersection),11,"MOTOR VEHICLE STRUCK MOTOR VEHICLE, FRONT END AT ANGLE",,N,Unknown,Unknown,Unknown,,11025002,,32,One parked--one moving,0,0,N
1,-122.3554039,47.62457825,1303,127900,127900,3560580,Matched,Intersection,28919,1ST AVE N AND MERCER ST,,,1,Property Damage Only Collision,Right Turn,2,0,0,2,2011/05/14 00:00:00+00,5/14/2011 9:47:00 PM,At Intersection (intersection related),11,"MOTOR VEHICLE STRUCK MOTOR VEHICLE, FRONT END AT ANGLE",,N,Raining,Wet,Dark - Street Lights On,,11134003,,16,From same direction - one right turn - one straight,0,0,N
1,-122.3829039,47.54987411,1305,117900,117900,3342834,Matched,Intersection,32824,40TH AVE SW AND FAUNTLEROY N WAY SW,,,1,Property Damage Only Collision,Rear Ended,5,0,0,2,2010/09/10 00:00:00+00,09-10-2010 15:39,At Intersection (but not related to intersection),14,"MOTOR VEHICLE STRUCK MOTOR VEHICLE, REAR END",Y,N,Clear,Dry,Daylight,,10253023,,14,From same direction - both going straight - one stopped - rear-end,0,0,N
2,-122.3344772,47.60444646,1306,205300,205460,3789104,Matched,Intersection,29968,2ND AVE AND MARION ST, ,,2,Injury Collision,Angles,4,0,0,2,2015/10/17 00:00:00+00,10/17/2015 3:50:00 AM,At Intersection (intersection related),11,"MOTOR VEHICLE STRUCK MOTOR VEHICLE, FRONT END AT ANGLE",,N,Clear,Dry,Dark - Street Lights On,,,,10,Entering at angle,0,0,N
1,-122.3767962,47.68779988,1307,135600,135600,3596830,Matched,Block,,15TH AVE NW BETWEEN NW 80TH ST AND NW 83RD ST,,,1,Property Damage Only Collision,Sideswipe,3,0,0,2,2012/02/18 00:00:00+00,2/18/2012 7:01:00 PM,Mid-Block (not related to intersection),11,"MOTOR VEHICLE STRUCK MOTOR VEHICLE, FRONT END AT ANGLE",,N,Raining,Wet,Dark - Street Lights On,,12049018,,11,From same direction - both going straight - both moving - sideswipe,0,0,N
2,-122.3351293,47.60515932,1308,81100,81100,2908455,Matched,Intersection,29614,2ND AVE AND MADISON ST,,,2,Injury Collision,Angles,2,0,0,2,2008/04/04 00:00:00+00,04-04-2008,At Intersection (intersection related),11,"MOTOR VEHICLE STRUCK MOTOR VEHICLE, FRONT END AT ANGLE",,0,Raining,Wet,Dark - Street Lights On,,8095030,,10,Entering at angle,0,0,N
2,-122.3560566,47.62458061,1309,192100,192180,3739230,Matched,Block,,MERCER ST BETWEEN QUEEN ANNE AVE N AND 1ST AVE N, ,,2,Injury Collision,Parked Car,3,0,0,2,2015/05/02 00:00:00+00,05-02-2015 01:35,Mid-Block (not related to intersection),14,"MOTOR VEHICLE STRUCK MOTOR VEHICLE, REAR END",,N,Clear,Dry,Dark - Street Lights On,,,,32,One parked--one moving,0,0,N
1,-122.3298224,47.61445724,1310,141700,141700,3505797,Matched,Intersection,29872,BOREN AVE AND PINE ST,,,1,Property Damage Only Collision,Sideswipe,2,0,0,2,2012/04/13 00:00:00+00,4/13/2012 5:30:00 PM,At Intersection (intersection related),11,"MOTOR VEHICLE STRUCK MOTOR VEHICLE, FRONT END AT ANGLE",,N,Clear,Dry,Daylight,,12104011,,71,Same direction -- both turning right -- both moving -- sideswipe,0,0,N
1,-122.3681086,47.5665305,1311,199500,199640,3645071,Matched,Block,,28TH AVE SW BETWEEN SW DAKOTA ST AND SW ADAMS ST, ,,1,Property Damage Only Collision,Parked Car,2,0,0,2,2015/08/08 00:00:00+00,08-08-2015 13:35,Mid-Block (not related to intersection),13,"MOTOR VEHICLE STRUCK MOTOR VEHICLE, LEFT SIDE AT ANGLE",Y,N,Unknown,Unknown,Unknown,,,,32,One parked--one moving,0,0,Y
2,-122.3497555,47.64651291,1312,250600,251200,E724981,Matched,Block,,4TH AVE N BETWEEN NICKERSON ST AND FREMONT BR, ,,2,Injury Collision,Rear Ended,0,0,0,2,2017/10/20 00:00:00+00,10/20/2017 10:08:00 AM,Mid-Block (not related to intersection),14,"MOTOR VEHICLE STRUCK MOTOR VEHICLE, REAR END",,N,Raining,Wet,Daylight,,,,14,From same direction - both going straight - one stopped - rear-end,0,0,N
1,-122.3396265,47.61692583,1315,123100,123100,3560984,Matched,Block,,BLANCHARD ST BETWEEN 7TH AVE AND 8TH AVE,,,1,Property Damage Only Collision,Sideswipe,3,0,0,2,2011/10/29 00:00:00+00,10/29/2011 10:54:00 PM,Mid-Block (not related to intersection),11,"MOTOR VEHICLE STRUCK MOTOR VEHICLE, FRONT END AT ANGLE",,N,Clear,Dry,Dark - Street Lights On,,11302008,,11,From same direction - both going straight - both moving - sideswipe,0,0,N
1,-122.309876,47.63955856,1317,74300,74300,2827840,Matched,Block,,E LYNN ST BETWEEN BOYER AVE E AND 18TH AVE E,,,1,Property Damage Only Collision,Parked Car,2,0,0,2,2007/09/16 00:00:00+00,9/16/2007 6:53:00 PM,Mid-Block (but intersection related),13,"MOTOR VEHICLE STRUCK MOTOR VEHICLE, LEFT SIDE AT ANGLE",Y,0,Clear,Dry,Daylight,,7259018,,32,One parked--one moving,0,0,N
1,-122.3342033,47.57498194,1318,243300,243800,3756581,Matched,Block,,1ST AVE S BETWEEN S HANFORD ST AND S HORTON ST, ,,1,Property Damage Only Collision,Parked Car,2,0,0,2,2017/06/19 00:00:00+00,6/19/2017 6:55:00 AM,Mid-Block (not related to intersection),14,"MOTOR VEHICLE STRUCK MOTOR VEHICLE, REAR END",,N,Clear,Dry,Daylight,,,,32,One parked--one moving,0,0,N
1,-122.3426269,47.65161865,1319,134600,134600,3569016,Matched,Block,,STONE WAY N BETWEEN N 36TH ST AND N 38TH ST, ,,1,Property Damage Only Collision,Rear Ended,2,0,0,2,2012/01/10 00:00:00+00,01-10-2012 10:30,Mid-Block (but intersection related),14,"MOTOR VEHICLE STRUCK MOTOR VEHICLE, REAR END",,N,Clear,Wet,Daylight,,12010009,,14,From same direction - both going straight - one stopped - rear-end,0,0,N
1,-122.269986,47.52330727,1320,108500,108500,3296338,Matched,Intersection,35443,RAINIER AVE S AND S HENDERSON ST,,,1,Property Damage Only Collision,Rear Ended,2,0,0,2,2010/06/26 00:00:00+00,6/26/2010 7:28:00 PM,At Intersection (but not related to intersection),14,"MOTOR VEHICLE STRUCK MOTOR VEHICLE, REAR END",,N,Clear,Dry,Daylight,,10177024,,14,From same direction - both going straight - one stopped - rear-end,0,0,N
2,-122.3428202,47.610018,1321,168200,168220,3583587,Matched,Block,,PIKE PL BETWEEN STEWART ST AND VIRGINIA ST, ,,2,Injury Collision,Pedestrian,2,1,0,1,2014/04/25 00:00:00+00,4/25/2014 3:01:00 PM,Mid-Block (not related to intersection),24,MOTOR VEHCILE STRUCK PEDESTRIAN,,N,Unknown,Dry,Daylight,Y,,,0,Vehicle going straight hits pedestrian,0,0,N
1,-122.3315981,47.60129743,1322,100200,100200,2622895,Matched,Block,,2ND AV ET S BETWEEN S WASHINGTON ST AND YESLER WAY,,,1,Property Damage Only Collision,Parked Car,2,0,0,2,2009/12/19 00:00:00+00,12/19/2009 4:00:00 PM,Mid-Block (not related to intersection),15,"MOTOR VEHICLE STRUCK MOTOR VEHICLE, RIGHT SIDE SIDESWIPE",,0,Unknown,Unknown,Dusk,,9353033,,32,One parked--one moving,0,0,N
1,-122.2966297,47.57635897,1323,144400,144400,3559748,Matched,Intersection,31495,M L KING JR WAY S AND RAINIER AVE S, ,,1,Property Damage Only Collision,Sideswipe,2,0,0,2,2013/02/13 00:00:00+00,2/13/2013 2:04:00 PM,At Intersection (intersection related),0,NOT ENOUGH INFORMATION / NOT APPLICABLE,,N,Overcast,Dry,Daylight,,13044012,,11,From same direction - both going straight - both moving - sideswipe,0,0,N
1,-122.3229651,47.52349105,1325,76400,76400,2826885,Matched,Block,,8TH AVE S BETWEEN S CONCORD ST AND S HENDERSON ST,,,1,Property Damage Only Collision,Other,2,0,0,2,2007/12/23 00:00:00+00,12/23/2007 9:23:00 PM,Mid-Block (not related to intersection),28,MOTOR VEHICLE RAN OFF ROAD - HIT FIXED OBJECT,,0,Unknown,Wet,Dark - Street Lights On,,7357015,Y,50,Fixed object,0,0,N
1,-122.33223,47.59920184,1326,286400,287260,3812063,Matched,Block,,S JACKSON ST BETWEEN OCCIDENTAL AVE S AND 2ND AVE S, ,,1,Property Damage Only Collision,Right Turn,2,0,0,2,2018/05/05 00:00:00+00,05-05-2018 22:46,Mid-Block (not related to intersection),11,"MOTOR VEHICLE STRUCK MOTOR VEHICLE, FRONT END AT ANGLE",,N,Clear,Dry,Dark - Street Lights On,,,,16,From same direction - one right turn - one straight,0,0,N
1,-122.3456281,47.66007202,1327,122600,122600,3563647,Matched,Block,,WHITMAN AVE N BETWEEN N 43RD ST AND N ALLEN PL,,,1,Property Damage Only Collision,Parked Car,2,0,0,2,2011/11/07 00:00:00+00,11-07-2011 08:00,,0,NOT ENOUGH INFORMATION / NOT APPLICABLE,,N,Overcast,Dry,Daylight,,11311003,,32,One parked--one moving,0,0,N
1,-122.3538456,47.66140038,1328,239300,239740,E602491,Unmatched,Block,,N 45TH ST BETWEEN PHINNEY AVE N AND FRANCIS AVE N,NEI,"Not Enough Information, or Insufficient Location Information",1,Property Damage Only Collision,,2,0,0,0,2016/10/31 00:00:00+00,10/31/2016,Mid-Block (not related to intersection),0,NOT ENOUGH INFORMATION / NOT APPLICABLE,,,,,,,,, ,,0,0,N
2,-122.3499119,47.69057898,1329,157200,157220,3553938,Matched,Intersection,37464,FREMONT AVE N AND N 85TH ST, ,,2,Injury Collision,Angles,2,0,0,2,2013/11/18 00:00:00+00,11/18/2013 9:25:00 PM,At Intersection (intersection related),11,"MOTOR VEHICLE STRUCK MOTOR VEHICLE, FRONT END AT ANGLE",,N,Raining,Wet,Dark - Street Lights On,,,,10,Entering at angle,0,0,N
1,-122.272841,47.52282674,1331,180700,180760,3693915,Matched,Block,,48TH AVE S BETWEEN S HENDERSON ST AND S DIRECTOR ST, ,,1,Property Damage Only Collision,Parked Car,2,0,0,2,2014/12/10 00:00:00+00,12-10-2014 17:30,Mid-Block (not related to intersection),12,"MOTOR VEHICLE STRUCK MOTOR VEHICLE, RIGHT SIDE AT ANGLE",,N,Raining,Wet,Dark - Street Lights On,,,,32,One parked--one moving,0,0,N
1,-122.3135038,47.61996234,1333,92800,92800,2806194,Matched,Intersection,29058,E JOHN ST AND E JOHN SR ST,,,1,Property Damage Only Collision,Angles,4,0,0,2,2008/09/02 00:00:00+00,09-02-2008,At Intersection (intersection related),14,"MOTOR VEHICLE STRUCK MOTOR VEHICLE, REAR END",Y,0,Clear,Dry,Daylight,,8246008,,10,Entering at angle,0,0,N
2,-122.3554597,47.7059898,1334,192300,192380,3575323,Matched,Block,,GREENWOOD AVE N BETWEEN HOLMAN RD N AND N 107TH ST, ,,2,Injury Collision,Rear Ended,3,0,0,3,2015/05/06 00:00:00+00,05-06-2015 09:38,Mid-Block (but intersection related),14,"MOTOR VEHICLE STRUCK MOTOR VEHICLE, REAR END",Y,N,Overcast,Dry,Daylight,,,,13,From same direction - both going straight - both moving - rear-end,0,0,N
1,-122.3733839,47.56749548,1335,116700,116700,3295863,Matched,Block,,WEST SEATTLE BR EB BETWEEN POINT A AND FAUNTLEROY WAY SW,,,1,Property Damage Only Collision,Sideswipe,2,0,0,2,2010/10/25 00:00:00+00,10/25/2010 2:50:00 PM,Mid-Block (not related to intersection),11,"MOTOR VEHICLE STRUCK MOTOR VEHICLE, FRONT END AT ANGLE",,N,Raining,Wet,Daylight,,10298036,,11,From same direction - both going straight - both moving - sideswipe,0,0,N
2,-122.3220859,47.61273575,1336,229900,230280,3771776,Matched,Intersection,29756,HARVARD AVE AND SENECA ST, ,,2,Injury Collision,Pedestrian,2,1,0,1,2016/10/27 00:00:00+00,10/27/2016 8:19:00 PM,At Intersection (intersection related),24,MOTOR VEHCILE STRUCK PEDESTRIAN,Y,N,Overcast,Wet,Dark - Street Lights On,Y,,,1,Vehicle turning right hits pedestrian,0,523244,N
1,-122.34452,47.69019792,1337,87800,87800,2622646,Matched,Block,,AURORA AVE N BETWEEN N 84TH ST AND N 85TH ST,,,1,Property Damage Only Collision,Sideswipe,2,0,0,2,2008/10/31 00:00:00+00,10/31/2008 8:30:00 AM,Mid-Block (not related to intersection),11,"MOTOR VEHICLE STRUCK MOTOR VEHICLE, FRONT END AT ANGLE",,0,Raining,Wet,Daylight,,8305062,,11,From same direction - both going straight - both moving - sideswipe,0,0,N
2,-122.3391006,47.57527209,1338,204100,204240,3672694,Matched,Block,,ALASKAN WY VI NB BETWEEN ALASKAN WY VI NB ON RP AND S LANDER ST, ,,2,Injury Collision,Rear Ended,3,0,0,2,2015/10/02 00:00:00+00,10-02-2015 09:29,Mid-Block (not related to intersection),14,"MOTOR VEHICLE STRUCK MOTOR VEHICLE, REAR END",,N,Clear,Dry,Daylight,,,,14,From same direction - both going straight - one stopped - rear-end,0,0,N
1,-122.3039221,47.58591393,1340,94800,94800,3344451,Matched,Block,,RAINIER AVE S BETWEEN S HOLGATE ST AND S PLUM ST,,,1,Property Damage Only Collision,Sideswipe,2,0,0,2,2009/11/18 00:00:00+00,11/18/2009 7:13:00 AM,Mid-Block (not related to intersection),11,"MOTOR VEHICLE STRUCK MOTOR VEHICLE, FRONT END AT ANGLE",,0,Raining,Wet,Dawn,,9322007,,11,From same direction - both going straight - both moving - sideswipe,0,0,N
2,-122.2603378,47.50969174,1341,185700,185780,3549977,Matched,Block,,S RYAN ST BETWEEN 57TH E AVE S AND 59TH AVE S, ,,2,Injury Collision,Parked Car,4,0,0,2,2015/02/18 00:00:00+00,2/18/2015 3:10:00 PM,Mid-Block (not related to intersection),11,"MOTOR VEHICLE STRUCK MOTOR VEHICLE, FRONT END AT ANGLE",,N,Clear,Dry,Daylight,,,,20,One car leaving parked position,0,0,N
1,-122.2899229,47.56888238,1342,100800,100800,C719656,Matched,Block,,RAINIER AVE S BETWEEN S CHARLESTOWN ST AND S ANDOVER ST,,,1,Property Damage Only Collision,Rear Ended,2,0,0,2,2009/02/23 00:00:00+00,2/23/2009 1:00:00 PM,Mid-Block (not related to intersection),14,"MOTOR VEHICLE STRUCK MOTOR VEHICLE, REAR END",,0,Unknown,Unknown,Unknown,,9054025,,14,From same direction - both going straight - one stopped - rear-end,0,0,N
1,-122.3062339,47.58841254,1343,163500,163520,3672122,Matched,Intersection,31518,20TH AVE S AND S MASSACHUSETTS ST, ,,1,Property Damage Only Collision,Left Turn,5,0,0,2,2013/03/21 00:00:00+00,3/21/2013 1:05:00 PM,At Intersection (intersection related),11,"MOTOR VEHICLE STRUCK MOTOR VEHICLE, FRONT END AT ANGLE",,N,Overcast,Wet,Daylight,,,,28,From opposite direction - one left turn - one straight,0,0,N
1,-122.3330585,47.61467115,1344,232700,233100,E619061,Matched,Block,,9TH AVE BETWEEN OLIVE WAY AND HOWELL ST, ,,1,Property Damage Only Collision,Sideswipe,2,0,0,2,2016/12/02 00:00:00+00,12-02-2016 16:14,Mid-Block (not related to intersection),11,"MOTOR VEHICLE STRUCK MOTOR VEHICLE, FRONT END AT ANGLE",,N,Raining,Wet,Dark - Street Lights On,,,,11,From same direction - both going straight - both moving - sideswipe,0,0,N
2,-122.2699903,47.5346718,1346,227700,228040,E586911,Matched,Intersection,34479,RAINIER AVE S AND S AUSTIN ST, ,,2,Injury Collision,Rear Ended,2,0,0,2,2016/09/15 00:00:00+00,9/15/2016 5:46:00 PM,At Intersection (but not related to intersection),14,"MOTOR VEHICLE STRUCK MOTOR VEHICLE, REAR END",Y,N,Clear,Dry,Daylight,,,,14,From same direction - both going straight - one stopped - rear-end,0,0,N