SEVERITYCODE,X,Y,OBJECTID,INCKEY,COLDETKEY,REPORTNO,STATUS,ADDRTYPE,INTKEY,LOCATION,EXCEPTRSNCODE,EXCEPTRSNDESC,SEVERITYCODE,SEVERITYDESC,COLLISIONTYPE,PERSONCOUNT,PEDCOUNT,PEDCYLCOUNT,VEHCOUNT,INCDATE,INCDTTM,JUNCTIONTYPE,SDOT_COLCODE,SDOT_COLDESC,INATTENTIONIND,UNDERINFL,WEATHER,ROADCOND,LIGHTCOND,PEDROWNOTGRNT,SDOTCOLNUM,SPEEDING,ST_COLCODE,ST_COLDESC,SEGLANEKEY,CROSSWALKKEY,HITPARKEDCAR
1,-122.3297738,47.61922127,1347,122200,122200,3562484,Matched,Block,,STEWART ST BETWEEN YALE AVE N AND EASTLAKE AVE E,,,1,Property Damage Only Collision,Rear Ended,2,0,0,2,2011/06/18 00:00:00+00,6/18/2011 3:53:00 PM,Mid-Block (not related to intersection),14,"MOTOR VEHICLE STRUCK MOTOR VEHICLE, REAR END",Y,N,Raining,Wet,Daylight,,11169004,,13,From same direction - both going straight - both moving - rear-end,0,0,N
2,-122.3343144,47.54562469,1348,220900,221180,E538295,Matched,Block,,1ST S AVE S BETWEEN 1ST N AVE S AND S FRONT ST, ,,2,Injury Collision,Sideswipe,5,0,0,4,2016/04/26 00:00:00+00,4/26/2016 7:38:00 AM,Mid-Block (not related to intersection),14,"MOTOR VEHICLE STRUCK MOTOR VEHICLE, REAR END",,N,Clear,Dry,Daylight,,,,11,From same direction - both going straight - both moving - sideswipe,0,0,N
1,-122.2698581,47.55335549,1349,218000,218293,3735490,Matched,Intersection,33488,51ST AVE S AND S BRANDON ST, ,,1,Property Damage Only Collision,Angles,2,0,0,2,2016/04/20 00:00:00+00,4/20/2016 3:50:00 PM,At Intersection (intersection related),11,"MOTOR VEHICLE STRUCK MOTOR VEHICLE, FRONT END AT ANGLE",,N,Clear,Dry,Daylight,,,,10,Entering at angle,0,0,N
2,-122.3331044,47.68690246,1350,242700,243180,3694044,Matched,Intersection,24236,MERIDIAN AVE N AND N 80TH ST, ,,2,Injury Collision,Angles,3,0,0,2,2017/06/03 00:00:00+00,06-03-2017 19:49,At Intersection (intersection related),11,"MOTOR VEHICLE STRUCK MOTOR VEHICLE, FRONT END AT ANGLE",,Y,Clear,Dry,Daylight,,,Y,10,Entering at angle,0,0,N
2,-122.3485757,47.65476562,1351,159800,159820,3591361,Matched,Block,,LINDEN AVE N BETWEEN N 39TH ST AND N 40TH ST, ,,2,Injury Collision,Pedestrian,2,1,0,1,2014/01/08 00:00:00+00,01-08-2014 14:55,Mid-Block (not related to intersection),24,MOTOR VEHCILE STRUCK PEDESTRIAN,,N,Overcast,Wet,Daylight,,,,3,Vehicle backing hits pedestrian,0,0,N
1,-122.3620517,47.6996745,1352,170900,170920,3706256,Matched,Intersection,37131,4TH AVE NW AND NW 97TH ST, ,,1,Property Damage Only Collision,Angles,2,0,0,2,2014/06/15 00:00:00+00,6/15/2014 5:02:00 PM,At Intersection (intersection related),11,"MOTOR VEHICLE STRUCK MOTOR VEHICLE, FRONT END AT ANGLE",,N,Clear,Dry,Daylight,,,,10,Entering at angle,0,0,N
1,-122.2942012,47.5741472,1353,67400,67400,2806685,Matched,Block,,S BYRON ST BETWEEN RAINIER AVE S AND WETMORE AVE S,,,1,Property Damage Only Collision,Other,1,0,0,1,2007/06/30 00:00:00+00,6/30/2007 8:07:00 PM,Mid-Block (not related to intersection),28,MOTOR VEHICLE RAN OFF ROAD - HIT FIXED OBJECT,,0,Clear,Dry,Daylight,,7181041,,50,Fixed object,0,0,N
2,-122.3560387,47.65415217,1354,166700,166720,3576783,Matched,Block,,N 39TH ST BETWEEN PALATINE AVE N AND GREENWOOD AVE N, ,,2,Injury Collision,Left Turn,4,0,0,2,2014/04/29 00:00:00+00,4/29/2014 3:06:00 PM,Mid-Block (but intersection related),14,"MOTOR VEHICLE STRUCK MOTOR VEHICLE, REAR END",,N,Clear,Dry,Daylight,,,,15,From same direction - one left turn - one straight,0,0,N
1,-122.3044487,47.57192292,1355,117200,117200,3372654,Matched,Intersection,32540,21ST AVE S AND S SPOKANE ST,,,1,Property Damage Only Collision,Right Turn,3,0,0,2,2010/12/26 00:00:00+00,12/26/2010 5:40:00 PM,At Intersection (intersection related),11,"MOTOR VEHICLE STRUCK MOTOR VEHICLE, FRONT END AT ANGLE",,N,Raining,Wet,Dark - Street Lights On,,10360005,,16,From same direction - one right turn - one straight,0,0,N
1,-122.3324513,47.60726631,1356,78800,78800,2825515,Matched,Intersection,29933,5TH AVE AND SPRING ST,,,1,Property Damage Only Collision,Angles,2,0,0,2,2007/05/24 00:00:00+00,5/24/2007 2:49:00 PM,At Intersection (intersection related),11,"MOTOR VEHICLE STRUCK MOTOR VEHICLE, FRONT END AT ANGLE",,0,Clear,Dry,Daylight,,7144011,,10,Entering at angle,0,0,N
1,-122.3317834,47.52366655,1357,182900,182960,2896641,Matched,Block,,2ND AVE S BETWEEN S TRENTON ST AND S HENDERSON ST, ,,1,Property Damage Only Collision,Parked Car,2,0,0,2,2015/01/02 00:00:00+00,01-02-2015 14:02,Mid-Block (not related to intersection),11,"MOTOR VEHICLE STRUCK MOTOR VEHICLE, FRONT END AT ANGLE",Y,N,Overcast,Dry,Daylight,,,,32,One parked--one moving,0,0,N
1,-122.3596406,47.54471615,1359,249800,250400,3769338,Matched,Block,,21ST AVE SW BETWEEN SW GRAHAM ST AND SW HOLLY ST, ,,1,Property Damage Only Collision,Other,0,0,0,2,2017/10/08 00:00:00+00,10-08-2017 20:55,Mid-Block (not related to intersection),11,"MOTOR VEHICLE STRUCK MOTOR VEHICLE, FRONT END AT ANGLE",,N,Clear,Dry,Dark - Street Lights Off,,,,23,From same direction - all others,0,0,Y
1,-122.3475681,47.62449513,1360,89400,89400,2898679,Matched,Intersection,28914,5TH AVE N AND MERCER ST,,,1,Property Damage Only Collision,Left Turn,2,0,0,2,2008/01/05 00:00:00+00,01-05-2008,At Intersection (intersection related),11,"MOTOR VEHICLE STRUCK MOTOR VEHICLE, FRONT END AT ANGLE",,0,Clear,Wet,Dark - Street Lights On,,8005020,,15,From same direction - one left turn - one straight,0,0,N
1,-122.3290775,47.57142087,1361,244700,245280,E693137,Matched,Intersection,32342,4TH AVE S AND S SPOKANE SR ST, ,,1,Property Damage Only Collision,Angles,2,0,0,2,2017/07/19 00:00:00+00,7/19/2017 11:12:00 AM,At Intersection (intersection related),11,"MOTOR VEHICLE STRUCK MOTOR VEHICLE, FRONT END AT ANGLE",,N,Clear,Dry,Daylight,,,,10,Entering at angle,0,0,N
2,-122.3411309,47.68693166,1362,173900,173920,3646367,Matched,Block,,N 80TH ST BETWEEN STONE AVE N AND GREEN LAKE DR N, ,,2,Injury Collision,Other,2,0,0,1,2014/08/17 00:00:00+00,8/17/2014 4:13:00 PM,Mid-Block (not related to intersection),29,MOTOR VEHICLE OVERTURNED IN ROAD,,N,Clear,Dry,Daylight,,,,52,Vehicle overturned,0,0,N
2,-122.3394165,47.55847119,1363,131100,131100,3550303,Matched,Block,,EAST MARGINAL WAY S BETWEEN XW ALASKA AND S HUDSON ST,,,2,Injury Collision,Rear Ended,5,0,0,2,2012/12/20 00:00:00+00,12/20/2012 1:20:00 PM,Mid-Block (but intersection related),14,"MOTOR VEHICLE STRUCK MOTOR VEHICLE, REAR END",,N,Raining,Wet,Daylight,,12355031,,14,From same direction - both going straight - one stopped - rear-end,0,0,N
2,-122.3072197,47.59022957,1364,139400,139400,3563026,Matched,Block,,RAINIER AVE S BETWEEN MTS N RAINIER CONNCT TRL AND I90 EB OFF RP,,,2,Injury Collision,Rear Ended,5,0,0,3,2012/06/05 00:00:00+00,06-05-2012 12:50,Mid-Block (but intersection related),14,"MOTOR VEHICLE STRUCK MOTOR VEHICLE, REAR END",Y,N,Raining,Wet,Daylight,,12157028,,14,From same direction - both going straight - one stopped - rear-end,0,0,N
2,-122.3121726,47.68751645,1365,222300,222580,3737050,Matched,Intersection,24387,15TH AVE NE AND LAKE CITY WAY NE, ,,2,Injury Collision,Rear Ended,2,0,0,2,2016/06/21 00:00:00+00,6/21/2016 3:05:00 PM,At Intersection (intersection related),14,"MOTOR VEHICLE STRUCK MOTOR VEHICLE, REAR END",,N,Clear,Dry,Daylight,,,,14,From same direction - both going straight - one stopped - rear-end,0,0,N
1,-122.284455,47.55865323,1366,159100,159120,3582852,Matched,Block,,S EDMUNDS ST BETWEEN RAINIER AVE S AND 39TH AVE S, ,,1,Property Damage Only Collision,Parked Car,2,0,0,2,2013/12/27 00:00:00+00,12/27/2013 11:14:00 PM,Mid-Block (not related to intersection),11,"MOTOR VEHICLE STRUCK MOTOR VEHICLE, FRONT END AT ANGLE",Y,N,Overcast,Wet,Dark - Street Lights On,,,,32,One parked--one moving,0,0,N
2,-122.2780964,47.52970064,1367,133400,133400,3387650,Matched,Intersection,35216,RENTON AVE S AND S ROSE CT,,,2,Injury Collision,Other,1,0,0,1,2012/07/13 00:00:00+00,7/13/2012 6:43:00 PM,At Intersection (intersection related),26,MOTOR VEHICLE STRUCK OBJECT IN ROAD,,N,Clear,Dry,Daylight,,12195015,,50,Fixed object,0,0,N
1,-122.3352605,47.6036254,1369,118500,118500,2907022,Matched,Block,,1ST AVE BETWEEN COLUMBIA ST AND MARION ST,,,1,Property Damage Only Collision,Parked Car,2,0,0,2,2010/04/10 00:00:00+00,04-10-2010 02:25,Mid-Block (not related to intersection),11,"MOTOR VEHICLE STRUCK MOTOR VEHICLE, FRONT END AT ANGLE",,N,Clear,Dry,Dark - Street Lights On,,10100014,,32,One parked--one moving,0,0,N
1,-122.3055407,47.58550389,1370,298600,299760,E818629,Matched,Intersection,31549,21ST AVE S AND S PLUM ST, ,,1,Property Damage Only Collision,Angles,2,0,0,2,2018/06/27 00:00:00+00,6/27/2018 4:04:00 PM,At Intersection (intersection related),11,"MOTOR VEHICLE STRUCK MOTOR VEHICLE, FRONT END AT ANGLE",,N,Clear,Dry,Daylight,,,,10,Entering at angle,0,0,N
2,-122.2997435,47.71930446,1372,128000,128000,3564614,Matched,Block,,NE 125TH ST BETWEEN 26TH AVE NE AND 27TH AVE NE,,,2,Injury Collision,Angles,2,0,0,2,2011/08/31 00:00:00+00,8/31/2011 3:14:00 PM,Driveway Junction,11,"MOTOR VEHICLE STRUCK MOTOR VEHICLE, FRONT END AT ANGLE",,0,Clear,Dry,Daylight,,11243018,,10,Entering at angle,0,0,N
1,-122.2879588,47.54608596,1373,101500,101500,2804191,Matched,Block,,S GRAHAM ST BETWEEN 33RD AVE S AND M L KING JR WR WAY S,,,1,Property Damage Only Collision,Sideswipe,2,0,0,2,2009/05/02 00:00:00+00,05-02-2009,Mid-Block (but intersection related),16,"MOTOR VEHICLE STRUCK MOTOR VEHICLE, LEFT SIDE SIDESWIPE",,0,Clear,Dry,Dawn,,9122042,,81,Same direction -- both turning left -- both moving -- sideswipe,0,0,N
1,-122.3221773,47.61814666,1374,117600,117600,2617159,Matched,Block,,HARVARD AVE BETWEEN E HOWELL ST AND E DENNY WAY,,,1,Property Damage Only Collision,Parked Car,2,0,0,2,2010/02/26 00:00:00+00,2/26/2010 9:48:00 PM,Driveway Junction,13,"MOTOR VEHICLE STRUCK MOTOR VEHICLE, LEFT SIDE AT ANGLE",,N,Raining,Wet,Unknown,,10057004,,32,One parked--one moving,0,0,N
2,-122.343962,47.61714372,1375,205800,205960,3788978,Matched,Block,,BATTERY ST BETWEEN 5TH AVE AND AURORA AVE, ,,2,Injury Collision,Rear Ended,7,0,0,4,2015/11/01 00:00:00+00,11-01-2015 01:05,Mid-Block (but intersection related),14,"MOTOR VEHICLE STRUCK MOTOR VEHICLE, REAR END",,N,Raining,Wet,Dark - Street Lights On,,,,14,From same direction - both going straight - one stopped - rear-end,0,0,N
1,-122.3578695,47.70328714,1376,135100,135100,3562098,Matched,Block,,1ST AVE NW BETWEEN DEAD END 2 AND NW 103RD ST,,,1,Property Damage Only Collision,Parked Car,2,0,0,2,2012/05/25 00:00:00+00,5/25/2012 7:20:00 AM,Mid-Block (not related to intersection),16,"MOTOR VEHICLE STRUCK MOTOR VEHICLE, LEFT SIDE SIDESWIPE",,N,Unknown,Unknown,Unknown,,12146022,,32,One parked--one moving,0,0,N
1,-122.3101512,47.61558986,1377,80900,80900,2899317,Matched,Intersection,30132,17TH AVE AND E MADISON ST,,,1,Property Damage Only Collision,Left Turn,3,0,0,2,2008/08/17 00:00:00+00,8/17/2008 6:03:00 PM,At Intersection (intersection related),11,"MOTOR VEHICLE STRUCK MOTOR VEHICLE, FRONT END AT ANGLE",,0,Clear,Dry,Daylight,,8230005,,28,From opposite direction - one left turn - one straight,0,0,N
1,-122.3000038,47.53944267,1378,164900,164920,3583017,Matched,Block,,SWIFT AVE S BETWEEN COVELLO W DR S AND COVELLO E DR S, ,,1,Property Damage Only Collision,Rear Ended,3,0,0,2,2014/03/27 00:00:00+00,3/27/2014 5:59:00 PM,Mid-Block (not related to intersection),14,"MOTOR VEHICLE STRUCK MOTOR VEHICLE, REAR END",,N,Clear,Dry,Daylight,,,,13,From same direction - both going straight - both moving - rear-end,0,0,N
2,-122.2899229,47.56888238,1380,211300,211540,3590169,Unmatched,Block,,RAINIER AVE S BETWEEN S CHARLESTOWN ST AND S ANDOVER ST, ,,2,Injury Collision,,2,0,0,0,2016/01/11 00:00:00+00,01-11-2016,Driveway Junction,11,"MOTOR VEHICLE STRUCK MOTOR VEHICLE, FRONT END AT ANGLE",,,,,,,,, ,,0,0,N
2,-122.2868623,47.53729873,1381,105700,105700,3285663,Matched,Intersection,34559,HOLLY PARK DR S AND S MYRTLE PL,,,2,Injury Collision,Rear Ended,2,0,0,2,2009/06/25 00:00:00+00,6/25/2009 1:51:00 PM,At Intersection (but not related to intersection),14,"MOTOR VEHICLE STRUCK MOTOR VEHICLE, REAR END",,0,Clear,Dry,Daylight,,9176019,,14,From same direction - both going straight - one stopped - rear-end,0,0,N
2,-122.3765414,47.56486552,1382,207300,207500,E480760,Matched,Block,,FAUNTLEROY WAY SW BETWEEN WEST SEATTLE BR EB AND SW GENESEE W ST, ,,2,Injury Collision,Rear Ended,4,0,0,2,2015/11/10 00:00:00+00,11-10-2015 22:05,Mid-Block (but intersection related),14,"MOTOR VEHICLE STRUCK MOTOR VEHICLE, REAR END",,N,Raining,Wet,Dark - Street Lights On,,,,13,From same direction - both going straight - both moving - rear-end,0,0,N
1,-122.318868,47.61875416,1383,155100,155120,3672671,Matched,Block,,E DENNY WAY BETWEEN 10TH AVE E AND 11TH AVE, ,,1,Property Damage Only Collision,Parked Car,2,0,0,2,2013/10/06 00:00:00+00,10-06-2013,Mid-Block (not related to intersection),0,NOT ENOUGH INFORMATION / NOT APPLICABLE,,N,Clear,Dry,Dark - Street Lights On,,,,32,One parked--one moving,0,0,N
1,-122.2882922,47.55160251,1384,267700,268480,3580771,Matched,Block,,M L KING JR WR WAY S BETWEEN S FINDLAY ST AND S ORCAS ST, ,,1,Property Damage Only Collision,Right Turn,2,0,0,2,2018/01/23 00:00:00+00,1/23/2018 11:15:00 PM,Mid-Block (not related to intersection),11,"MOTOR VEHICLE STRUCK MOTOR VEHICLE, FRONT END AT ANGLE",,Y,Raining,Wet,Dark - Street Lights On,,,,16,From same direction - one right turn - one straight,0,0,N
1,-122.2795046,47.71919298,1385,119900,119900,3375115,Matched,Block,,RIVIERA PL NE BETWEEN NE 125TH ST AND DEAD END 2,,,1,Property Damage Only Collision,Parked Car,4,0,0,2,2011/01/27 00:00:00+00,1/27/2011 3:35:00 PM,Mid-Block (not related to intersection),11,"MOTOR VEHICLE STRUCK MOTOR VEHICLE, FRONT END AT ANGLE",Y,N,Clear,Dry,Daylight,,11027021,,32,One parked--one moving,0,0,N
1,-122.3643127,47.55282823,1386,204400,204540,3731882,Matched,Block,,25TH AVE SW BETWEEN SW BRANDON ST AND SW FINDLAY ST,NEI,"Not Enough Information, or Insufficient Location Information",1,Property Damage Only Collision,Parked Car,2,0,0,2,2015/10/11 00:00:00+00,10-11-2015 10:30,,12,"MOTOR VEHICLE STRUCK MOTOR VEHICLE, RIGHT SIDE AT ANGLE",,N,Clear,Dry,Daylight,,,,32,One parked--one moving,0,0,N
1,-122.3283384,47.60947816,1387,170800,170820,3699943,Matched,Block,,9TH AVE BETWEEN SPRING ST AND SENECA ST, ,,1,Property Damage Only Collision,Parked Car,2,0,0,2,2014/06/26 00:00:00+00,6/26/2014 5:00:00 PM,,0,NOT ENOUGH INFORMATION / NOT APPLICABLE,,N,Unknown,Unknown,Unknown,,,,32,One parked--one moving,0,0,N
1,-122.3313137,47.70864592,1388,108100,108100,3559178,Matched,Intersection,36585,CORLISS AVE N AND N NORTHGATE WAY,,,1,Property Damage Only Collision,Rear Ended,2,0,0,2,2010/07/31 00:00:00+00,7/31/2010 12:40:00 PM,At Intersection (intersection related),14,"MOTOR VEHICLE STRUCK MOTOR VEHICLE, REAR END",,N,Clear,Dry,Daylight,,10212006,,74,Same direction -- both turning right -- one stopped -- rear end,0,0,N
2,-122.3115805,47.59832756,1389,168100,168120,3701719,Matched,Intersection,30761,16TH AVE S AND S KING ST, ,,2,Injury Collision,Angles,3,0,0,2,2014/05/07 00:00:00+00,05-07-2014 14:14,At Intersection (intersection related),11,"MOTOR VEHICLE STRUCK MOTOR VEHICLE, FRONT END AT ANGLE",,N,Clear,Dry,Daylight,,,,10,Entering at angle,0,0,N
2,-122.3341139,47.71592797,1391,162900,162920,3576512,Matched,Intersection,36549,MERIDIAN AVE N AND N 120TH ST, ,,2,Injury Collision,Angles,3,0,0,2,2014/02/27 00:00:00+00,2/27/2014 11:01:00 AM,At Intersection (intersection related),11,"MOTOR VEHICLE STRUCK MOTOR VEHICLE, FRONT END AT ANGLE",,Y,Clear,Dry,Daylight,,,,10,Entering at angle,0,0,N
1,-122.3894805,47.56385327,1392,210600,210840,3776110,Matched,Block,,45TH AVE SW BETWEEN SW GENESEE ST AND SW OREGON ST,NEI,"Not Enough Information, or Insufficient Location Information",1,Property Damage Only Collision,Parked Car,2,0,0,2,2015/12/31 00:00:00+00,12/31/2015 3:30:00 PM,Mid-Block (not related to intersection),14,"MOTOR VEHICLE STRUCK MOTOR VEHICLE, REAR END",,N,Unknown,Unknown,Unknown,,,,32,One parked--one moving,0,0,Y
1,-122.3313137,47.70864592,1393,104600,104600,3328365,Matched,Intersection,36585,CORLISS AVE N AND N NORTHGATE WAY,,,1,Property Damage Only Collision,Rear Ended,3,0,0,2,2009/11/17 00:00:00+00,11/17/2009 2:41:00 PM,At Intersection (intersection related),14,"MOTOR VEHICLE STRUCK MOTOR VEHICLE, REAR END",,0,Raining,Wet,Daylight,,9321020,,74,Same direction -- both turning right -- one stopped -- rear end,0,0,N
1,-122.3036048,47.58549756,1394,207000,207200,E479526,Matched,Intersection,31547,RAINIER AVE S AND S PLUM ST, ,,1,Property Damage Only Collision,Angles,4,0,0,2,2015/11/05 00:00:00+00,11-05-2015 16:18,At Intersection (but not related to intersection),11,"MOTOR VEHICLE STRUCK MOTOR VEHICLE, FRONT END AT ANGLE",,N,Clear,Dry,Dusk,,,,10,Entering at angle,0,0,N
1,-122.3345028,47.53960566,1395,154400,154420,E189007,Matched,Block,,1ST AVE S BETWEEN SW MICHIGAN ST AND WEST MARGINAL WAY S, ,,1,Property Damage Only Collision,Rear Ended,4,0,0,3,2012/08/24 00:00:00+00,8/24/2012 1:11:00 PM,Mid-Block (not related to intersection),14,"MOTOR VEHICLE STRUCK MOTOR VEHICLE, REAR END",,N,Clear,Dry,Daylight,,,Y,13,From same direction - both going straight - both moving - rear-end,0,0,N
2,-122.3735939,47.66366175,1397,139800,139800,3569015,Matched,Intersection,25456,14TH AVE NW AND NW LEARY WAY, ,,2,Injury Collision,Angles,2,0,0,2,2012/01/05 00:00:00+00,01-05-2012 09:27,At Intersection (intersection related),11,"MOTOR VEHICLE STRUCK MOTOR VEHICLE, FRONT END AT ANGLE",,N,Clear,Dry,Daylight,,12005009,,10,Entering at angle,0,0,N
1,-122.3245186,47.66498115,1398,224100,224380,3734043,Matched,Block,,NE 50TH ST BETWEEN LATONA E AVE NE AND 4TH AVE NE, ,,1,Property Damage Only Collision,Sideswipe,2,0,0,2,2016/07/16 00:00:00+00,7/16/2016 4:33:00 PM,Mid-Block (not related to intersection),11,"MOTOR VEHICLE STRUCK MOTOR VEHICLE, FRONT END AT ANGLE",,N,Clear,Dry,Daylight,,,,11,From same direction - both going straight - both moving - sideswipe,0,0,N
1,,,1400,149100,149120,E208276,Matched,,,,NEI,"Not Enough Information, or Insufficient Location Information",1,Property Damage Only Collision,Rear Ended,2,0,0,2,2012/11/24 00:00:00+00,11/24/2012 5:28:00 PM,,0,NOT ENOUGH INFORMATION / NOT APPLICABLE,,N,Overcast,Dry,Dusk,,,,14,From same direction - both going straight - one stopped - rear-end,0,0,N
1,-122.3359098,47.59962693,1401,93600,93600,3341881,Matched,Block,,ALASKAN WAY S BETWEEN S MAIN ST AND S JACKSON ST,,,1,Property Damage Only Collision,Other,3,0,0,2,2009/11/26 00:00:00+00,11/26/2009 1:19:00 AM,Mid-Block (not related to intersection),11,"MOTOR VEHICLE STRUCK MOTOR VEHICLE, FRONT END AT ANGLE",,0,Raining,Wet,Dark - Street Lights On,,9330019,,23,From same direction - all others,0,0,N
1,,,1402,192800,192880,3733137,Matched,,,,NEI,"Not Enough Information, or Insufficient Location Information",1,Property Damage Only Collision,Left Turn,2,0,0,2,2015/03/20 00:00:00+00,3/20/2015 8:00:00 AM,,0,NOT ENOUGH INFORMATION / NOT APPLICABLE,,N,Clear,Unknown,Daylight,,,,28,From opposite direction - one left turn - one straight,0,0,N
1,-122.3661913,47.66365141,1404,92600,92600,2798024,Matched,Intersection,25452,8TH AVE NW AND NW 48TH ST,,,1,Property Damage Only Collision,Angles,2,0,0,2,2008/11/06 00:00:00+00,11-06-2008,At Intersection (intersection related),11,"MOTOR VEHICLE STRUCK MOTOR VEHICLE, FRONT END AT ANGLE",,0,Overcast,Wet,Daylight,,8311043,,10,Entering at angle,0,0,N
2,-122.2991597,47.57967346,1406,110800,110800,3335614,Matched,Block,,RAINIER AVE S BETWEEN S BAYVIEW ST AND S MCCLELLAN ST,,,2,Injury Collision,Rear Ended,5,0,0,2,2010/01/10 00:00:00+00,01-10-2010 13:42,Mid-Block (not related to intersection),14,"MOTOR VEHICLE STRUCK MOTOR VEHICLE, REAR END",Y,N,Overcast,Dry,Daylight,,10010013,,13,From same direction - both going straight - both moving - rear-end,0,0,N
1,,,1407,143700,143700,3581432,Matched,Alley,,, ,,1,Property Damage Only Collision,Other,4,0,0,2,2013/01/19 00:00:00+00,1/19/2013 11:58:00 PM,,0,NOT ENOUGH INFORMATION / NOT APPLICABLE,,N,Fog/Smog/Smoke,Dry,Dark - Street Lights On,,13019015,,23,From same direction - all others,0,0,N
1,-122.3174475,47.6062045,1408,114300,114300,3210895,Matched,Block,,E JEFFERSON ST BETWEEN 11TH AVE AND 12TH AVE,,,1,Property Damage Only Collision,Rear Ended,3,0,0,3,2010/10/12 00:00:00+00,10-12-2010 07:26,Mid-Block (not related to intersection),14,"MOTOR VEHICLE STRUCK MOTOR VEHICLE, REAR END",,Y,Clear,Dry,Daylight,,10285011,,14,From same direction - both going straight - one stopped - rear-end,0,0,N
1,,,1409,89500,89500,3273964,Matched,,,,NEI,"Not Enough Information, or Insufficient Location Information",1,Property Damage Only Collision,Parked Car,2,0,0,2,2008/08/24 00:00:00+00,8/24/2008 8:00:00 PM,,0,NOT ENOUGH INFORMATION / NOT APPLICABLE,,0,Unknown,Unknown,Unknown,,8237021,,32,One parked--one moving,0,0,N
1,-122.3167334,47.61288924,1410,205100,205240,3644757,Matched,Intersection,29761,12TH AVE AND E MADISON ST, ,,1,Property Damage Only Collision,Angles,2,0,0,2,2015/10/18 00:00:00+00,10/18/2015 8:44:00 PM,At Intersection (intersection related),11,"MOTOR VEHICLE STRUCK MOTOR VEHICLE, FRONT END AT ANGLE",,Y,Raining,Wet,Dark - Street Lights On,,,,10,Entering at angle,0,0,N
2,-122.2959096,47.57541958,1411,152900,152920,3590001,Matched,Block,,RAINIER AVE S BETWEEN S MOUNT BAKER EB BV AND S HANFORD ST, ,,2,Injury Collision,Head On,5,0,0,3,2013/08/20 00:00:00+00,8/20/2013 12:45:00 PM,Driveway Junction,11,"MOTOR VEHICLE STRUCK MOTOR VEHICLE, FRONT END AT ANGLE",,N,Clear,Dry,Daylight,,,,25,From opposite direction - one stopped - head-on,0,0,N
1,-122.3241278,47.61074767,1412,157400,157420,3585481,Matched,Block,,SPRING ST BETWEEN MINOR AVE AND SUMMIT AVE, ,,1,Property Damage Only Collision,Parked Car,2,0,0,2,2013/11/23 00:00:00+00,11/23/2013 10:41:00 AM,Mid-Block (not related to intersection),11,"MOTOR VEHICLE STRUCK MOTOR VEHICLE, FRONT END AT ANGLE",,N,Clear,Dry,Daylight,,,,32,One parked--one moving,0,0,N
1,-122.2929898,47.62719136,1413,146000,146020,3551900,Matched,Block,,LAKE WASHINGTON BLVD E BETWEEN E MADISON ST AND ARBORETUM DR E, ,,1,Property Damage Only Collision,Parked Car,2,0,0,2,2013/05/10 00:00:00+00,05-10-2013 08:30,Mid-Block (but intersection related),11,"MOTOR VEHICLE STRUCK MOTOR VEHICLE, FRONT END AT ANGLE",,N,Clear,Dry,Daylight,,,,20,One car leaving parked position,0,0,N
1,-122.3676315,47.56761553,1414,222100,222380,3505225,Matched,Block,,SW YANCY ST BETWEEN DEAD END 1 AND 28TH AVE SW, ,,1,Property Damage Only Collision,Parked Car,2,0,0,2,2016/06/19 00:00:00+00,6/19/2016 11:33:00 PM,Mid-Block (not related to intersection),14,"MOTOR VEHICLE STRUCK MOTOR VEHICLE, REAR END",,N,Clear,Dry,Dark - Street Lights On,,,,32,One parked--one moving,0,0,Y
1,-122.3214477,47.61407092,1415,157900,157920,3559630,Matched,Block,,E PIKE ST BETWEEN HARVARD AVE AND BROADWAY, ,,1,Property Damage Only Collision,Rear Ended,4,0,0,3,2013/10/08 00:00:00+00,10-08-2013 17:08,Mid-Block (not related to intersection),14,"MOTOR VEHICLE STRUCK MOTOR VEHICLE, REAR END",Y,N,Overcast,Dry,Daylight,,,,14,From same direction - both going straight - one stopped - rear-end,0,0,N
1,-122.339357,47.60978057,1416,219700,219980,E537572,Matched,Block,,2ND AVE BETWEEN PIKE ST AND PINE ST, ,,1,Property Damage Only Collision,Cycles,0,0,1,1,2016/04/19 00:00:00+00,4/19/2016 8:30:00 AM,Mid-Block (but intersection related),54,PEDALCYCLIST STRUCK MOTOR VEHICLE REAR END,,N,Clear,Dry,Daylight,,,,45,Vehicle - Pedalcyclist,12181,0,N