SEVERITYCODE,X,Y,OBJECTID,INCKEY,COLDETKEY,REPORTNO,STATUS,ADDRTYPE,INTKEY,LOCATION,EXCEPTRSNCODE,EXCEPTRSNDESC,SEVERITYCODE,SEVERITYDESC,COLLISIONTYPE,PERSONCOUNT,PEDCOUNT,PEDCYLCOUNT,VEHCOUNT,INCDATE,INCDTTM,JUNCTIONTYPE,SDOT_COLCODE,SDOT_COLDESC,INATTENTIONIND,UNDERINFL,WEATHER,ROADCOND,LIGHTCOND,PEDROWNOTGRNT,SDOTCOLNUM,SPEEDING,ST_COLCODE,ST_COLDESC,SEGLANEKEY,CROSSWALKKEY,HITPARKEDCAR
2,-122.3039436,47.59927028,1417,131800,131800,3552253,Matched,Block,,S JACKSON ST BETWEEN 20TH PL S AND 22ND AVE S,,,2,Injury Collision,Angles,4,0,0,2,2012/05/02 00:00:00+00,05-02-2012 14:00,Mid-Block (but intersection related),11,"MOTOR VEHICLE STRUCK MOTOR VEHICLE, FRONT END AT ANGLE",,N,Clear,Dry,Daylight,,12123012,,10,Entering at angle,0,0,N
1,-122.293485,47.70838606,1418,91000,91000,2896901,Matched,Block,,NE 110TH ST BETWEEN 31ST AVE NE AND 34TH AVE NE,,,1,Property Damage Only Collision,Other,2,0,0,2,2008/03/13 00:00:00+00,3/13/2008 5:34:00 PM,Driveway Junction,11,"MOTOR VEHICLE STRUCK MOTOR VEHICLE, FRONT END AT ANGLE",,0,Raining,Wet,Daylight,,8073035,,21,One car entering driveway access,0,0,N
1,-122.3283173,47.59919591,1419,274000,274837,3811945,Matched,Block,,S JACKSON ST BETWEEN 4TH AVE S AND 5TH AVE S, ,,1,Property Damage Only Collision,Rear Ended,2,0,0,2,2018/03/01 00:00:00+00,03-01-2018 21:31,Mid-Block (not related to intersection),14,"MOTOR VEHICLE STRUCK MOTOR VEHICLE, REAR END",,N,Clear,Dry,Dark - Street Lights On,,,,13,From same direction - both going straight - both moving - rear-end,0,0,N
2,-122.3304471,47.5451091,1420,176300,176320,3699435,Matched,Block,,S MICHIGAN ST BETWEEN EAST MARGINAL WAY S AND 4TH AVE S, ,,2,Injury Collision,Rear Ended,3,0,0,2,2014/09/02 00:00:00+00,09-02-2014 05:52,Mid-Block (not related to intersection),14,"MOTOR VEHICLE STRUCK MOTOR VEHICLE, REAR END",Y,N,Clear,Dry,Dawn,,,,14,From same direction - both going straight - one stopped - rear-end,0,0,N
1,-122.334197,47.57170661,1421,72700,72700,2793172,Matched,Intersection,32354,1ST AVE S AND S SPOKANE NR ST,,,1,Property Damage Only Collision,Right Turn,2,0,0,2,2007/05/01 00:00:00+00,05-01-2007,At Intersection (intersection related),11,"MOTOR VEHICLE STRUCK MOTOR VEHICLE, FRONT END AT ANGLE",Y,0,Clear,Dry,Daylight,,7121018,,16,From same direction - one right turn - one straight,0,0,N
1,-122.2700137,47.51770956,1422,88300,88300,3279716,Matched,Block,,51ST AVE S BETWEEN S CAMBRIDGE ST AND RENTON AVE S,,,1,Property Damage Only Collision,Rear Ended,4,0,0,2,2008/08/04 00:00:00+00,08-04-2008,Mid-Block (but intersection related),14,"MOTOR VEHICLE STRUCK MOTOR VEHICLE, REAR END",,0,Clear,Dry,Dusk,,8217016,,14,From same direction - both going straight - one stopped - rear-end,0,0,N
1,-122.3336587,47.60774722,1424,172600,172620,3588900,Matched,Block,,SENECA ST BETWEEN 4TH AVE AND 5TH AVE, ,,1,Property Damage Only Collision,Rear Ended,2,0,0,2,2014/07/28 00:00:00+00,7/28/2014 12:30:00 PM,Mid-Block (not related to intersection),14,"MOTOR VEHICLE STRUCK MOTOR VEHICLE, REAR END",Y,N,Clear,Dry,Daylight,,,,13,From same direction - both going straight - both moving - rear-end,0,0,N
2,-122.3127189,47.6199673,1425,67900,67900,2621563,Matched,Intersection,29059,15TH AVE E AND E JOHN ST, ,,2,Injury Collision,Pedestrian,2,1,0,1,2007/02/16 00:00:00+00,2/16/2007 10:00:00 AM,At Intersection (intersection related),24,MOTOR VEHCILE STRUCK PEDESTRIAN,,0,Clear,Dry,Daylight,,7047006,,1,Vehicle turning right hits pedestrian,0,524178,N
1,-122.3422924,47.63099853,1427,182000,182073,3732505,Matched,Block,,DEXTER AVE N BETWEEN COMSTOCK ST AND LEE ST, ,,1,Property Damage Only Collision,Other,5,0,0,2,2014/12/20 00:00:00+00,12/20/2014 10:01:00 PM,Mid-Block (not related to intersection),11,"MOTOR VEHICLE STRUCK MOTOR VEHICLE, FRONT END AT ANGLE",Y,N,Overcast,Wet,Dark - Street Lights On,,,,23,From same direction - all others,0,0,N
2,-122.3337187,47.66503572,1428,73500,73500,2803417,Matched,Intersection,25525,MERIDIAN AVE N AND N 50TH ST,,,2,Injury Collision,Angles,4,0,0,2,2007/08/28 00:00:00+00,8/28/2007 6:25:00 PM,At Intersection (intersection related),11,"MOTOR VEHICLE STRUCK MOTOR VEHICLE, FRONT END AT ANGLE",,0,Clear,Dry,Daylight,,7240015,,10,Entering at angle,0,0,N
2,-122.3027644,47.60563158,1429,75700,75700,2623432,Matched,Block,,23RD AVE BETWEEN E TERRACE ST AND E JEFFERSON ST,,,2,Injury Collision,Head On,2,0,0,2,2007/04/02 00:00:00+00,04-02-2007,Mid-Block (but intersection related),11,"MOTOR VEHICLE STRUCK MOTOR VEHICLE, FRONT END AT ANGLE",Y,0,Clear,Dry,Daylight,,7092019,,25,From opposite direction - one stopped - head-on,0,0,N
2,-122.3073444,47.73389063,1430,245500,246100,E685409,Matched,Intersection,36075,20TH AVE NE AND NE 145TH ST, ,,2,Injury Collision,Rear Ended,4,0,0,2,2017/06/23 00:00:00+00,6/23/2017 10:55:00 AM,At Intersection (but not related to intersection),14,"MOTOR VEHICLE STRUCK MOTOR VEHICLE, REAR END",Y,N,Clear,Dry,Daylight,,,,14,From same direction - both going straight - one stopped - rear-end,0,0,N
1,-122.3263622,47.59877465,1431,153000,153020,3574427,Matched,Block,,6TH AVE S BETWEEN S JACKSON ST AND S KING ST, ,,1,Property Damage Only Collision,Parked Car,4,0,0,2,2013/08/27 00:00:00+00,8/27/2013 4:21:00 PM,Mid-Block (but intersection related),14,"MOTOR VEHICLE STRUCK MOTOR VEHICLE, REAR END",,N,Overcast,Dry,Daylight,,,,32,One parked--one moving,0,0,N
2,-122.3471621,47.61375831,1432,146300,146320,3573455,Matched,Block,,1ST AVE BETWEEN BELL ST AND BATTERY ST, ,,2,Injury Collision,Rear Ended,2,0,0,2,2013/05/16 00:00:00+00,5/16/2013 8:40:00 AM,Mid-Block (not related to intersection),14,"MOTOR VEHICLE STRUCK MOTOR VEHICLE, REAR END",,N,Clear,Dry,Daylight,,,,13,From same direction - both going straight - both moving - rear-end,0,0,N
1,-122.3358762,47.6185239,1433,222900,223180,E560544,Matched,Intersection,29506,BOREN AVE N AND DENNY WAY, ,,1,Property Damage Only Collision,Sideswipe,3,0,0,2,2016/07/05 00:00:00+00,07-05-2016 12:47,At Intersection (but not related to intersection),14,"MOTOR VEHICLE STRUCK MOTOR VEHICLE, REAR END",,N,Clear,Dry,Daylight,,,,12,From same direction - both going straight - one stopped - sideswipe,0,0,N
2,-122.3290598,47.60523285,1434,180400,180460,3585338,Matched,Block,,6TH AVE BETWEEN CHERRY ST AND COLUMBIA ST, ,,2,Injury Collision,Sideswipe,3,0,0,2,2014/12/08 00:00:00+00,12-08-2014 12:04,Mid-Block (but intersection related),11,"MOTOR VEHICLE STRUCK MOTOR VEHICLE, FRONT END AT ANGLE",Y,N,Clear,Dry,Daylight,,,,11,From same direction - both going straight - both moving - sideswipe,0,0,N
1,-122.3289908,47.54549572,1435,262700,263480,3818385,Matched,Block,,S MICHIGAN ST BETWEEN 4TH AVE S AND 5TH AVE S, ,,1,Property Damage Only Collision,Rear Ended,2,0,0,2,2017/12/27 00:00:00+00,12/27/2017 7:48:00 AM,Mid-Block (not related to intersection),14,"MOTOR VEHICLE STRUCK MOTOR VEHICLE, REAR END",Y,N,Clear,Dry,Daylight,,,,14,From same direction - both going straight - one stopped - rear-end,0,0,N
1,-122.3232755,47.70859413,1436,188400,188480,3575147,Matched,Intersection,36499,5TH AVE NE AND NE NORTHGATE WAY, ,,1,Property Damage Only Collision,Sideswipe,2,0,0,2,2015/03/26 00:00:00+00,3/26/2015 3:45:00 PM,At Intersection (intersection related),11,"MOTOR VEHICLE STRUCK MOTOR VEHICLE, FRONT END AT ANGLE",,N,Clear,Dry,Daylight,,,,11,From same direction - both going straight - both moving - sideswipe,0,0,N
1,-122.3604461,47.65454083,1437,118800,118800,3569006,Matched,Block,,LEARY WAY NW BETWEEN NW 39TH ST AND 3RD AVE NW,,,1,Property Damage Only Collision,Right Turn,2,0,0,2,2011/11/17 00:00:00+00,11/17/2011 5:52:00 AM,Mid-Block (not related to intersection),11,"MOTOR VEHICLE STRUCK MOTOR VEHICLE, FRONT END AT ANGLE",,0,Clear,Dry,Dark - Street Lights On,,11321011,,16,From same direction - one right turn - one straight,0,0,N
1,-122.330689,47.60701684,1438,272100,272940,E771362,Matched,Intersection,29947,6TH AVE AND MADISON ST, ,,1,Property Damage Only Collision,Sideswipe,2,0,0,2,2018/02/14 00:00:00+00,2/14/2018 12:00:00 PM,At Intersection (intersection related),11,"MOTOR VEHICLE STRUCK MOTOR VEHICLE, FRONT END AT ANGLE",,N,Overcast,Wet,Daylight,,,,71,Same direction -- both turning right -- both moving -- sideswipe,0,0,N
2,-122.3044,47.65006045,1440,117300,117300,2880897,Matched,Block,,MONTLAKE BLVD NE BETWEEN NE PACIFIC ST AND NE PACIFIC PL,,,2,Injury Collision,Rear Ended,3,0,0,2,2010/10/15 00:00:00+00,10/15/2010 7:32:00 PM,Mid-Block (not related to intersection),14,"MOTOR VEHICLE STRUCK MOTOR VEHICLE, REAR END",,N,Clear,Dry,Dusk,,10288024,,13,From same direction - both going straight - both moving - rear-end,0,0,N
1,-122.3134191,47.56055995,1441,244200,244760,3735411,Matched,Intersection,33308,15TH AVE S AND S ANGELINE ST, ,,1,Property Damage Only Collision,Angles,2,0,0,2,2017/06/12 00:00:00+00,06-12-2017 07:49,At Intersection (intersection related),11,"MOTOR VEHICLE STRUCK MOTOR VEHICLE, FRONT END AT ANGLE",,N,Clear,Dry,Daylight,,,,10,Entering at angle,0,0,N
1,-122.3869723,47.66868055,1442,194300,194400,3736019,Matched,Block,,NW MARKET ST BETWEEN BALLARD AVE NW AND 24TH AVE NW,NEI,"Not Enough Information, or Insufficient Location Information",1,Property Damage Only Collision,Rear Ended,2,0,0,2,2015/05/19 00:00:00+00,5/19/2015 7:00:00 PM,,0,NOT ENOUGH INFORMATION / NOT APPLICABLE,,N,Unknown,Unknown,Dusk,,,,14,From same direction - both going straight - one stopped - rear-end,0,0,Y
1,-122.3553806,47.66890594,1443,68200,68200,2609907,Matched,Block,,GREENWOOD AVE N BETWEEN N 55TH N ST AND N ARGYLE PL,,,1,Property Damage Only Collision,Angles,2,0,0,2,2007/01/31 00:00:00+00,1/31/2007 8:12:00 AM,Mid-Block (but intersection related),11,"MOTOR VEHICLE STRUCK MOTOR VEHICLE, FRONT END AT ANGLE",,0,Clear,Dry,Daylight,,7031016,,10,Entering at angle,0,0,N
1,-122.3385712,47.66085388,1444,145700,145720,C774030,Unmatched,Block,,WOODLAWN AVE N BETWEEN N 44TH ST AND N 45TH E ST, ,,1,Property Damage Only Collision,,2,0,0,0,2013/01/17 00:00:00+00,1/17/2013,Mid-Block (not related to intersection),14,"MOTOR VEHICLE STRUCK MOTOR VEHICLE, REAR END",,,,,,,,, ,,0,0,N
2,-122.2962432,47.57587276,1445,71700,71700,2796832,Matched,Intersection,31494,RAINIER AVE S AND S MOUNT BAKER EB BV,,,2,Injury Collision,Left Turn,2,0,0,2,2007/08/22 00:00:00+00,8/22/2007 2:41:00 PM,At Intersection (intersection related),11,"MOTOR VEHICLE STRUCK MOTOR VEHICLE, FRONT END AT ANGLE",,0,Clear,Dry,Daylight,,7234018,,28,From opposite direction - one left turn - one straight,0,0,N
1,-122.3089662,47.60309461,1446,212200,212440,3738372,Matched,Block,,18TH AVE BETWEEN E FIR ST AND E SPRUCE ST,NEI,"Not Enough Information, or Insufficient Location Information",1,Property Damage Only Collision,Parked Car,2,0,0,2,2016/01/25 00:00:00+00,1/25/2016 4:30:00 PM,Mid-Block (but intersection related),11,"MOTOR VEHICLE STRUCK MOTOR VEHICLE, FRONT END AT ANGLE",,N,Unknown,Unknown,Unknown,,,,32,One parked--one moving,0,0,Y
2,-122.3208358,47.61757129,1447,76900,76900,2620912,Matched,Intersection,29072,BROADWAY AND E HOWELL ST,,,2,Injury Collision,Cycles,2,0,1,1,2007/02/27 00:00:00+00,2/27/2007 10:40:00 AM,At Intersection (intersection related),18,"MOTOR VEHICLE STRUCK PEDALCYCLIST, FRONT END AT ANGLE",,0,Clear,Dry,Daylight,Y,7058004,,45,Vehicle - Pedalcyclist,6828,0,N
2,-122.3141596,47.66943836,1448,286600,287460,E794433,Matched,Intersection,25748,BROOKLYN AVE NE AND NE 56TH ST, ,,2,Injury Collision,Angles,3,0,0,2,2018/05/01 00:00:00+00,05-01-2018 20:21,At Intersection (intersection related),11,"MOTOR VEHICLE STRUCK MOTOR VEHICLE, FRONT END AT ANGLE",,N,Clear,Dry,Dark - Street Lights On,,,,10,Entering at angle,0,0,N
1,-122.3336357,47.6219867,1449,155600,155620,3574532,Matched,Block,,HARRISON ST BETWEEN FAIRVIEW AVE N AND MINOR AVE N, ,,1,Property Damage Only Collision,Parked Car,2,0,0,2,2013/10/16 00:00:00+00,10/16/2013 6:42:00 PM,Mid-Block (not related to intersection),11,"MOTOR VEHICLE STRUCK MOTOR VEHICLE, FRONT END AT ANGLE",,N,Clear,Dry,Dark - Street Lights On,,,,20,One car leaving parked position,0,0,N
1,-122.3350596,47.62461807,1450,239800,240240,3753158,Matched,Block,,MERCER SR ST BETWEEN BOREN AVE N AND FAIRVIEW N AVE N, ,,1,Property Damage Only Collision,Rear Ended,6,0,0,2,2017/04/23 00:00:00+00,4/23/2017 9:28:00 PM,Mid-Block (not related to intersection),14,"MOTOR VEHICLE STRUCK MOTOR VEHICLE, REAR END",Y,N,Raining,Wet,Dark - Street Lights On,,,,14,From same direction - both going straight - one stopped - rear-end,0,0,N
2,-122.2958197,47.54625221,1451,87500,87500,2894259,Matched,Intersection,33290,29TH AVE S AND S GRAHAM ST,,,2,Injury Collision,Angles,2,0,0,2,2008/09/02 00:00:00+00,09-02-2008,At Intersection (intersection related),11,"MOTOR VEHICLE STRUCK MOTOR VEHICLE, FRONT END AT ANGLE",,0,Clear,Dry,Daylight,,8246013,,10,Entering at angle,0,0,N
2,-122.312648,47.71850674,1452,300100,301300,E825385,Matched,Block,,15TH AVE NE BETWEEN NE 123RD ST AND NE 125TH ST, ,,2,Injury Collision,Other,1,0,0,1,2018/08/06 00:00:00+00,08-06-2018 11:02,Mid-Block (not related to intersection),28,MOTOR VEHICLE RAN OFF ROAD - HIT FIXED OBJECT,,N,Clear,Dry,Daylight,,,,50,Fixed object,0,0,N
2,-122.3444939,47.68513228,1454,108800,108800,2881319,Matched,Block,,AURORA AVE N BETWEEN N 77TH ST AND N 78TH ST,,,2,Injury Collision,Rear Ended,5,0,0,4,2010/08/10 00:00:00+00,08-10-2010 17:59,Mid-Block (not related to intersection),14,"MOTOR VEHICLE STRUCK MOTOR VEHICLE, REAR END",,N,Clear,Dry,Daylight,,10222024,,14,From same direction - both going straight - one stopped - rear-end,0,0,N
2,-122.3338878,47.60715814,1456,71600,71600,2791380,Matched,Block,,4TH AVE BETWEEN SPRING ST AND SENECA ST,,,2,Injury Collision,Rear Ended,2,0,0,2,2007/08/10 00:00:00+00,08-10-2007 10:01,Mid-Block (but intersection related),14,"MOTOR VEHICLE STRUCK MOTOR VEHICLE, REAR END",,0,Clear,Dry,Daylight,,7222029,,14,From same direction - both going straight - one stopped - rear-end,0,0,N
2,-122.3295862,47.54669393,1457,163200,163220,3582781,Matched,Block,,4TH AVE S BETWEEN S FRONT ST AND S MICHIGAN ST, ,,2,Injury Collision,Angles,3,0,0,2,2014/02/28 00:00:00+00,2/28/2014 5:15:00 PM,Driveway Junction,11,"MOTOR VEHICLE STRUCK MOTOR VEHICLE, FRONT END AT ANGLE",,N,Clear,Dry,Daylight,,,,10,Entering at angle,0,0,N
1,-122.2841042,47.54603212,1459,90700,90700,2892254,Matched,Block,,S GRAHAM ST BETWEEN 38TH AVE S AND 39TH AVE S,,,1,Property Damage Only Collision,Other,2,0,0,2,2008/03/31 00:00:00+00,3/31/2008 5:32:00 PM,Driveway Junction,11,"MOTOR VEHICLE STRUCK MOTOR VEHICLE, FRONT END AT ANGLE",,0,Clear,Dry,Daylight,,8091017,,22,One car leaving driveway access,0,0,N
2,-122.3513564,47.65148486,1460,292100,293040,3751050,Matched,Intersection,27026,FREMONT PL N AND N 36TH ST, ,,2,Injury Collision,Angles,2,0,0,2,2018/06/13 00:00:00+00,6/13/2018 1:30:00 PM,At Intersection (intersection related),11,"MOTOR VEHICLE STRUCK MOTOR VEHICLE, FRONT END AT ANGLE",,N,Unknown,Unknown,Daylight,,,,10,Entering at angle,0,0,N
2,-122.3130845,47.59791265,1461,154000,154020,3606305,Matched,Block,,RAINIER AVE S BETWEEN S KING ST AND S WELLER ST, ,,2,Injury Collision,Rear Ended,2,0,0,2,2013/09/07 00:00:00+00,09-07-2013 13:03,Mid-Block (but intersection related),14,"MOTOR VEHICLE STRUCK MOTOR VEHICLE, REAR END",Y,N,Clear,Dry,Daylight,,,,14,From same direction - both going straight - one stopped - rear-end,0,0,N
2,-122.3771269,47.64846994,1462,217600,217880,3791382,Matched,Block,,W DRAVUS ST BETWEEN 15TH AV W SB OFF RP AND 16TH AVE W, ,,2,Injury Collision,Rear Ended,2,0,0,2,2016/04/05 00:00:00+00,04-05-2016 09:25,Mid-Block (but intersection related),14,"MOTOR VEHICLE STRUCK MOTOR VEHICLE, REAR END",Y,N,Clear,Dry,Daylight,,,,14,From same direction - both going straight - one stopped - rear-end,0,0,N
1,-122.3118794,47.63063967,1463,202000,202140,3707249,Matched,Block,,E HIGHLAND DR BETWEEN 15TH AVE E AND 16TH AVE E, ,,1,Property Damage Only Collision,Parked Car,2,0,0,2,2015/09/06 00:00:00+00,09-06-2015 02:15,Mid-Block (not related to intersection),13,"MOTOR VEHICLE STRUCK MOTOR VEHICLE, LEFT SIDE AT ANGLE",,N,Unknown,Unknown,Unknown,,,,32,One parked--one moving,0,0,Y
1,-122.3133747,47.58503937,1464,159400,159420,3590227,Matched,Block,,15TH AVE S BETWEEN S PLUM ST AND S HILL ST, ,,1,Property Damage Only Collision,Parked Car,2,0,0,2,2014/01/01 00:00:00+00,01-01-2014 08:30,Mid-Block (not related to intersection),14,"MOTOR VEHICLE STRUCK MOTOR VEHICLE, REAR END",,N,Unknown,Unknown,Unknown,,,,32,One parked--one moving,0,0,N
2,-122.2776641,47.55117602,1465,170600,170620,3672761,Matched,Intersection,33512,RAINIER AVE S AND S ORCAS ST, ,,2,Injury Collision,Left Turn,3,0,0,2,2014/06/20 00:00:00+00,6/20/2014 4:46:00 PM,At Intersection (intersection related),11,"MOTOR VEHICLE STRUCK MOTOR VEHICLE, FRONT END AT ANGLE",,N,Clear,Dry,Daylight,,,,28,From opposite direction - one left turn - one straight,0,0,N
1,-122.3167815,47.60351416,1466,108000,108000,3329784,Matched,Intersection,29839,12TH AVE AND E SPRUCE ST,,,1,Property Damage Only Collision,Parked Car,3,0,0,2,2010/06/28 00:00:00+00,6/28/2010 4:51:00 PM,At Intersection (intersection related),14,"MOTOR VEHICLE STRUCK MOTOR VEHICLE, REAR END",,N,Clear,Dry,Daylight,,10179008,,32,One parked--one moving,0,0,N
2,-122.327894,47.67832817,1467,166600,166620,3576762,Matched,Block,,EAST GREEN LAKE WAY N BETWEEN 1ST AVE NE AND 2ND AVE NE, ,,2,Injury Collision,Rear Ended,2,0,0,2,2014/04/25 00:00:00+00,4/25/2014 7:37:00 AM,Mid-Block (but intersection related),14,"MOTOR VEHICLE STRUCK MOTOR VEHICLE, REAR END",Y,N,Clear,Dry,Daylight,,,,14,From same direction - both going straight - one stopped - rear-end,0,0,N
1,-122.2879588,47.54608596,1468,92200,92200,2892052,Matched,Block,,S GRAHAM ST BETWEEN 33RD AVE S AND M L KING JR WR WAY S,,,1,Property Damage Only Collision,Rear Ended,4,0,0,2,2008/10/23 00:00:00+00,10/23/2008 9:57:00 AM,Mid-Block (not related to intersection),14,"MOTOR VEHICLE STRUCK MOTOR VEHICLE, REAR END",,0,Unknown,Unknown,Daylight,,8297024,,14,From same direction - both going straight - one stopped - rear-end,0,0,N
2,-122.3494235,47.55569473,1469,298300,299440,3742468,Matched,Block,,WEST MARGINAL WAY SW BETWEEN PUGET WAY SW AND SW BRANDON ST, ,,2,Injury Collision,Sideswipe,3,0,0,2,2018/07/14 00:00:00+00,7/14/2018 12:06:00 AM,Mid-Block (not related to intersection),11,"MOTOR VEHICLE STRUCK MOTOR VEHICLE, FRONT END AT ANGLE",,N,Clear,Dry,Dark - Street Lights On,,,,11,From same direction - both going straight - both moving - sideswipe,0,0,N
2,-122.344492,47.6847677,1470,81800,81800,2905456,Matched,Intersection,24297,AURORA AVE N AND N 77TH ST,,,2,Injury Collision,Left Turn,2,0,0,2,2008/06/03 00:00:00+00,06-03-2008,At Intersection (intersection related),11,"MOTOR VEHICLE STRUCK MOTOR VEHICLE, FRONT END AT ANGLE",,0,Raining,Wet,Dusk,,8155039,,28,From opposite direction - one left turn - one straight,0,0,N
1,-122.3517878,47.61362583,1471,162400,162420,3373793,Matched,Block,,VINE ST BETWEEN ALASKAN WAY AND ELLIOTT AVE, ,,1,Property Damage Only Collision,Parked Car,7,0,0,2,2014/02/16 00:00:00+00,2/16/2014 2:56:00 PM,Mid-Block (but intersection related),11,"MOTOR VEHICLE STRUCK MOTOR VEHICLE, FRONT END AT ANGLE",,N,Overcast,Wet,Daylight,,,,32,One parked--one moving,0,0,N
1,-122.2769409,47.52611905,1472,87100,87100,2616132,Matched,Intersection,35253,RENTON AVE S AND S CLOVERDALE ST,,,1,Property Damage Only Collision,Angles,4,0,0,3,2008/10/28 00:00:00+00,10/28/2008 1:30:00 PM,At Intersection (intersection related),11,"MOTOR VEHICLE STRUCK MOTOR VEHICLE, FRONT END AT ANGLE",,0,Clear,Dry,Daylight,,8302034,,10,Entering at angle,0,0,N
1,-122.3175626,47.61876373,1473,88400,88400,2827863,Matched,Block,,E DENNY WAY BETWEEN 11TH AVE AND 12TH AVE,,,1,Property Damage Only Collision,Parked Car,2,0,0,2,2008/01/30 00:00:00+00,1/30/2008 2:00:00 PM,Mid-Block (not related to intersection),16,"MOTOR VEHICLE STRUCK MOTOR VEHICLE, LEFT SIDE SIDESWIPE",,0,Raining,Wet,Daylight,,8030013,,32,One parked--one moving,0,0,N
1,-122.3167818,47.60268591,1475,136500,136500,3476128,Matched,Intersection,30403,12TH AVE AND E FIR ST,,,1,Property Damage Only Collision,Angles,3,0,0,2,2012/10/31 00:00:00+00,10/31/2012 10:56:00 PM,At Intersection (intersection related),11,"MOTOR VEHICLE STRUCK MOTOR VEHICLE, FRONT END AT ANGLE",,N,Raining,Wet,Dark - Street Lights On,,12305001,,10,Entering at angle,0,0,N
2,-122.3342002,47.58085454,1476,184800,184880,3698937,Matched,Block,,1ST AVE S BETWEEN S STACY ST AND S LANDER ST, ,,2,Injury Collision,Cycles,2,0,1,1,2015/01/31 00:00:00+00,1/31/2015 1:59:00 PM,Driveway Junction,18,"MOTOR VEHICLE STRUCK PEDALCYCLIST, FRONT END AT ANGLE",,N,Overcast,Dry,Daylight,,,,45,Vehicle - Pedalcyclist,0,0,N
1,-122.3808565,47.66559207,1477,158300,158320,3591176,Matched,Intersection,25169,LEARY AVE NW AND NW IONE PL, ,,1,Property Damage Only Collision,Angles,4,0,0,2,2013/12/12 00:00:00+00,12-12-2013 12:45,At Intersection (intersection related),11,"MOTOR VEHICLE STRUCK MOTOR VEHICLE, FRONT END AT ANGLE",,N,Raining,Wet,Daylight,,,,10,Entering at angle,0,0,N
1,-122.3312782,47.604305,1478,238400,238840,E653758,Matched,Block,,4TH AVE BETWEEN CHERRY ST AND COLUMBIA ST, ,,1,Property Damage Only Collision,Parked Car,0,0,0,3,2017/01/25 00:00:00+00,1/25/2017 1:57:00 PM,Mid-Block (not related to intersection),11,"MOTOR VEHICLE STRUCK MOTOR VEHICLE, FRONT END AT ANGLE",,N,Raining,Wet,Daylight,,,,32,One parked--one moving,0,0,N
2,-122.3575663,47.61795105,1479,131300,131300,2908091,Matched,Block,,ELLIOTT AVE BETWEEN BAY ST AND W DENNY WAY,,,2,Injury Collision,Pedestrian,2,1,0,1,2012/07/02 00:00:00+00,07-02-2012 17:12,Mid-Block (not related to intersection),24,MOTOR VEHCILE STRUCK PEDESTRIAN,,N,Clear,Dry,Daylight,,12184012,,0,Vehicle going straight hits pedestrian,0,0,N
1,-122.2924031,47.7328465,1480,77100,77100,2858805,Matched,Block,,LAKE CITY WAY NE BETWEEN NE 143RD ST AND NE 145TH ST,,,1,Property Damage Only Collision,Angles,3,0,0,3,2007/10/15 00:00:00+00,10/15/2007 11:38:00 AM,Mid-Block (but intersection related),16,"MOTOR VEHICLE STRUCK MOTOR VEHICLE, LEFT SIDE SIDESWIPE",,0,Raining,Wet,Daylight,,7288065,,10,Entering at angle,0,0,N
1,-122.3418871,47.61854842,1481,208800,209020,3789013,Matched,Block,,DENNY WAY BETWEEN DEXTER AVE AND 8TH AVE, ,,1,Property Damage Only Collision,Sideswipe,4,0,0,3,2015/12/04 00:00:00+00,12-04-2015 11:51,Mid-Block (not related to intersection),11,"MOTOR VEHICLE STRUCK MOTOR VEHICLE, FRONT END AT ANGLE",Y,N,Clear,Dry,Daylight,,,,11,From same direction - both going straight - both moving - sideswipe,0,0,N
1,-122.3437801,47.63957615,1482,124200,124200,3477463,Matched,Block,,MCGRAW ST BETWEEN DEXTER AVE N AND WAVERLY PL N,,,1,Property Damage Only Collision,Parked Car,2,0,0,2,2011/07/14 00:00:00+00,7/14/2011 9:00:00 AM,Mid-Block (not related to intersection),0,NOT ENOUGH INFORMATION / NOT APPLICABLE,,N,Unknown,Unknown,Unknown,,11195018,,32,One parked--one moving,0,0,N
1,-122.3633259,47.68693779,1483,119300,119300,3375169,Matched,Intersection,24058,6TH AVE NW AND NW 80TH ST,,,1,Property Damage Only Collision,Left Turn,3,0,0,2,2011/03/04 00:00:00+00,03-04-2011 21:42,At Intersection (intersection related),14,"MOTOR VEHICLE STRUCK MOTOR VEHICLE, REAR END",,N,Raining,Wet,Dark - Street Lights On,,11063015,,15,From same direction - one left turn - one straight,0,0,N