SEVERITYCODE,X,Y,OBJECTID,INCKEY,COLDETKEY,REPORTNO,STATUS,ADDRTYPE,INTKEY,LOCATION,EXCEPTRSNCODE,EXCEPTRSNDESC,SEVERITYCODE,SEVERITYDESC,COLLISIONTYPE,PERSONCOUNT,PEDCOUNT,PEDCYLCOUNT,VEHCOUNT,INCDATE,INCDTTM,JUNCTIONTYPE,SDOT_COLCODE,SDOT_COLDESC,INATTENTIONIND,UNDERINFL,WEATHER,ROADCOND,LIGHTCOND,PEDROWNOTGRNT,SDOTCOLNUM,SPEEDING,ST_COLCODE,ST_COLDESC,SEGLANEKEY,CROSSWALKKEY,HITPARKEDCAR
1,-122.3604692,47.67956029,1484,203700,203840,E467484,Matched,Intersection,24101,3RD AVE NW AND NW 70TH ST, ,,1,Property Damage Only Collision,Angles,0,0,0,2,2015/10/02 00:00:00+00,10-02-2015 07:48,At Intersection (intersection related),11,"MOTOR VEHICLE STRUCK MOTOR VEHICLE, FRONT END AT ANGLE",,N,Raining,Wet,Dawn,,,,10,Entering at angle,0,0,N
1,-122.3501877,47.61613307,1485,135700,135700,3549252,Matched,Block,,CEDAR ST BETWEEN 1ST AVE AND 2ND AVE,,,1,Property Damage Only Collision,Left Turn,2,0,0,2,2012/10/13 00:00:00+00,10/13/2012 7:42:00 PM,Mid-Block (not related to intersection),11,"MOTOR VEHICLE STRUCK MOTOR VEHICLE, FRONT END AT ANGLE",,N,Raining,Wet,Dark - Street Lights On,,12287023,,15,From same direction - one left turn - one straight,0,0,N
1,-122.3331753,47.65912599,1486,109600,109600,3327813,Matched,Block,,N 43RD ST BETWEEN MERIDIAN AVE N AND BAGLEY AVE N,,,1,Property Damage Only Collision,Parked Car,2,0,0,2,2010/03/05 00:00:00+00,03-05-2010 18:03,Mid-Block (not related to intersection),11,"MOTOR VEHICLE STRUCK MOTOR VEHICLE, FRONT END AT ANGLE",,N,Clear,Dry,Dusk,,10064020,,32,One parked--one moving,0,0,N
2,-122.3593397,47.62211776,1487,164800,164820,3584082,Matched,Intersection,28651,2ND AVE W AND W HARRISON ST, ,,2,Injury Collision,Angles,3,0,0,2,2014/03/23 00:00:00+00,3/23/2014 4:54:00 PM,At Intersection (intersection related),11,"MOTOR VEHICLE STRUCK MOTOR VEHICLE, FRONT END AT ANGLE",Y,N,Clear,Dry,Daylight,,,,10,Entering at angle,0,0,N
1,-122.3203184,47.63502705,1488,85800,85800,2906601,Matched,Block,,E BLAINE ST BETWEEN DEAD END 1 AND 10TH AVE E,,,1,Property Damage Only Collision,Head On,3,0,0,2,2008/01/02 00:00:00+00,01-02-2008,Mid-Block (but intersection related),11,"MOTOR VEHICLE STRUCK MOTOR VEHICLE, FRONT END AT ANGLE",,0,Raining,Wet,Dark - Street Lights On,,8002028,,30,From opposite direction - all others,0,0,N
1,-122.3278873,47.61617237,1490,232100,232500,E610443,Matched,Block,,MELROSE AVE BETWEEN YALE AVE AND OLIVE WAY, ,,1,Property Damage Only Collision,Other,1,0,0,1,2016/10/10 00:00:00+00,10-10-2016 12:50,Mid-Block (not related to intersection),28,MOTOR VEHICLE RAN OFF ROAD - HIT FIXED OBJECT,,N,Clear,Dry,Daylight,,,,50,Fixed object,0,0,N
1,-122.3601018,47.53544208,1491,76200,76200,2792716,Matched,Intersection,33974,21ST AVE SW AND SW WEBSTER ST,,,1,Property Damage Only Collision,Sideswipe,2,0,0,2,2007/12/07 00:00:00+00,12-07-2007,At Intersection (intersection related),11,"MOTOR VEHICLE STRUCK MOTOR VEHICLE, FRONT END AT ANGLE",,0,Clear,Dry,Dark - Street Lights On,,7341030,,26,From opposite direction - both going straight - sideswipe,0,0,N
2,-122.3647927,47.67598993,1493,175700,175720,3695638,Matched,Block,,NW 65TH ST BETWEEN 7TH E AVE NW AND 7TH W AVE NW, ,,2,Injury Collision,Rear Ended,4,0,0,3,2014/09/16 00:00:00+00,9/16/2014 11:53:00 AM,Mid-Block (but intersection related),14,"MOTOR VEHICLE STRUCK MOTOR VEHICLE, REAR END",Y,N,Clear,Dry,Daylight,,,,14,From same direction - both going straight - one stopped - rear-end,0,0,N
2,-122.3126751,47.72847403,1496,223600,223880,E563166,Matched,Intersection,35860,15TH AVE NE AND NE 137TH ST, ,,2,Injury Collision,Angles,2,0,0,2,2016/06/28 00:00:00+00,6/28/2016 6:13:00 PM,At Intersection (but not related to intersection),11,"MOTOR VEHICLE STRUCK MOTOR VEHICLE, FRONT END AT ANGLE",,N,Clear,Dry,Daylight,,,,10,Entering at angle,0,0,N
1,-122.3342851,47.62426535,1497,171200,171220,3585361,Matched,Intersection,274455,FAIRVIEW AVE N AND MERCER S SR ST, ,,1,Property Damage Only Collision,Right Turn,6,0,0,2,2014/07/06 00:00:00+00,07-06-2014 21:19,At Intersection (intersection related),11,"MOTOR VEHICLE STRUCK MOTOR VEHICLE, FRONT END AT ANGLE",Y,N,Clear,Dry,Dark - Street Lights On,,,,16,From same direction - one right turn - one straight,0,0,N
1,-122.3761358,47.63538625,1498,108700,108700,3342220,Matched,Block,,15TH AVE W BETWEEN W BLAINE ST AND W HOWE ST,,,1,Property Damage Only Collision,Left Turn,2,0,0,2,2010/06/11 00:00:00+00,06-11-2010 12:01,Driveway Junction,11,"MOTOR VEHICLE STRUCK MOTOR VEHICLE, FRONT END AT ANGLE",,0,Overcast,Dry,Daylight,,10162013,,28,From opposite direction - one left turn - one straight,0,0,N
2,-122.3167794,47.61039501,1499,147200,147220,3606084,Matched,Intersection,29783,12TH AVE AND E MARION ST, ,,2,Injury Collision,Cycles,2,0,1,1,2013/05/30 00:00:00+00,5/30/2013 4:56:00 PM,At Intersection (intersection related),51,PEDALCYCLIST STRUCK MOTOR VEHICLE FRONT END AT ANGLE,,N,Clear,Dry,Daylight,Y,,,45,Vehicle - Pedalcyclist,10716,0,N
1,-122.3192841,47.54982963,1501,115800,115800,3387685,Matched,Block,,S DORIS ST BETWEEN CORSON AVE S AND AIRPORT WAY S,,,1,Property Damage Only Collision,Parked Car,2,0,0,2,2010/10/30 00:00:00+00,10/30/2010 8:00:00 PM,Mid-Block (not related to intersection),14,"MOTOR VEHICLE STRUCK MOTOR VEHICLE, REAR END",,N,Raining,Wet,Dark - Street Lights On,,10303054,,32,One parked--one moving,0,0,N
1,-122.330689,47.60701684,1502,182300,182360,3696194,Matched,Intersection,29947,6TH AVE AND MADISON ST, ,,1,Property Damage Only Collision,Angles,4,0,0,2,2014/11/15 00:00:00+00,11/15/2014 11:08:00 PM,At Intersection (intersection related),11,"MOTOR VEHICLE STRUCK MOTOR VEHICLE, FRONT END AT ANGLE",,N,Overcast,Dry,Dark - Street Lights On,,,,10,Entering at angle,0,0,N
1,-122.3553005,47.68838959,1503,145200,145200,3377279,Matched,Intersection,24269,GREENWOOD AVE N AND N 82ND ST, ,,1,Property Damage Only Collision,Angles,5,0,0,3,2013/04/27 00:00:00+00,4/27/2013 7:13:00 PM,At Intersection (intersection related),11,"MOTOR VEHICLE STRUCK MOTOR VEHICLE, FRONT END AT ANGLE",,N,Overcast,Dry,Daylight,,,,10,Entering at angle,0,0,N
2,-122.3436235,47.62583781,1504,72000,72000,2795296,Matched,Block,,AURORA AVE N BETWEEN ROY ST AND VALLEY ST,,,2,Injury Collision,Rear Ended,2,0,0,2,2007/10/26 00:00:00+00,10/26/2007 4:40:00 PM,Mid-Block (not related to intersection),14,"MOTOR VEHICLE STRUCK MOTOR VEHICLE, REAR END",,0,Clear,Dry,Daylight,,7299027,,14,From same direction - both going straight - one stopped - rear-end,0,0,N
1,-122.3430639,47.61426825,1506,90400,90400,3277421,Matched,Block,,BLANCHARD ST BETWEEN 3RD AVE AND 4TH AVE,,,1,Property Damage Only Collision,Other,2,0,0,2,2008/09/27 00:00:00+00,9/27/2008 7:22:00 PM,Driveway Junction,11,"MOTOR VEHICLE STRUCK MOTOR VEHICLE, FRONT END AT ANGLE",,0,Clear,Dry,Dark - Street Lights On,,8271026,,23,From same direction - all others,0,0,N
2,-122.3342019,47.57772754,1507,227600,227940,3754533,Matched,Intersection,31373,1ST AVE S AND S FOREST ST, ,,2,Injury Collision,Other,1,0,0,1,2016/09/07 00:00:00+00,09-07-2016 19:13,At Intersection (intersection related),18,"MOTOR VEHICLE STRUCK PEDALCYCLIST, FRONT END AT ANGLE",,N,Overcast,Dry,Dusk,,,,52,Vehicle overturned,0,0,N
1,-122.3762633,47.64566405,1508,175300,175320,3465973,Matched,Block,,15TH AVE W BETWEEN W ARMOUR ST AND 15TH AV W NB OFF RP, ,,1,Property Damage Only Collision,Rear Ended,3,0,0,2,2014/09/11 00:00:00+00,09-11-2014 18:15,Mid-Block (but intersection related),14,"MOTOR VEHICLE STRUCK MOTOR VEHICLE, REAR END",,N,Clear,Dry,Daylight,,,,14,From same direction - both going straight - one stopped - rear-end,0,0,N
1,-122.3245856,47.60956945,1509,239400,239840,3756294,Matched,Block,,MADISON ST BETWEEN BOREN AVE AND MINOR AVE,NEI,"Not Enough Information, or Insufficient Location Information",1,Property Damage Only Collision,Parked Car,2,0,0,2,2017/04/10 00:00:00+00,04-10-2017 17:30,Mid-Block (not related to intersection),14,"MOTOR VEHICLE STRUCK MOTOR VEHICLE, REAR END",,N,Unknown,Unknown,Unknown,,,,32,One parked--one moving,0,0,Y
1,-122.384018,47.65032742,1510,218200,218500,3740230,Matched,Block,,W BERTONA ST BETWEEN 21ST AVE W AND 22ND AVE W, ,,1,Property Damage Only Collision,Parked Car,2,0,0,2,2016/04/23 00:00:00+00,4/23/2016 1:07:00 AM,Mid-Block (not related to intersection),14,"MOTOR VEHICLE STRUCK MOTOR VEHICLE, REAR END",Y,Y,Clear,Dry,Dark - Street Lights On,,,,32,One parked--one moving,0,0,Y
1,-122.3250538,47.59961176,1511,119500,119500,3560283,Matched,Block,,MAYNARD AVE S BETWEEN S MAIN ST AND S JACKSON ST,,,1,Property Damage Only Collision,Parked Car,2,0,0,2,2011/06/03 00:00:00+00,06-03-2011 18:56,Mid-Block (not related to intersection),14,"MOTOR VEHICLE STRUCK MOTOR VEHICLE, REAR END",,N,Clear,Dry,Daylight,,11154020,,32,One parked--one moving,0,0,N
1,-122.337592,47.61120737,1512,242400,242880,3746487,Matched,Intersection,29579,4TH AVE AND PINE ST, ,,1,Property Damage Only Collision,Sideswipe,2,0,0,2,2017/05/23 00:00:00+00,5/23/2017 4:27:00 PM,At Intersection (but not related to intersection),14,"MOTOR VEHICLE STRUCK MOTOR VEHICLE, REAR END",,N,Clear,Dry,Daylight,,,,12,From same direction - both going straight - one stopped - sideswipe,0,0,N
2,-122.315658,47.67581493,1513,193400,193480,E423781,Matched,Intersection,24501,12TH AVE NE AND NE 65TH ST, ,,2,Injury Collision,Pedestrian,0,1,0,1,2015/05/11 00:00:00+00,05-11-2015 21:18,At Intersection (intersection related),24,MOTOR VEHCILE STRUCK PEDESTRIAN,,N,Overcast,Dry,Dark - Street Lights On,,,,2,Vehicle turning left hits pedestrian,0,524481,N
2,-122.300619,47.66852575,1514,79800,79800,3277089,Matched,Intersection,25939,25TH AVE NE AND NE 55TH ST, ,,2,Injury Collision,Pedestrian,2,1,0,1,2008/10/25 00:00:00+00,10/25/2008 5:13:00 PM,At Intersection (intersection related),24,MOTOR VEHCILE STRUCK PEDESTRIAN,Y,0,Clear,Dry,Daylight,,8299005,,1,Vehicle turning right hits pedestrian,0,523825,N
1,-122.3576125,47.53624492,1515,169100,169120,3505206,Matched,Block,,DUMAR WAY SW BETWEEN SW ORCHARD ST AND SW AUSTIN ST, ,,1,Property Damage Only Collision,Rear Ended,4,0,0,2,2014/06/02 00:00:00+00,06-02-2014 08:17,Mid-Block (not related to intersection),14,"MOTOR VEHICLE STRUCK MOTOR VEHICLE, REAR END",,Y,Clear,Dry,Daylight,,,,14,From same direction - both going straight - one stopped - rear-end,0,0,N
1,-122.3392286,47.6610294,1516,85300,85300,3277880,Matched,Intersection,26855,WOODLAWN PL N AND DEAD END,,,1,Property Damage Only Collision,Rear Ended,2,0,0,2,2008/09/11 00:00:00+00,09-11-2008 13:05,At Intersection (intersection related),14,"MOTOR VEHICLE STRUCK MOTOR VEHICLE, REAR END",Y,0,Clear,Dry,Daylight,,8255012,,14,From same direction - both going straight - one stopped - rear-end,0,0,N
2,-122.3042368,47.5854993,1517,107000,107000,3211198,Matched,Intersection,31548,22ND AVE S AND S PLUM ST,,,2,Injury Collision,Angles,4,0,0,2,2010/05/08 00:00:00+00,05-08-2010 16:05,At Intersection (intersection related),11,"MOTOR VEHICLE STRUCK MOTOR VEHICLE, FRONT END AT ANGLE",,N,Clear,Dry,Daylight,,10128019,,10,Entering at angle,0,0,N
2,-122.302554,47.58409913,1518,182200,182260,3693708,Matched,Block,,RAINIER AVE S BETWEEN 23RD AVE S AND S WALKER ST, ,,2,Injury Collision,Rear Ended,2,0,0,2,2014/12/23 00:00:00+00,12/23/2014 7:26:00 PM,Mid-Block (but intersection related),14,"MOTOR VEHICLE STRUCK MOTOR VEHICLE, REAR END",Y,N,Raining,,Dark - Street Lights On,,,,14,From same direction - both going straight - one stopped - rear-end,0,0,N
2,-122.3449468,47.72048199,1519,230800,231200,E604984,Matched,Block,,AURORA AVE N BETWEEN N 125TH ST AND N 127TH ST, ,,2,Injury Collision,Angles,4,0,0,4,2016/11/04 00:00:00+00,11-04-2016 13:40,Driveway Junction,11,"MOTOR VEHICLE STRUCK MOTOR VEHICLE, FRONT END AT ANGLE",Y,N,Clear,Dry,Daylight,,,Y,10,Entering at angle,0,0,N
1,-122.3804991,47.56966534,1520,114500,114500,3342849,Matched,Block,,38TH AVE SW BETWEEN SW CHARLESTOWN ST AND BELVIDERE AVE SW,,,1,Property Damage Only Collision,Parked Car,2,0,0,2,2010/10/10 00:00:00+00,10-10-2010 23:05,Mid-Block (not related to intersection),11,"MOTOR VEHICLE STRUCK MOTOR VEHICLE, FRONT END AT ANGLE",,N,Overcast,Wet,Dark - Street Lights On,,10283016,,32,One parked--one moving,0,0,N
1,-122.3039722,47.66345935,1521,206600,206800,3775709,Matched,Block,,22ND AVE NE BETWEEN 22ND WR S AVE NE AND NE 50TH ST,NEI,"Not Enough Information, or Insufficient Location Information",1,Property Damage Only Collision,Parked Car,2,0,0,2,2015/11/06 00:00:00+00,11-06-2015 07:00,,0,NOT ENOUGH INFORMATION / NOT APPLICABLE,,N,Unknown,Unknown,Unknown,,,,32,One parked--one moving,0,0,N
1,-122.3026644,47.61473136,1523,125600,125600,3344141,Matched,Block,,23RD AVE BETWEEN E PIKE ST AND E PINE ST,,,1,Property Damage Only Collision,Rear Ended,5,0,0,3,2011/06/03 00:00:00+00,06-03-2011 08:51,Mid-Block (but intersection related),14,"MOTOR VEHICLE STRUCK MOTOR VEHICLE, REAR END",Y,N,Clear,Dry,Daylight,,11154025,,14,From same direction - both going straight - one stopped - rear-end,0,0,N
1,-122.3867705,47.56746537,1524,201500,201640,3734738,Matched,Block,,CALIFORNIA AVE SW BETWEEN SW ANDOVER ST AND SW DAKOTA ST,NEI,"Not Enough Information, or Insufficient Location Information",1,Property Damage Only Collision,Parked Car,2,0,0,2,2015/08/27 00:00:00+00,8/27/2015 7:30:00 PM,,13,"MOTOR VEHICLE STRUCK MOTOR VEHICLE, LEFT SIDE AT ANGLE",,N,Clear,Dry,Unknown,,,,32,One parked--one moving,0,0,Y
1,-122.3283619,47.63750531,1525,180600,180660,3590524,Matched,Block,,MINOR AVE E BETWEEN E NEWTON ST AND E BOSTON ST,NEI,"Not Enough Information, or Insufficient Location Information",1,Property Damage Only Collision,Parked Car,2,0,0,2,2014/11/13 00:00:00+00,11/13/2014 12:01:00 AM,Mid-Block (not related to intersection),0,NOT ENOUGH INFORMATION / NOT APPLICABLE,,N,Unknown,Unknown,Unknown,,,,32,One parked--one moving,0,0,N
1,-122.3161276,47.60620027,1526,170500,170520,3701569,Matched,Block,,E JEFFERSON ST BETWEEN 12TH AVE AND 13TH AVE, ,,1,Property Damage Only Collision,Rear Ended,3,0,0,2,2014/06/24 00:00:00+00,6/24/2014 5:31:00 PM,Mid-Block (but intersection related),14,"MOTOR VEHICLE STRUCK MOTOR VEHICLE, REAR END",,N,Clear,Dry,Daylight,,,,14,From same direction - both going straight - one stopped - rear-end,0,0,N
1,-122.2944873,47.73376939,1527,79400,79400,3277158,Matched,Block,,NE 145TH ST BETWEEN 31ST AVE NE AND 32ND AVE NE,,,1,Property Damage Only Collision,Other,1,0,0,1,2008/11/25 00:00:00+00,11/25/2008 3:05:00 AM,Driveway Junction,28,MOTOR VEHICLE RAN OFF ROAD - HIT FIXED OBJECT,,0,Clear,Dry,Dark - Street Lights On,,8330010,Y,50,Fixed object,0,0,N
1,-122.3534713,47.51735061,1528,132600,132600,3342512,Matched,Block,,SW ROXBURY ST BETWEEN 14TH AVE SW AND 15TH AVE SW,,,1,Property Damage Only Collision,Angles,6,0,0,3,2012/09/09 00:00:00+00,09-09-2012 16:30,Mid-Block (not related to intersection),11,"MOTOR VEHICLE STRUCK MOTOR VEHICLE, FRONT END AT ANGLE",,N,Clear,Dry,Daylight,,12253015,,10,Entering at angle,0,0,N
1,-122.2991179,47.6214915,1529,118700,118700,3550333,Matched,Block,,E MADISON ST BETWEEN 25TH AVE E AND 26TH AVE E,,,1,Property Damage Only Collision,Parked Car,2,0,0,2,2011/05/14 00:00:00+00,5/14/2011 11:00:00 PM,,0,NOT ENOUGH INFORMATION / NOT APPLICABLE,,N,Unknown,Unknown,Unknown,,11134030,,32,One parked--one moving,0,0,N
1,-122.3346656,47.60968542,1530,229500,229860,3739986,Matched,Intersection,29913,5TH AVE AND UNION ST, ,,1,Property Damage Only Collision,Sideswipe,2,0,0,2,2016/10/05 00:00:00+00,10-05-2016 15:20,At Intersection (intersection related),11,"MOTOR VEHICLE STRUCK MOTOR VEHICLE, FRONT END AT ANGLE",,N,Clear,Dry,Daylight,,,,81,Same direction -- both turning left -- both moving -- sideswipe,0,0,N
1,-122.3174432,47.6043591,1531,96300,96300,3274625,Matched,Block,,E ALDER ST BETWEEN 11TH AVE AND 12TH AVE,,,1,Property Damage Only Collision,Parked Car,2,0,0,2,2009/02/23 00:00:00+00,2/23/2009 9:30:00 PM,,0,NOT ENOUGH INFORMATION / NOT APPLICABLE,,0,Unknown,Unknown,Unknown,,9054015,,32,One parked--one moving,0,0,N
1,-122.3046109,47.64555665,1533,73000,73000,C690459,Matched,Intersection,28389,MONTLAKE BLVD E AND E HAMLIN ST,,,1,Property Damage Only Collision,Left Turn,2,0,0,2,2007/08/16 00:00:00+00,8/16/2007 12:48:00 PM,At Intersection (intersection related),11,"MOTOR VEHICLE STRUCK MOTOR VEHICLE, FRONT END AT ANGLE",,0,Clear,Dry,Daylight,,7228032,,28,From opposite direction - one left turn - one straight,0,0,N
1,-122.336506,47.69686778,1534,74900,74900,2799036,Matched,Block,,WALLINGFORD AVE N BETWEEN N 92ND ST AND N 95TH ST,,,1,Property Damage Only Collision,Parked Car,2,0,0,2,2007/10/19 00:00:00+00,10/19/2007 2:00:00 AM,Mid-Block (not related to intersection),12,"MOTOR VEHICLE STRUCK MOTOR VEHICLE, RIGHT SIDE AT ANGLE",,0,Raining,Wet,Dark - Street Lights On,,7292053,,32,One parked--one moving,0,0,N
1,-122.3194347,47.61294002,1535,204800,204940,3737763,Matched,Intersection,29759,10TH AVE AND E UNION ST, ,,1,Property Damage Only Collision,Other,1,0,0,1,2015/10/14 00:00:00+00,10/14/2015 3:50:00 AM,At Intersection (intersection related),26,MOTOR VEHICLE STRUCK OBJECT IN ROAD,,N,Clear,Dry,Dark - Street Lights On,,,,50,Fixed object,0,0,N
1,-122.3708077,47.56471397,1536,136000,136000,3547445,Matched,Intersection,32144,30TH AVE SW AND SW GENESEE ST,,,1,Property Damage Only Collision,Angles,3,0,0,2,2012/09/08 00:00:00+00,09-08-2012 17:43,At Intersection (intersection related),11,"MOTOR VEHICLE STRUCK MOTOR VEHICLE, FRONT END AT ANGLE",,N,Clear,Dry,Daylight,,12252005,Y,10,Entering at angle,0,0,N
1,-122.3365647,47.60505166,1537,81200,81200,2908042,Matched,Block,,1ST AVE BETWEEN MADISON ST AND SPRING ST,,,1,Property Damage Only Collision,Sideswipe,2,0,0,2,2008/08/27 00:00:00+00,8/27/2008 8:46:00 AM,Mid-Block (not related to intersection),11,"MOTOR VEHICLE STRUCK MOTOR VEHICLE, FRONT END AT ANGLE",Y,0,Clear,Dry,Daylight,,8240025,,11,From same direction - both going straight - both moving - sideswipe,0,0,N
2,-122.3763004,47.65305688,1538,191800,191880,E413124,Matched,Block,,15TH EMERSON RP BETWEEN 15TH AV W ON RP AND EMERSON TURN RD, ,,2,Injury Collision,Head On,3,0,0,2,2015/03/27 00:00:00+00,3/27/2015 8:27:00 PM,Mid-Block (not related to intersection),11,"MOTOR VEHICLE STRUCK MOTOR VEHICLE, FRONT END AT ANGLE",Y,N,Overcast,Dry,Dark - No Street Lights,,,,24,From opposite direction - both moving - head-on,0,0,N
2,-122.3073277,47.73206883,1539,142000,142000,3333937,Matched,Intersection,36083,20TH AVE NE AND NE 143RD ST,,,2,Injury Collision,Angles,2,0,0,2,2012/02/09 00:00:00+00,02-09-2012 15:00,At Intersection (intersection related),11,"MOTOR VEHICLE STRUCK MOTOR VEHICLE, FRONT END AT ANGLE",,N,Raining,Wet,Daylight,,12040017,,10,Entering at angle,0,0,N
2,-122.3418871,47.61854842,1540,198800,198940,3732747,Matched,Block,,DENNY WAY BETWEEN DEXTER AVE AND 8TH AVE, ,,2,Injury Collision,Rear Ended,8,0,0,3,2015/07/24 00:00:00+00,7/24/2015 2:41:00 PM,Mid-Block (not related to intersection),14,"MOTOR VEHICLE STRUCK MOTOR VEHICLE, REAR END",Y,N,Clear,Dry,Daylight,,,,14,From same direction - both going straight - one stopped - rear-end,0,0,N
1,-122.3341849,47.60004423,1542,91600,91600,2608015,Matched,Intersection,30364,1ST AVE S AND S MAIN ST,,,1,Property Damage Only Collision,Rear Ended,4,0,0,2,2008/09/14 00:00:00+00,9/14/2008 10:30:00 AM,At Intersection (intersection related),14,"MOTOR VEHICLE STRUCK MOTOR VEHICLE, REAR END",,0,Clear,Dry,Daylight,,8258012,,14,From same direction - both going straight - one stopped - rear-end,0,0,N
1,-122.323869,47.5931178,1543,273200,274040,E773696,Matched,Block,,AIRPORT NB WAY S BETWEEN AIRPORT WAY S AND 7TH AVE S, ,,1,Property Damage Only Collision,Rear Ended,2,0,0,2,2018/02/26 00:00:00+00,2/26/2018 9:18:00 AM,Mid-Block (but intersection related),14,"MOTOR VEHICLE STRUCK MOTOR VEHICLE, REAR END",Y,N,Clear,Dry,Daylight,,,,14,From same direction - both going straight - one stopped - rear-end,0,0,N
1,-122.3208989,47.62153197,1544,174900,174920,3701840,Matched,Block,,BROADWAY E BETWEEN E THOMAS ST AND E HARRISON ST, ,,1,Property Damage Only Collision,Other,1,0,0,1,2014/08/18 00:00:00+00,8/18/2014 12:08:00 PM,Mid-Block (not related to intersection),28,MOTOR VEHICLE RAN OFF ROAD - HIT FIXED OBJECT,Y,N,Clear,Dry,Daylight,,,,50,Fixed object,0,0,N
1,-122.3761502,47.56835681,1545,88100,88100,2895972,Matched,Intersection,31875,35TH AVE SW AND SW ANDOVER N ST,,,1,Property Damage Only Collision,Angles,4,0,0,2,2008/09/09 00:00:00+00,09-09-2008,At Intersection (intersection related),11,"MOTOR VEHICLE STRUCK MOTOR VEHICLE, FRONT END AT ANGLE",,0,Clear,Dry,Daylight,,8253007,,10,Entering at angle,0,0,N
1,-122.360238,47.66597696,1546,243900,244440,E680653,Matched,Block,,NW MARKET ST BETWEEN NW 50TH ST AND 3RD AVE NW, ,,1,Property Damage Only Collision,Other,1,0,0,1,2017/06/08 00:00:00+00,06-08-2017 06:32,Mid-Block (not related to intersection),28,MOTOR VEHICLE RAN OFF ROAD - HIT FIXED OBJECT,,N,Raining,Wet,Daylight,,,Y,50,Fixed object,0,0,N
2,-122.3768028,47.68966537,1547,172100,172120,3646360,Matched,Block,,15TH AVE NW BETWEEN NW 83RD ST AND NW 85TH ST, ,,2,Injury Collision,Rear Ended,4,0,0,3,2014/07/19 00:00:00+00,7/19/2014 7:15:00 PM,Mid-Block (but intersection related),14,"MOTOR VEHICLE STRUCK MOTOR VEHICLE, REAR END",Y,N,Clear,Dry,Daylight,,,,14,From same direction - both going straight - one stopped - rear-end,0,0,N
1,-122.3473112,47.66500911,1548,109300,109300,3287021,Matched,Intersection,25652,AURORA AVE N AND N 50 UPPER ST,,,1,Property Damage Only Collision,Angles,3,0,0,2,2010/02/23 00:00:00+00,2/23/2010 5:58:00 AM,At Intersection (intersection related),11,"MOTOR VEHICLE STRUCK MOTOR VEHICLE, FRONT END AT ANGLE",,N,Clear,Dry,Dawn,,10054009,,10,Entering at angle,0,0,N
1,-122.3447555,47.64975609,1549,186600,186680,3707984,Matched,Intersection,27040,ALBION PL N AND N 35TH ST, ,,1,Property Damage Only Collision,Angles,4,0,0,2,2015/02/27 00:00:00+00,2/27/2015 1:53:00 PM,At Intersection (intersection related),11,"MOTOR VEHICLE STRUCK MOTOR VEHICLE, FRONT END AT ANGLE",Y,N,Overcast,Dry,Daylight,,,,10,Entering at angle,0,0,N
2,-122.3762222,47.66121143,1551,163800,163820,3572973,Matched,Block,,BALLARD BR BETWEEN POINT B AND BALLARD BR OFF RP, ,,2,Injury Collision,Rear Ended,6,0,0,3,2014/03/04 00:00:00+00,03-04-2014 15:00,Mid-Block (not related to intersection),14,"MOTOR VEHICLE STRUCK MOTOR VEHICLE, REAR END",,N,Raining,Wet,Daylight,,,,14,From same direction - both going straight - one stopped - rear-end,0,0,N
1,-122.385708,47.54756931,1552,232400,232800,3694804,Unmatched,Block,,42ND AVE SW BETWEEN SW RAYMOND ST AND SW GRAHAM ST, ,,1,Property Damage Only Collision,,3,0,0,0,2016/12/02 00:00:00+00,12-02-2016,Mid-Block (not related to intersection),14,"MOTOR VEHICLE STRUCK MOTOR VEHICLE, REAR END",,,,,,,,, ,,0,0,Y
2,-122.3424392,47.65538288,1553,105000,105000,3206531,Matched,Intersection,26848,STONE WAY N AND N 40TH ST,,,2,Injury Collision,Angles,2,0,0,2,2009/05/21 00:00:00+00,5/21/2009 12:23:00 AM,At Intersection (intersection related),11,"MOTOR VEHICLE STRUCK MOTOR VEHICLE, FRONT END AT ANGLE",,0,Clear,Dry,Dark - Street Lights On,,9141002,,10,Entering at angle,0,0,N
2,-122.2879335,47.71922945,1554,227100,227440,E584763,Matched,Block,,NE 125TH ST BETWEEN 37TH AVE NE AND 38TH AVE NE, ,,2,Injury Collision,Rear Ended,4,0,0,2,2016/09/14 00:00:00+00,9/14/2016 7:00:00 AM,Mid-Block (but intersection related),14,"MOTOR VEHICLE STRUCK MOTOR VEHICLE, REAR END",,N,Clear,Dry,Daylight,,,,14,From same direction - both going straight - one stopped - rear-end,0,0,N