SEVERITYCODE,X,Y,OBJECTID,INCKEY,COLDETKEY,REPORTNO,STATUS,ADDRTYPE,INTKEY,LOCATION,EXCEPTRSNCODE,EXCEPTRSNDESC,SEVERITYCODE,SEVERITYDESC,COLLISIONTYPE,PERSONCOUNT,PEDCOUNT,PEDCYLCOUNT,VEHCOUNT,INCDATE,INCDTTM,JUNCTIONTYPE,SDOT_COLCODE,SDOT_COLDESC,INATTENTIONIND,UNDERINFL,WEATHER,ROADCOND,LIGHTCOND,PEDROWNOTGRNT,SDOTCOLNUM,SPEEDING,ST_COLCODE,ST_COLDESC,SEGLANEKEY,CROSSWALKKEY,HITPARKEDCAR
1,-122.3854566,47.56197325,1624,201400,201540,3588085,Matched,Block,,42ND AVE SW BETWEEN SW OREGON ST AND SW ALASKA ST, ,,1,Property Damage Only Collision,Angles,2,0,0,2,2015/09/01 00:00:00+00,09-01-2015 22:48,Driveway Junction,11,"MOTOR VEHICLE STRUCK MOTOR VEHICLE, FRONT END AT ANGLE",Y,N,Clear,Dry,Dark - Street Lights On,,,,10,Entering at angle,0,0,N
1,-122.2933382,47.59387454,1625,125100,125100,3559798,Matched,Block,,30TH AVE S BETWEEN S CHARLES ST AND S NORMAN ST,,,1,Property Damage Only Collision,Parked Car,2,0,0,2,2011/06/21 00:00:00+00,6/21/2011 12:01:00 AM,Mid-Block (not related to intersection),11,"MOTOR VEHICLE STRUCK MOTOR VEHICLE, FRONT END AT ANGLE",,N,Unknown,Dry,Unknown,,11172023,,32,One parked--one moving,0,0,N
1,-122.3202109,47.62958005,1626,242000,242440,E678070,Matched,Block,,10TH AVE E BETWEEN E PROSPECT ST AND E HIGHLAND DR,NEI,"Not Enough Information, or Insufficient Location Information",1,Property Damage Only Collision,Parked Car,2,0,0,2,2017/06/05 00:00:00+00,06-05-2017 15:08,,0,NOT ENOUGH INFORMATION / NOT APPLICABLE,,N,Unknown,Unknown,Unknown,,,,32,One parked--one moving,0,0,Y
1,-122.353337,47.65834895,1629,107200,107200,3565504,Matched,Block,,FRANCIS AVE N BETWEEN N 42ND ST AND N 43RD ST,,,1,Property Damage Only Collision,Parked Car,4,0,0,3,2010/10/15 00:00:00+00,10/15/2010 12:45:00 AM,Mid-Block (not related to intersection),14,"MOTOR VEHICLE STRUCK MOTOR VEHICLE, REAR END",,Y,Clear,Dry,Dark - Street Lights On,,10288012,,32,One parked--one moving,0,0,N
1,-122.320354,47.53183476,1630,147800,147820,2896574,Matched,Intersection,34209,10TH AVE S AND S KENYON ST, ,,1,Property Damage Only Collision,Sideswipe,2,0,0,2,2013/06/07 00:00:00+00,06-07-2013 10:45,At Intersection (intersection related),16,"MOTOR VEHICLE STRUCK MOTOR VEHICLE, LEFT SIDE SIDESWIPE",,N,Clear,Dry,Daylight,,,,26,From opposite direction - both going straight - sideswipe,0,0,N
1,-122.3474204,47.61508492,1631,117000,117000,3383608,Matched,Block,,2ND AVE BETWEEN BATTERY ST AND WALL ST,,,1,Property Damage Only Collision,Parked Car,3,0,0,2,2010/10/08 00:00:00+00,10-08-2010 23:09,Mid-Block (not related to intersection),14,"MOTOR VEHICLE STRUCK MOTOR VEHICLE, REAR END",,N,Raining,Wet,Dark - Street Lights On,,10281026,,32,One parked--one moving,0,0,N
1,-122.3270316,47.59583676,1632,296800,297920,3755150,Matched,Block,,S DEARBORN ST BETWEEN SEATTLE BLVD S AND 6TH AVE S, ,,1,Property Damage Only Collision,Sideswipe,2,0,0,2,2018/07/12 00:00:00+00,07-12-2018 14:00,Mid-Block (not related to intersection),16,"MOTOR VEHICLE STRUCK MOTOR VEHICLE, LEFT SIDE SIDESWIPE",,N,Clear,Dry,Daylight,,,,11,From same direction - both going straight - both moving - sideswipe,0,0,N
1,-122.3609694,47.6365624,1633,116200,116200,3329114,Matched,Block,,3RD AVE W BETWEEN W HOWE ST AND W CROCKETT S ST,,,1,Property Damage Only Collision,Parked Car,2,0,0,2,2010/05/01 00:00:00+00,05-01-2010 12:00,Mid-Block (not related to intersection),14,"MOTOR VEHICLE STRUCK MOTOR VEHICLE, REAR END",,N,Unknown,Unknown,Unknown,,10121024,,32,One parked--one moving,0,0,N
1,-122.350616,47.61580161,1634,181900,181960,3696188,Matched,Intersection,29684,1ST AVE AND CEDAR ST, ,,1,Property Damage Only Collision,Angles,2,0,0,2,2014/10/29 00:00:00+00,10/29/2014 7:47:00 AM,At Intersection (intersection related),11,"MOTOR VEHICLE STRUCK MOTOR VEHICLE, FRONT END AT ANGLE",Y,N,Overcast,Wet,Daylight,,,,10,Entering at angle,0,0,N
1,-122.3095076,47.66215991,1635,113600,113600,3383437,Matched,Block,,17TH NB AVE NE BETWEEN NE 45TH ST AND NE 47TH ST,,,1,Property Damage Only Collision,Parked Car,2,0,0,2,2010/10/25 00:00:00+00,10/25/2010 7:00:00 PM,Mid-Block (not related to intersection),15,"MOTOR VEHICLE STRUCK MOTOR VEHICLE, RIGHT SIDE SIDESWIPE",,N,Unknown,Unknown,Unknown,,10298011,,32,One parked--one moving,0,0,N
2,-122.3873981,47.52817629,1636,115000,115000,3331879,Matched,Intersection,34690,CALIFORNIA AVE SW AND SW SULLIVAN ST,,,2,Injury Collision,Other,1,0,0,1,2010/10/16 00:00:00+00,10/16/2010 3:31:00 AM,At Intersection (but not related to intersection),28,MOTOR VEHICLE RAN OFF ROAD - HIT FIXED OBJECT,,Y,Clear,Dry,Dark - Street Lights On,,10289036,,50,Fixed object,0,0,N
1,-122.3120793,47.68304587,1637,206100,206280,E477559,Matched,Intersection,24426,15TH AVE NE AND NE 75TH ST, ,,1,Property Damage Only Collision,Rear Ended,2,0,0,2,2015/10/28 00:00:00+00,10/28/2015 2:49:00 PM,At Intersection (intersection related),14,"MOTOR VEHICLE STRUCK MOTOR VEHICLE, REAR END",,N,Overcast,Wet,Daylight,,,,14,From same direction - both going straight - one stopped - rear-end,0,0,N
1,-122.2922807,47.72919974,1638,186900,186980,3708262,Matched,Block,,LAKE CITY WAY NE BETWEEN NE 137TH ST AND NE 140TH ST, ,,1,Property Damage Only Collision,Left Turn,2,0,0,2,2015/03/04 00:00:00+00,03-04-2015 07:28,Mid-Block (but intersection related),11,"MOTOR VEHICLE STRUCK MOTOR VEHICLE, FRONT END AT ANGLE",,N,Clear,Dry,Daylight,,,,28,From opposite direction - one left turn - one straight,0,0,N
2,-122.3735909,47.66643106,1640,241000,241440,3736554,Matched,Intersection,25436,14TH AVE NW AND NW 52ND ST, ,,2,Injury Collision,Sideswipe,3,0,0,2,2017/05/10 00:00:00+00,05-10-2017 15:44,At Intersection (intersection related),11,"MOTOR VEHICLE STRUCK MOTOR VEHICLE, FRONT END AT ANGLE",,N,Clear,Dry,Daylight,,,,27,From opposite direction - both going straight - one stopped - sideswipe,0,0,N
1,-122.3471621,47.61375831,1642,219300,219600,E540976,Matched,Block,,1ST AVE BETWEEN BELL ST AND BATTERY ST, ,,1,Property Damage Only Collision,Sideswipe,5,0,0,2,2016/05/07 00:00:00+00,05-07-2016 10:52,Mid-Block (not related to intersection),11,"MOTOR VEHICLE STRUCK MOTOR VEHICLE, FRONT END AT ANGLE",Y,Y,Clear,Dry,Daylight,,,,11,From same direction - both going straight - both moving - sideswipe,0,0,N
1,-122.2968655,47.5742981,1643,188200,188280,3730230,Matched,Block,,M L KING JR WR WAY S BETWEEN S HANFORD S ST AND S HORTON ST, ,,1,Property Damage Only Collision,Other,1,0,0,1,2015/03/22 00:00:00+00,3/22/2015 1:56:00 AM,Mid-Block (not related to intersection),28,MOTOR VEHICLE RAN OFF ROAD - HIT FIXED OBJECT,Y,Y,Clear,Dry,Dark - Street Lights On,,,,50,Fixed object,0,0,N
1,-122.3460854,47.66249653,1644,276100,276940,E776233,Matched,Block,,WHITMAN AVE N BETWEEN N 46TH ST AND N 47TH ST, ,,1,Property Damage Only Collision,Sideswipe,3,0,0,3,2018/02/05 00:00:00+00,02-05-2018 18:04,Mid-Block (not related to intersection),11,"MOTOR VEHICLE STRUCK MOTOR VEHICLE, FRONT END AT ANGLE",,N,Raining,Wet,Dark - Street Lights On,,,,11,From same direction - both going straight - both moving - sideswipe,0,0,N
1,-122.3202933,47.59582679,1647,156400,156420,3593867,Matched,Block,,S DEARBORN ST BETWEEN DEARBORN OFF RP AND DEARBORN ST OFF RP, ,,1,Property Damage Only Collision,Other,3,0,0,2,2013/11/05 00:00:00+00,11-05-2013 08:12,Mid-Block (not related to intersection),14,"MOTOR VEHICLE STRUCK MOTOR VEHICLE, REAR END",,N,Raining,Wet,Daylight,,,,23,From same direction - all others,0,0,N
1,-122.3142596,47.58101917,1649,74500,74500,2828681,Matched,Block,,S BAYVIEW ST BETWEEN 14TH AVE S AND BEACON AVE S,,,1,Property Damage Only Collision,Parked Car,2,0,0,2,2007/10/10 00:00:00+00,10-10-2007 00:01,Mid-Block (not related to intersection),13,"MOTOR VEHICLE STRUCK MOTOR VEHICLE, LEFT SIDE AT ANGLE",,0,Unknown,Unknown,Unknown,,7283013,,32,One parked--one moving,0,0,N
1,-122.3321562,47.6094069,1650,269200,270000,3583914,Matched,Block,,UNIVERSITY ST BETWEEN 6TH AVE AND DEAD END, ,,1,Property Damage Only Collision,Other,4,0,0,2,2018/02/06 00:00:00+00,02-06-2018 22:15,Mid-Block (not related to intersection),11,"MOTOR VEHICLE STRUCK MOTOR VEHICLE, FRONT END AT ANGLE",,N,Overcast,Dry,Dark - Street Lights On,,,,23,From same direction - all others,0,0,N
1,-122.3307297,47.61544972,1651,194100,194180,3613445,Matched,Intersection,29865,BOREN AVE AND OLIVE WAY, ,,1,Property Damage Only Collision,Left Turn,3,0,0,2,2015/05/30 00:00:00+00,5/30/2015 9:26:00 PM,At Intersection (intersection related),11,"MOTOR VEHICLE STRUCK MOTOR VEHICLE, FRONT END AT ANGLE",Y,N,Clear,Dry,Dark - Street Lights On,,,,28,From opposite direction - one left turn - one straight,0,0,N
2,-122.3875847,47.6759485,1652,68100,68100,2893034,Matched,Intersection,23943,24TH AVE NW AND NW 65TH ST,,,2,Injury Collision,Angles,3,0,0,2,2007/10/04 00:00:00+00,10-04-2007,At Intersection (intersection related),11,"MOTOR VEHICLE STRUCK MOTOR VEHICLE, FRONT END AT ANGLE",,1,Clear,Dry,Dark - Street Lights On,,7277020,,10,Entering at angle,0,0,N
2,-122.3089678,47.59923897,1653,192200,192280,E415285,Matched,Intersection,30752,18TH AVE S AND S JACKSON ST, ,,2,Injury Collision,Angles,0,0,0,2,2015/04/11 00:00:00+00,04-11-2015 08:20,At Intersection (intersection related),11,"MOTOR VEHICLE STRUCK MOTOR VEHICLE, FRONT END AT ANGLE",,N,Clear,Dry,Daylight,,,,10,Entering at angle,0,0,N
2,-122.3394391,47.56132285,1654,141000,141000,3608629,Matched,Block,,EAST MARGINAL WAY S BETWEEN DIAGONAL AVE S AND S ALASKA ST,,,2,Injury Collision,Rear Ended,2,0,0,2,2012/03/10 00:00:00+00,03-10-2012 17:45,Mid-Block (not related to intersection),14,"MOTOR VEHICLE STRUCK MOTOR VEHICLE, REAR END",,N,Raining,Wet,Dusk,,12070036,Y,13,From same direction - both going straight - both moving - rear-end,0,0,N
1,-122.3029541,47.58294568,1655,85700,85700,2894396,Matched,Intersection,31579,23RD AVE S AND S COLLEGE ST,,,1,Property Damage Only Collision,Angles,4,0,0,2,2008/06/30 00:00:00+00,6/30/2008 1:22:00 PM,At Intersection (intersection related),11,"MOTOR VEHICLE STRUCK MOTOR VEHICLE, FRONT END AT ANGLE",,0,Clear,Dry,Daylight,,8182011,,10,Entering at angle,0,0,N
2,-122.3727628,47.69062654,1656,126100,126100,3466379,Matched,Intersection,37268,13TH AVE NW AND NW 85TH ST,,,2,Injury Collision,Cycles,2,0,1,1,2011/06/07 00:00:00+00,06-07-2011,At Intersection (intersection related),18,"MOTOR VEHICLE STRUCK PEDALCYCLIST, FRONT END AT ANGLE",,0,Clear,Dry,Daylight,Y,11158014,,45,Vehicle - Pedalcyclist,0,0,N
2,-122.3374542,47.61505675,1658,121100,121100,3546763,Matched,Intersection,29540,7TH AVE AND VIRGINIA ST,,,2,Injury Collision,Angles,5,0,0,2,2011/12/16 00:00:00+00,12/16/2011 12:07:00 PM,At Intersection (intersection related),11,"MOTOR VEHICLE STRUCK MOTOR VEHICLE, FRONT END AT ANGLE",,N,Clear,Dry,Daylight,,11350032,,10,Entering at angle,0,0,N
2,-122.3716707,47.56613851,1659,208600,208800,3732104,Matched,Block,,SW AVALON WAY BETWEEN 30TH AVE SW AND SW GENESEE ST, ,,2,Injury Collision,Rear Ended,3,0,0,3,2015/12/07 00:00:00+00,12-07-2015 19:49,Mid-Block (but intersection related),14,"MOTOR VEHICLE STRUCK MOTOR VEHICLE, REAR END",Y,N,Overcast,Wet,Dark - Street Lights On,,,,14,From same direction - both going straight - one stopped - rear-end,0,0,N
1,-122.3373936,47.61266535,1660,138300,138300,3581896,Matched,Intersection,29567,5TH AVE AND OLIVE WAY,,,1,Property Damage Only Collision,Left Turn,2,0,0,2,2012/12/29 00:00:00+00,12/29/2012 4:20:00 PM,At Intersection (intersection related),11,"MOTOR VEHICLE STRUCK MOTOR VEHICLE, FRONT END AT ANGLE",,N,Raining,Wet,Dusk,,12364011,,15,From same direction - one left turn - one straight,0,0,N
2,-122.2823449,47.53704402,1661,240200,240640,E654764,Matched,Block,,S OTHELLO ST BETWEEN 39TH AVE S AND M L KING JR WR WAY S, ,,2,Injury Collision,Left Turn,0,0,0,2,2017/03/16 00:00:00+00,3/16/2017 4:03:00 PM,Mid-Block (not related to intersection),11,"MOTOR VEHICLE STRUCK MOTOR VEHICLE, FRONT END AT ANGLE",,N,Clear,Dry,Daylight,,,,15,From same direction - one left turn - one straight,0,0,N
1,-122.2627774,47.52011701,1663,299100,300280,3814912,Matched,Intersection,35451,RAINIER AVE S AND SEWARD PARK AVE S, ,,1,Property Damage Only Collision,Sideswipe,2,0,0,2,2018/07/13 00:00:00+00,7/13/2018 9:57:00 AM,At Intersection (but not related to intersection),11,"MOTOR VEHICLE STRUCK MOTOR VEHICLE, FRONT END AT ANGLE",,N,Clear,Dry,Daylight,,,,11,From same direction - both going straight - both moving - sideswipe,0,0,N
1,-122.3711896,47.53463485,1665,80300,80300,2619959,Matched,Block,,30TH AVE SW BETWEEN SW WEBSTER ST AND SW HOLDEN ST,,,1,Property Damage Only Collision,Parked Car,2,0,0,2,2008/04/27 00:00:00+00,4/27/2008 6:22:00 PM,Mid-Block (but intersection related),11,"MOTOR VEHICLE STRUCK MOTOR VEHICLE, FRONT END AT ANGLE",,0,Raining,Wet,Daylight,,8118018,,32,One parked--one moving,0,0,N
2,-122.3384848,47.66722128,1667,85000,85000,2803457,Matched,Intersection,25512,WOODLAWN AVE N AND N 53RD ST,,,2,Injury Collision,Angles,4,0,0,2,2008/04/15 00:00:00+00,4/15/2008 5:36:00 PM,At Intersection (intersection related),11,"MOTOR VEHICLE STRUCK MOTOR VEHICLE, FRONT END AT ANGLE",,0,Overcast,Wet,Daylight,,8106019,,10,Entering at angle,0,0,N
1,-122.3445612,47.61222096,1668,144600,144600,3548955,Matched,Block,,1ST AVE BETWEEN LENORA ST AND BLANCHARD ST, ,,1,Property Damage Only Collision,Parked Car,2,0,0,2,2013/02/05 00:00:00+00,02-05-2013 16:29,,0,NOT ENOUGH INFORMATION / NOT APPLICABLE,,N,Raining,Wet,Daylight,,13036031,,32,One parked--one moving,0,0,N
1,-122.3135196,47.60168756,1669,249900,250500,3585750,Matched,Block,,E YESLER WAY BETWEEN 14TH AVE AND 15TH AVE, ,,1,Property Damage Only Collision,Head On,0,0,0,2,2017/10/11 00:00:00+00,10-11-2017 17:22,Mid-Block (but intersection related),31,DRIVERLESS VEHICLE STRUCK MOTOR VEHICLE FRONT END AT ANGLE,,N,Clear,Dry,Dusk,,,,25,From opposite direction - one stopped - head-on,0,0,N
1,-122.3969697,47.68674909,1670,90100,90100,2829916,Matched,Intersection,23967,31ST AVE NW AND NW 80TH ST,,,1,Property Damage Only Collision,Angles,2,0,0,2,2008/08/02 00:00:00+00,08-02-2008,At Intersection (intersection related),11,"MOTOR VEHICLE STRUCK MOTOR VEHICLE, FRONT END AT ANGLE",,0,Clear,Dry,Daylight,,8215028,,10,Entering at angle,0,0,N
2,-122.3539806,47.6621407,1671,206000,206160,E477016,Matched,Intersection,25686,PHINNEY AVE N AND N 46TH ST, ,,2,Injury Collision,Angles,2,0,0,2,2015/10/25 00:00:00+00,10/25/2015 8:59:00 PM,At Intersection (intersection related),11,"MOTOR VEHICLE STRUCK MOTOR VEHICLE, FRONT END AT ANGLE",,N,Raining,Wet,Dark - Street Lights On,,,,10,Entering at angle,0,0,N
2,-122.3697934,47.54385795,1672,154200,154220,3380661,Matched,Block,,30TH AVE SW BETWEEN SW MORGAN ST AND HIGH POINT W DR SW, ,,2,Injury Collision,Pedestrian,3,1,0,1,2013/09/11 00:00:00+00,09-11-2013 16:08,Mid-Block (not related to intersection),24,MOTOR VEHCILE STRUCK PEDESTRIAN,Y,N,Clear,Dry,Daylight,,,,0,Vehicle going straight hits pedestrian,0,0,N
1,-122.3673912,47.66865732,1673,141500,141500,3507902,Matched,Block,,NW MARKET ST BETWEEN 8TH AVE NW AND 9TH AVE NW,,,1,Property Damage Only Collision,Rear Ended,3,0,0,3,2012/09/30 00:00:00+00,9/30/2012 7:40:00 PM,Mid-Block (but intersection related),14,"MOTOR VEHICLE STRUCK MOTOR VEHICLE, REAR END",,N,Clear,Dry,Dark - Street Lights On,,12274015,,14,From same direction - both going straight - one stopped - rear-end,0,0,N
2,,,1674,264100,264880,E743191,Matched,Intersection,30534,4TH AVE S AND XW WELLER, ,,2,Injury Collision,Left Turn,5,0,0,2,2017/10/22 00:00:00+00,10/22/2017 9:22:00 AM,At Intersection (intersection related),11,"MOTOR VEHICLE STRUCK MOTOR VEHICLE, FRONT END AT ANGLE",,N,Clear,Dry,Daylight,,,,28,From opposite direction - one left turn - one straight,0,0,N
1,-122.3137311,47.57162762,1675,251200,251800,3756169,Matched,Block,,S SPOKANE ST BETWEEN HINDS PL S AND 15TH AVE S, ,,1,Property Damage Only Collision,Sideswipe,2,0,0,2,2017/10/25 00:00:00+00,10/25/2017 7:07:00 PM,Mid-Block (not related to intersection),11,"MOTOR VEHICLE STRUCK MOTOR VEHICLE, FRONT END AT ANGLE",,N,Overcast,Wet,Dark - Street Lights On,,,,11,From same direction - both going straight - both moving - sideswipe,0,0,N
1,-122.3761234,47.66366435,1676,105500,105500,2893148,Matched,Intersection,25468,15TH NB AVE NW AND NW LEARY WAY,,,1,Property Damage Only Collision,Sideswipe,3,0,0,2,2009/08/02 00:00:00+00,08-02-2009,At Intersection (intersection related),11,"MOTOR VEHICLE STRUCK MOTOR VEHICLE, FRONT END AT ANGLE",,0,Clear,Dry,Daylight,,9214017,,81,Same direction -- both turning left -- both moving -- sideswipe,0,0,N
2,,,1677,248100,248680,3587406,Matched,Block,,ALASKAN WY VI NB BETWEEN SENECA ST OFF RP AND WESTERN AV OFF RP, ,,2,Injury Collision,Head On,0,0,0,2,2017/09/07 00:00:00+00,09-07-2017 02:23,Mid-Block (not related to intersection),11,"MOTOR VEHICLE STRUCK MOTOR VEHICLE, FRONT END AT ANGLE",,N,Clear,Dry,Dark - Street Lights On,,,,24,From opposite direction - both moving - head-on,0,0,N
2,-122.3553969,47.62545228,1678,123500,123500,3375927,Matched,Intersection,28882,1ST AVE N AND ROY ST, ,,2,Injury Collision,Pedestrian,2,1,0,1,2011/04/02 00:00:00+00,04-02-2011 19:36,At Intersection (intersection related),24,MOTOR VEHCILE STRUCK PEDESTRIAN,,N,Overcast,Dry,Dusk,Y,11092010,,2,Vehicle turning left hits pedestrian,0,523486,N
1,-122.3025726,47.58365748,1679,268500,269280,3764909,Matched,Block,,S WALKER ST BETWEEN 23RD AVE S AND RAINIER AVE S, ,,1,Property Damage Only Collision,Right Turn,3,0,0,2,2018/01/30 00:00:00+00,1/30/2018 11:14:00 PM,Mid-Block (not related to intersection),15,"MOTOR VEHICLE STRUCK MOTOR VEHICLE, RIGHT SIDE SIDESWIPE",,N,Clear,Dry,Dark - Street Lights On,,,,16,From same direction - one right turn - one straight,0,0,N
1,-122.3544747,47.65224596,1680,74200,74200,2803058,Matched,Intersection,27024,PHINNEY AVE N AND N 36TH ST, ,,1,Property Damage Only Collision,Pedestrian,2,1,0,1,2007/12/18 00:00:00+00,12/18/2007 10:06:00 PM,At Intersection (intersection related),24,MOTOR VEHCILE STRUCK PEDESTRIAN,,0,Overcast,Wet,Dark - Street Lights On,Y,7352050,,2,Vehicle turning left hits pedestrian,0,524109,N
2,-122.3048723,47.5603579,1681,225100,225400,3783138,Matched,Block,,BEACON WR AVE S BETWEEN S ALASKA ST AND S COLUMBIAN WAY, ,,2,Injury Collision,Other,3,0,0,1,2016/08/01 00:00:00+00,08-01-2016 02:30,Mid-Block (not related to intersection),28,MOTOR VEHICLE RAN OFF ROAD - HIT FIXED OBJECT,Y,N,Clear,Dry,Dark - Street Lights On,,,,50,Fixed object,0,0,N
2,-122.3144885,47.65359885,1682,134000,134000,3596935,Matched,Intersection,27146,BROOKLYN AVE NE AND NE PACIFIC ST,,,2,Injury Collision,Cycles,2,0,1,1,2012/04/15 00:00:00+00,4/15/2012 2:50:00 PM,At Intersection (intersection related),11,"MOTOR VEHICLE STRUCK MOTOR VEHICLE, FRONT END AT ANGLE",,N,Clear,Dry,Daylight,,12106008,,45,Vehicle - Pedalcyclist,31308,0,N
2,-122.3632813,47.6686512,1684,185300,185380,E394355,Matched,Intersection,25313,6TH AVE NW AND NW MARKET E ST, ,,2,Injury Collision,Left Turn,0,0,0,2,2015/01/19 00:00:00+00,1/19/2015 5:58:00 PM,At Intersection (intersection related),11,"MOTOR VEHICLE STRUCK MOTOR VEHICLE, FRONT END AT ANGLE",,N,Overcast,Dry,Dark - Street Lights On,,,,28,From opposite direction - one left turn - one straight,0,0,N
1,-122.3006007,47.5463793,1685,86300,86300,3279583,Matched,Intersection,33288,BEACON WR AVE S AND S GRAHAM ST,,,1,Property Damage Only Collision,Sideswipe,5,0,0,3,2008/08/20 00:00:00+00,8/20/2008 3:02:00 PM,At Intersection (intersection related),11,"MOTOR VEHICLE STRUCK MOTOR VEHICLE, FRONT END AT ANGLE",,0,Raining,Wet,Daylight,,8233016,,11,From same direction - both going straight - both moving - sideswipe,0,0,N
2,-122.3645478,47.52102329,1686,128900,128900,3288116,Matched,Intersection,34876,25TH AVE SW AND SW BARTON ST,,,2,Injury Collision,Angles,3,0,0,2,2011/03/01 00:00:00+00,03-01-2011 11:10,At Intersection (intersection related),11,"MOTOR VEHICLE STRUCK MOTOR VEHICLE, FRONT END AT ANGLE",,N,Raining,Wet,Daylight,,11060013,,10,Entering at angle,0,0,N
1,-122.38916,47.63841488,1687,230500,230900,E598661,Matched,Block,,W BOSTON ST BETWEEN THORNDYKE AVE W AND 26TH AVE W, ,,1,Property Damage Only Collision,Parked Car,0,0,0,2,2016/10/20 00:00:00+00,10/20/2016,Driveway Junction,14,"MOTOR VEHICLE STRUCK MOTOR VEHICLE, REAR END",,N,Clear,Dry,Dark - Street Lights On,,,,32,One parked--one moving,0,0,Y
1,-122.3484962,47.67208332,1688,76000,76000,2829030,Matched,Block,,LINDEN AVE N BETWEEN N 59TH ST AND N 60TH ST,,,1,Property Damage Only Collision,Parked Car,2,0,0,2,2007/07/22 00:00:00+00,7/22/2007 9:58:00 AM,Mid-Block (not related to intersection),13,"MOTOR VEHICLE STRUCK MOTOR VEHICLE, LEFT SIDE AT ANGLE",,0,Raining,Wet,Unknown,,7203023,,32,One parked--one moving,0,0,N
1,-122.3923807,47.55218211,1689,227200,227540,3781092,Matched,Intersection,32897,47TH AVE SW AND SW FINDLAY ST, ,,1,Property Damage Only Collision,Angles,2,0,0,2,2016/09/03 00:00:00+00,09-03-2016 08:46,At Intersection (intersection related),11,"MOTOR VEHICLE STRUCK MOTOR VEHICLE, FRONT END AT ANGLE",,N,Overcast,Wet,Daylight,,,,10,Entering at angle,0,0,N
2,-122.3328767,47.60088159,1690,174700,174720,3641410,Matched,Intersection,30490,OCCIDENTAL AVE S AND S WASHINGTON ST, ,,2,Injury Collision,Pedestrian,2,1,0,1,2014/09/06 00:00:00+00,09-06-2014 02:30,At Intersection (intersection related),24,MOTOR VEHCILE STRUCK PEDESTRIAN,,N,Clear,Dry,Dark - Street Lights On,,,,1,Vehicle turning right hits pedestrian,0,0,N
1,-122.3606538,47.68327596,1692,177400,177420,3706460,Matched,Intersection,24072,3RD AVE NW AND NW 75TH ST, ,,1,Property Damage Only Collision,Angles,2,0,0,2,2014/10/05 00:00:00+00,10-05-2014 08:56,At Intersection (intersection related),11,"MOTOR VEHICLE STRUCK MOTOR VEHICLE, FRONT END AT ANGLE",,N,Clear,Dry,Daylight,,,,10,Entering at angle,0,0,N
1,-122.3393758,47.61853819,1694,127200,127200,3375458,Matched,Intersection,29511,9TH AVE AND DENNY WAY,,,1,Property Damage Only Collision,Angles,5,0,0,2,2011/12/18 00:00:00+00,12/18/2011 4:28:00 PM,At Intersection (intersection related),11,"MOTOR VEHICLE STRUCK MOTOR VEHICLE, FRONT END AT ANGLE",,N,Overcast,Dry,Dark - Street Lights On,,11352007,,10,Entering at angle,0,0,N
1,-122.3368909,47.60540829,1696,66200,66200,2898256,Matched,Intersection,29615,1ST AVE AND SPRING ST,,,1,Property Damage Only Collision,Rear Ended,2,0,0,2,2007/10/06 00:00:00+00,10-06-2007,At Intersection (intersection related),14,"MOTOR VEHICLE STRUCK MOTOR VEHICLE, REAR END",,0,Clear,Dry,Dark - Street Lights On,,7279020,,14,From same direction - both going straight - one stopped - rear-end,0,0,N
2,-122.3796866,47.56287242,1697,147400,147420,C770579,Unmatched,Block,,SW OREGON ST BETWEEN FAUNTLEROY WAY SW AND 38TH AVE SW, ,,2,Injury Collision,,2,0,0,0,2012/10/15 00:00:00+00,10/15/2012,Mid-Block (not related to intersection),14,"MOTOR VEHICLE STRUCK MOTOR VEHICLE, REAR END",,,,,,,,, ,,0,0,N
1,-122.3327989,47.61183846,1698,99500,99500,3200458,Matched,Block,,PIKE ST BETWEEN 7TH AVE AND 8TH AVE,,,1,Property Damage Only Collision,Parked Car,3,0,0,2,2009/12/16 00:00:00+00,12/16/2009 6:36:00 PM,Mid-Block (not related to intersection),11,"MOTOR VEHICLE STRUCK MOTOR VEHICLE, FRONT END AT ANGLE",,0,Overcast,Wet,Dark - Street Lights On,,9350002,,20,One car leaving parked position,0,0,N
1,-122.3439816,47.62260732,1699,249000,249600,E715827,Matched,Block,,AURORA AVE N BETWEEN HARRISON ST AND REPUBLICAN ST, ,,1,Property Damage Only Collision,Sideswipe,0,0,0,2,2017/09/25 00:00:00+00,9/25/2017 9:47:00 AM,Mid-Block (not related to intersection),11,"MOTOR VEHICLE STRUCK MOTOR VEHICLE, FRONT END AT ANGLE",,N,Clear,Dry,Daylight,,,,11,From same direction - both going straight - both moving - sideswipe,0,0,N