SEVERITYCODE,X,Y,OBJECTID,INCKEY,COLDETKEY,REPORTNO,STATUS,ADDRTYPE,INTKEY,LOCATION,EXCEPTRSNCODE,EXCEPTRSNDESC,SEVERITYCODE,SEVERITYDESC,COLLISIONTYPE,PERSONCOUNT,PEDCOUNT,PEDCYLCOUNT,VEHCOUNT,INCDATE,INCDTTM,JUNCTIONTYPE,SDOT_COLCODE,SDOT_COLDESC,INATTENTIONIND,UNDERINFL,WEATHER,ROADCOND,LIGHTCOND,PEDROWNOTGRNT,SDOTCOLNUM,SPEEDING,ST_COLCODE,ST_COLDESC,SEGLANEKEY,CROSSWALKKEY,HITPARKEDCAR
1,-122.3872247,47.54397488,1700,81400,81400,2792588,Matched,Block,,CALIFORNIA AVE SW BETWEEN FAUNTLEROY WAY SW AND SW HOLLY ST,,,1,Property Damage Only Collision,Other,2,0,0,2,2008/03/07 00:00:00+00,03-07-2008,Driveway Junction,11,"MOTOR VEHICLE STRUCK MOTOR VEHICLE, FRONT END AT ANGLE",,0,Clear,Dry,Daylight,,8067026,,22,One car leaving driveway access,0,0,N
2,-122.3090577,47.57456744,1701,181800,181860,3693703,Matched,Block,,BEACON AVE S BETWEEN S HANFORD ST AND S HORTON ST, ,,2,Injury Collision,Rear Ended,3,0,0,2,2014/12/22 00:00:00+00,12/22/2014 4:53:00 PM,Mid-Block (but intersection related),14,"MOTOR VEHICLE STRUCK MOTOR VEHICLE, REAR END",Y,N,Clear,Dry,Dusk,,,,14,From same direction - both going straight - one stopped - rear-end,0,0,N
2,-122.2775724,47.52956487,1702,73400,73400,2611150,Matched,Block,,S ROSE ST BETWEEN RENTON N AVE S AND 44TH PL S,,,2,Injury Collision,Pedestrian,2,1,0,1,2007/12/22 00:00:00+00,12/22/2007 4:34:00 PM,Mid-Block (not related to intersection),44,DRIVERLESS VEHICLE STRUCK PEDESTRIAN,,0,Overcast,Dry,Dusk,,7356007,,4,Vehicle hits Pedestrian - All Other Actions,0,0,N
1,-122.3783721,47.5368181,1703,104300,104300,2895568,Matched,Intersection,33812,36TH AVE SW AND SW OTHELLO S ST,,,1,Property Damage Only Collision,Other,1,0,0,1,2009/07/10 00:00:00+00,07-10-2009 00:46,At Intersection (intersection related),26,MOTOR VEHICLE STRUCK OBJECT IN ROAD,,0,Clear,Dry,Dark - Street Lights On,,9191005,Y,50,Fixed object,0,0,N
1,-122.285452,47.54605841,1704,294100,295160,3814904,Matched,Intersection,485928,M L KING JR ER WAY S AND S GRAHAM ST, ,,1,Property Damage Only Collision,Other,3,0,0,2,2018/06/27 00:00:00+00,6/27/2018 10:17:00 AM,At Intersection (intersection related),11,"MOTOR VEHICLE STRUCK MOTOR VEHICLE, FRONT END AT ANGLE",,N,Clear,Dry,Daylight,,,,40,Railway Vehicle Strikes Vehicle,0,0,N
1,-122.3500054,47.65819511,1705,136200,136200,3553017,Matched,Block,,FREMONT AVE N BETWEEN N 42ND ST AND N MOTOR PL,,,1,Property Damage Only Collision,Parked Car,2,0,0,2,2012/05/02 00:00:00+00,05-02-2012 18:46,Mid-Block (not related to intersection),14,"MOTOR VEHICLE STRUCK MOTOR VEHICLE, REAR END",,N,Unknown,Unknown,Unknown,,12123008,,32,One parked--one moving,0,0,N
2,-122.2974008,47.71561399,1709,179400,179477,3575583,Matched,Intersection,36622,LAKE CITY WAY NE AND NE 120TH ST, ,,2,Injury Collision,Angles,2,0,0,2,2014/11/13 00:00:00+00,11/13/2014 1:51:00 PM,At Intersection (intersection related),11,"MOTOR VEHICLE STRUCK MOTOR VEHICLE, FRONT END AT ANGLE",,N,Clear,Dry,Daylight,,,,10,Entering at angle,0,0,N
1,-122.3330981,47.60965503,1710,199000,199140,3734385,Matched,Block,,6TH AVE BETWEEN UNIVERSITY ST AND UNION ST,NEI,"Not Enough Information, or Insufficient Location Information",1,Property Damage Only Collision,Sideswipe,2,0,0,2,2015/07/26 00:00:00+00,7/26/2015 9:00:00 PM,,0,NOT ENOUGH INFORMATION / NOT APPLICABLE,Y,N,Unknown,Unknown,Unknown,,,,71,Same direction -- both turning right -- both moving -- sideswipe,0,0,N
2,-122.3219204,47.70858579,1711,147100,147120,3508201,Matched,Block,,NE NORTHGATE WAY BETWEEN 5TH AVE NE AND 8TH AVE NE, ,,2,Injury Collision,Rear Ended,3,0,0,2,2012/10/19 00:00:00+00,10/19/2012 7:15:00 PM,Mid-Block (not related to intersection),14,"MOTOR VEHICLE STRUCK MOTOR VEHICLE, REAR END",,N,Raining,Wet,Dark - Street Lights On,,,,14,From same direction - both going straight - one stopped - rear-end,0,0,N
2,-122.296764,47.6026559,1712,106500,106500,2898096,Matched,Intersection,30572,M L KING JR WAY AND E FIR ST,,,2,Injury Collision,Angles,5,0,0,2,2009/12/15 00:00:00+00,12/15/2009 2:45:00 PM,At Intersection (intersection related),11,"MOTOR VEHICLE STRUCK MOTOR VEHICLE, FRONT END AT ANGLE",,0,Raining,Wet,Daylight,,9349005,,10,Entering at angle,0,0,N
1,-122.3234945,47.73349942,1713,228100,228440,E578787,Matched,Block,,5TH AVE NE BETWEEN 145TH ST OFF RP AND NE 145TH ST, ,,1,Property Damage Only Collision,Rear Ended,2,0,0,2,2016/08/20 00:00:00+00,8/20/2016 3:00:00 AM,Mid-Block (not related to intersection),14,"MOTOR VEHICLE STRUCK MOTOR VEHICLE, REAR END",,N,Clear,Dry,Dark - Street Lights On,,,,13,From same direction - both going straight - both moving - rear-end,0,0,N
2,-122.3688616,47.65048786,1714,139000,139000,3562800,Matched,Intersection,26757,9TH AVE W AND W BERTONA ST,,,2,Injury Collision,Angles,3,0,0,2,2012/08/04 00:00:00+00,08-04-2012 19:00,At Intersection (intersection related),11,"MOTOR VEHICLE STRUCK MOTOR VEHICLE, FRONT END AT ANGLE",,N,Clear,Dry,Daylight,,12217009,,10,Entering at angle,0,0,N
1,-122.2797256,47.70796439,1715,101100,101100,3328303,Matched,Block,,SAND POINT WAY NE BETWEEN NE 107TH ST AND NE 110TH ST,,,1,Property Damage Only Collision,Rear Ended,2,0,0,2,2009/11/25 00:00:00+00,11/25/2009 8:15:00 AM,Mid-Block (but intersection related),14,"MOTOR VEHICLE STRUCK MOTOR VEHICLE, REAR END",Y,0,Clear,Dry,Daylight,,9329034,,14,From same direction - both going straight - one stopped - rear-end,0,0,N
1,-122.2972831,47.56163728,1716,103500,103500,3335528,Matched,Intersection,32498,S ALASKA ST AND S COLUMBIAN WAY,,,1,Property Damage Only Collision,Other,1,0,0,1,2009/12/26 00:00:00+00,12/26/2009 12:18:00 PM,At Intersection (intersection related),26,MOTOR VEHICLE STRUCK OBJECT IN ROAD,,0,Clear,Dry,Daylight,,9360016,Y,50,Fixed object,0,0,N
1,-122.3610966,47.67599488,1717,298900,300080,3751459,Matched,Block,,NW 65TH ST BETWEEN 3RD AVE NW AND 4TH E AVE NW, ,,1,Property Damage Only Collision,Parked Car,2,0,0,2,2018/07/28 00:00:00+00,7/28/2018 12:43:00 AM,Mid-Block (not related to intersection),11,"MOTOR VEHICLE STRUCK MOTOR VEHICLE, FRONT END AT ANGLE",,N,Clear,Dry,Dark - Street Lights On,,,,32,One parked--one moving,0,0,N
2,-122.3025936,47.58837465,1718,173000,173020,3699288,Matched,Intersection,31514,23RD AVE S AND S MASSACHUSETTS ST, ,,2,Injury Collision,Angles,2,0,0,2,2014/08/02 00:00:00+00,08-02-2014 08:33,At Intersection (intersection related),11,"MOTOR VEHICLE STRUCK MOTOR VEHICLE, FRONT END AT ANGLE",,N,Clear,Wet,Daylight,,,,10,Entering at angle,0,0,N
2,-122.3147124,47.58187088,1720,129800,129800,3477466,Matched,Intersection,31286,14TH AVE S AND BEACON AVE S, ,,2,Injury Collision,Pedestrian,2,1,0,1,2011/07/12 00:00:00+00,07-12-2011 23:00,At Intersection (intersection related),0,NOT ENOUGH INFORMATION / NOT APPLICABLE,,N,Unknown,Unknown,Unknown,Y,11193024,,0,Vehicle going straight hits pedestrian,0,522811,N
2,-122.3066886,47.68304696,1721,140700,140700,3504261,Matched,Intersection,24760,20TH AVE NE AND NE 75TH ST, ,,2,Injury Collision,Cycles,2,0,1,1,2012/07/24 00:00:00+00,7/24/2012 5:34:00 PM,At Intersection (intersection related),51,PEDALCYCLIST STRUCK MOTOR VEHICLE FRONT END AT ANGLE,,N,Clear,Dry,Daylight,Y,12206022,,45,Vehicle - Pedalcyclist,0,524374,N
2,-122.3324647,47.62748318,1722,72200,72200,2806490,Matched,Block,,FAIRVIEW AVE N BETWEEN ALOHA ST AND WARD ST,,,2,Injury Collision,Cycles,2,0,1,1,2007/12/06 00:00:00+00,12-06-2007,Driveway Junction,18,"MOTOR VEHICLE STRUCK PEDALCYCLIST, FRONT END AT ANGLE",Y,0,Clear,Dry,Dark - Street Lights On,,7340002,,45,Vehicle - Pedalcyclist,0,0,N
1,-122.3137639,47.56986598,1723,275500,276340,E774609,Matched,Intersection,32271,15TH AVS TURN RD AND S COLUMBIAN WAY, ,,1,Property Damage Only Collision,Head On,2,0,0,2,2018/02/28 00:00:00+00,2/28/2018 3:51:00 PM,At Intersection (intersection related),11,"MOTOR VEHICLE STRUCK MOTOR VEHICLE, FRONT END AT ANGLE",,N,Raining,Wet,Daylight,,,,30,From opposite direction - all others,0,0,N
1,-122.3110931,47.55233776,1724,120400,120400,3387311,Matched,Block,,17TH AVE S BETWEEN S LUCILE ST AND S ORCAS ST,,,1,Property Damage Only Collision,Parked Car,4,0,0,4,2011/01/01 00:00:00+00,01-01-2011 21:21,Mid-Block (but intersection related),14,"MOTOR VEHICLE STRUCK MOTOR VEHICLE, REAR END",,N,Clear,Dry,Dark - Street Lights On,,11001018,Y,32,One parked--one moving,0,0,N
1,-122.3440137,47.70505031,1725,245700,246300,E690600,Matched,Block,,N NORTHGATE WAY BETWEEN AURORA AVE N AND MIDVALE AVE N, ,,1,Property Damage Only Collision,Sideswipe,3,0,0,2,2017/07/07 00:00:00+00,07-07-2017 09:55,Mid-Block (not related to intersection),11,"MOTOR VEHICLE STRUCK MOTOR VEHICLE, FRONT END AT ANGLE",Y,N,Clear,Dry,Daylight,,,,12,From same direction - both going straight - one stopped - sideswipe,0,0,N
1,-122.3314291,47.65613608,1726,175500,175520,3591812,Matched,Block,,CORLISS AVE N BETWEEN N 40TH ST AND N 41ST ST, ,,1,Property Damage Only Collision,Parked Car,2,0,0,2,2014/09/16 00:00:00+00,9/16/2014 3:30:00 PM,Mid-Block (not related to intersection),12,"MOTOR VEHICLE STRUCK MOTOR VEHICLE, RIGHT SIDE AT ANGLE",,N,Clear,Dry,Daylight,,,,32,One parked--one moving,0,0,N
1,-122.3202522,47.68675976,1727,201300,201440,3573639,Matched,Intersection,24393,8TH AVE NE AND NE 80TH ST, ,,1,Property Damage Only Collision,Angles,2,0,0,2,2015/09/01 00:00:00+00,09-01-2015 17:02,At Intersection (intersection related),11,"MOTOR VEHICLE STRUCK MOTOR VEHICLE, FRONT END AT ANGLE",,N,Overcast,Dry,Daylight,,,,10,Entering at angle,0,0,N
1,-122.3342549,47.61851729,1728,88200,88200,3282481,Matched,Intersection,29504,DENNY WAY AND FAIRVIEW AVE,,,1,Property Damage Only Collision,Angles,3,0,0,2,2008/07/16 00:00:00+00,7/16/2008 10:16:00 AM,At Intersection (intersection related),11,"MOTOR VEHICLE STRUCK MOTOR VEHICLE, FRONT END AT ANGLE",,0,Clear,Dry,Daylight,,8198050,,10,Entering at angle,0,0,N
2,-122.3030409,47.60166829,1729,202800,202940,3737876,Matched,Block,,E YESLER WAY BETWEEN 22ND AVE AND 23RD AVE, ,,2,Injury Collision,Rear Ended,5,0,0,3,2015/09/12 00:00:00+00,09-12-2015 02:08,Mid-Block (but intersection related),14,"MOTOR VEHICLE STRUCK MOTOR VEHICLE, REAR END",,Y,Clear,Dry,Dark - Street Lights On,,,,14,From same direction - both going straight - one stopped - rear-end,0,0,N
1,-122.3835744,47.58117288,1730,151200,151220,3465310,Matched,Block,,SW ADMIRAL WAY BETWEEN WALNUT AVE SW AND 41ST AVE SW, ,,1,Property Damage Only Collision,Rear Ended,2,0,0,2,2013/07/24 00:00:00+00,7/24/2013 6:30:00 PM,Mid-Block (not related to intersection),14,"MOTOR VEHICLE STRUCK MOTOR VEHICLE, REAR END",Y,Y,Clear,Dry,Daylight,,,,14,From same direction - both going straight - one stopped - rear-end,0,0,N
1,-122.3210044,47.55335102,1731,109000,109000,3325992,Matched,Intersection,33100,AIRPORT WAY S AND S LUCILE ST,,,1,Property Damage Only Collision,Left Turn,2,0,0,2,2010/03/22 00:00:00+00,3/22/2010 8:50:00 AM,At Intersection (intersection related),11,"MOTOR VEHICLE STRUCK MOTOR VEHICLE, FRONT END AT ANGLE",,N,Clear,Dry,Daylight,,10081022,,28,From opposite direction - one left turn - one straight,0,0,N
1,-122.3447064,47.7057972,1732,148100,148120,3641690,Matched,Block,,AURORA AVE N BETWEEN N NORTHGATE WAY AND N 107TH S ST, ,,1,Property Damage Only Collision,Other,1,0,0,1,2013/06/13 00:00:00+00,6/13/2013 2:25:00 PM,Mid-Block (but intersection related),28,MOTOR VEHICLE RAN OFF ROAD - HIT FIXED OBJECT,,N,Clear,Dry,Daylight,,,,50,Fixed object,0,0,N
1,-122.300619,47.66852575,1733,117100,117100,3559229,Matched,Intersection,25939,25TH AVE NE AND NE 55TH ST,,,1,Property Damage Only Collision,Left Turn,2,0,0,2,2010/08/04 00:00:00+00,08-04-2010 11:24,At Intersection (intersection related),11,"MOTOR VEHICLE STRUCK MOTOR VEHICLE, FRONT END AT ANGLE",,N,Clear,Dry,Daylight,,10216004,,28,From opposite direction - one left turn - one straight,0,0,N
1,-122.281345,47.53420104,1734,115500,115500,3345893,Matched,Block,,S AUSTIN ST BETWEEN 40TH AVE S AND M L KING JR WR WAY S,,,1,Property Damage Only Collision,Parked Car,2,0,0,2,2010/10/11 00:00:00+00,10-11-2010 20:00,Mid-Block (not related to intersection),16,"MOTOR VEHICLE STRUCK MOTOR VEHICLE, LEFT SIDE SIDESWIPE",,N,Unknown,Unknown,Unknown,,10284004,,32,One parked--one moving,0,0,N
2,-122.3472071,47.69057079,1735,182400,182460,3706716,Matched,Intersection,37466,LINDEN AVE N AND N 85TH ST, ,,2,Injury Collision,Angles,2,0,0,2,2014/11/15 00:00:00+00,11/15/2014 12:10:00 PM,At Intersection (intersection related),11,"MOTOR VEHICLE STRUCK MOTOR VEHICLE, FRONT END AT ANGLE",Y,N,Clear,Dry,Daylight,,,,10,Entering at angle,0,0,N
1,-122.3604648,47.52738604,1736,211000,211240,C807355,Unmatched,Block,,DELRIDGE WAY SW BETWEEN SW THISTLE ST AND SW CLOVERDALE ST, ,,1,Property Damage Only Collision,,2,0,0,0,2015/10/09 00:00:00+00,10-09-2015,Mid-Block (not related to intersection),14,"MOTOR VEHICLE STRUCK MOTOR VEHICLE, REAR END",,,,,,,,, ,,0,0,N
1,-122.3113958,47.67578296,1737,89700,89700,2829328,Matched,Block,,NE 65TH ST BETWEEN 15TH AVE NE AND 16TH AVE NE,,,1,Property Damage Only Collision,Sideswipe,2,0,0,2,2008/01/23 00:00:00+00,1/23/2008 3:07:00 PM,Mid-Block (not related to intersection),11,"MOTOR VEHICLE STRUCK MOTOR VEHICLE, FRONT END AT ANGLE",,0,Clear,Dry,Daylight,,8023022,,11,From same direction - both going straight - both moving - sideswipe,0,0,N
1,-122.3443672,47.65394779,1738,206800,207000,3775762,Matched,Block,,N 39TH ST BETWEEN WOODLAND PARK AVE N AND BRIDGE WAY N, ,,1,Property Damage Only Collision,Parked Car,2,0,0,2,2015/11/06 00:00:00+00,11-06-2015 15:00,Mid-Block (not related to intersection),0,NOT ENOUGH INFORMATION / NOT APPLICABLE,Y,N,Unknown,Unknown,Daylight,,,,32,One parked--one moving,0,0,Y
1,-122.2919705,47.57039062,1739,137600,137600,3563699,Matched,Block,,RAINIER AVE S BETWEEN S COURT ST AND 33RD AVE S,,,1,Property Damage Only Collision,Parked Car,2,0,0,2,2012/01/06 00:00:00+00,01-06-2012 15:00,Mid-Block (not related to intersection),11,"MOTOR VEHICLE STRUCK MOTOR VEHICLE, FRONT END AT ANGLE",,N,Unknown,Unknown,Unknown,,12006019,,32,One parked--one moving,0,0,N
1,-122.3724665,47.67308566,1740,140100,140100,3507507,Matched,Block,,NW 61ST ST BETWEEN 11TH AVE NW AND 14TH AVE NW,,,1,Property Damage Only Collision,Parked Car,2,0,0,2,2012/08/16 00:00:00+00,8/16/2012 4:55:00 PM,,0,NOT ENOUGH INFORMATION / NOT APPLICABLE,,N,Clear,Dry,Daylight,,12229041,,32,One parked--one moving,0,0,N
2,-122.3893064,47.5793322,1741,201800,201940,3731590,Matched,Intersection,31165,45TH AVE SW AND SW LANDER ST, ,,2,Injury Collision,Angles,2,0,0,2,2015/09/04 00:00:00+00,09-04-2015 17:57,At Intersection (intersection related),11,"MOTOR VEHICLE STRUCK MOTOR VEHICLE, FRONT END AT ANGLE",,N,Clear,Dry,Daylight,,,,10,Entering at angle,0,0,N
2,-122.3118263,47.59626403,1747,229200,229560,E599773,Matched,Block,,RAINIER AVE S BETWEEN S LANE ST AND S DEARBORN ST, ,,2,Injury Collision,Rear Ended,2,0,0,2,2016/09/22 00:00:00+00,9/22/2016 12:43:00 PM,Mid-Block (but intersection related),14,"MOTOR VEHICLE STRUCK MOTOR VEHICLE, REAR END",Y,N,Clear,Dry,Daylight,,,,14,From same direction - both going straight - one stopped - rear-end,0,0,N
2,-122.3828165,47.5610581,1748,82000,82000,2619794,Matched,Intersection,31919,40TH AVE SW AND SW ALASKA ST,,,2,Injury Collision,Angles,3,0,0,2,2008/02/08 00:00:00+00,02-08-2008,At Intersection (intersection related),11,"MOTOR VEHICLE STRUCK MOTOR VEHICLE, FRONT END AT ANGLE",,0,Raining,Wet,Daylight,,8039023,,10,Entering at angle,0,0,N
2,-122.3607419,47.70230683,1749,162200,162220,3591529,Matched,Block,,3RD AVE NW BETWEEN NW 101ST ST AND HOLMAN RD NW, ,,2,Injury Collision,Rear Ended,3,0,0,2,2014/02/09 00:00:00+00,02-09-2014 19:02,Mid-Block (but intersection related),14,"MOTOR VEHICLE STRUCK MOTOR VEHICLE, REAR END",,N,Raining,Wet,Dark - Street Lights On,,,,13,From same direction - both going straight - both moving - rear-end,0,0,N
2,-122.2884235,47.56496219,1750,101200,101200,3296458,Matched,Block,,RAINIER AVE S BETWEEN S ADAMS ST AND S GENESEE N ST,,,2,Injury Collision,Rear Ended,2,0,0,2,2009/06/14 00:00:00+00,6/14/2009 5:20:00 AM,Mid-Block (but intersection related),14,"MOTOR VEHICLE STRUCK MOTOR VEHICLE, REAR END",,0,Overcast,Dry,Dawn,,9165016,Y,14,From same direction - both going straight - one stopped - rear-end,0,0,N
2,-122.3473738,47.67597784,1751,74800,74800,2624026,Matched,Intersection,24370,WOODLAND PL N AND N 65TH ST,,,2,Injury Collision,Left Turn,4,0,0,2,2007/05/24 00:00:00+00,5/24/2007 6:37:00 PM,At Intersection (intersection related),11,"MOTOR VEHICLE STRUCK MOTOR VEHICLE, FRONT END AT ANGLE",,0,Clear,Dry,Daylight,,7144023,,28,From opposite direction - one left turn - one straight,0,0,N
1,-122.3763538,47.54923265,1752,205000,205140,3731442,Matched,Block,,35TH AVE SW BETWEEN SW JUNEAU ST AND SW RAYMOND ST, ,,1,Property Damage Only Collision,Rear Ended,3,0,0,2,2015/10/18 00:00:00+00,10/18/2015 8:10:00 PM,Mid-Block (not related to intersection),14,"MOTOR VEHICLE STRUCK MOTOR VEHICLE, REAR END",Y,N,Raining,Wet,Dark - Street Lights On,,,,14,From same direction - both going straight - one stopped - rear-end,0,0,N
1,-122.3362818,47.61313013,1753,187000,187080,E404249,Matched,Intersection,29554,6TH AVE AND OLIVE WAY, ,,1,Property Damage Only Collision,Sideswipe,0,0,0,2,2015/02/25 00:00:00+00,2/25/2015 8:42:00 AM,At Intersection (intersection related),11,"MOTOR VEHICLE STRUCK MOTOR VEHICLE, FRONT END AT ANGLE",,N,Overcast,Dry,Daylight,,,,11,From same direction - both going straight - both moving - sideswipe,0,0,N
2,-122.3149144,47.54699111,1754,110100,110100,3374156,Matched,Intersection,33137,STANLEY AVE S AND S ALBRO PL,,,2,Injury Collision,Left Turn,3,0,0,2,2010/10/05 00:00:00+00,10-05-2010 15:00,At Intersection (intersection related),11,"MOTOR VEHICLE STRUCK MOTOR VEHICLE, FRONT END AT ANGLE",,N,Clear,Dry,Daylight,,10278021,,28,From opposite direction - one left turn - one straight,0,0,N
1,-122.3762224,47.65980336,1755,164100,164120,3584903,Matched,Block,,BALLARD BR BETWEEN POINT A AND POINT B, ,,1,Property Damage Only Collision,Sideswipe,3,0,0,3,2014/03/04 00:00:00+00,03-04-2014 11:45,Mid-Block (not related to intersection),11,"MOTOR VEHICLE STRUCK MOTOR VEHICLE, FRONT END AT ANGLE",Y,N,Raining,Wet,Daylight,,,,11,From same direction - both going straight - both moving - sideswipe,0,0,N
1,-122.3681315,47.5647196,1756,126200,126200,3343122,Matched,Block,,SW GENESEE ST BETWEEN 26TH AVE SW AND 30TH AVE SW,,,1,Property Damage Only Collision,Parked Car,2,0,0,2,2011/04/06 00:00:00+00,04-06-2011 10:40,Mid-Block (not related to intersection),14,"MOTOR VEHICLE STRUCK MOTOR VEHICLE, REAR END",Y,N,Clear,Dry,Daylight,,11096014,,32,One parked--one moving,0,0,N
1,-122.3180435,47.62762594,1757,199400,199540,3734456,Matched,Block,,11TH AVE E BETWEEN E ALOHA ST AND E PROSPECT ST,NEI,"Not Enough Information, or Insufficient Location Information",1,Property Damage Only Collision,Parked Car,2,0,0,2,2015/08/01 00:00:00+00,08-01-2015 14:00,,0,NOT ENOUGH INFORMATION / NOT APPLICABLE,,N,Unknown,Unknown,Daylight,,,,32,One parked--one moving,0,0,Y
2,-122.3819897,47.65033189,1758,220400,220680,3703708,Matched,Intersection,26465,20TH AVE W AND GILMAN AVE W, ,,2,Injury Collision,Cycles,2,0,1,1,2016/05/31 00:00:00+00,5/31/2016 6:25:00 PM,At Intersection (intersection related),18,"MOTOR VEHICLE STRUCK PEDALCYCLIST, FRONT END AT ANGLE",Y,N,Clear,Dry,Daylight,,,,45,Vehicle - Pedalcyclist,15402,0,N
2,-122.3333664,47.60491052,1759,125400,125400,3373312,Matched,Intersection,29967,3RD AVE AND MARION ST, ,,2,Injury Collision,Pedestrian,2,1,0,1,2011/03/09 00:00:00+00,03-09-2011 13:15,At Intersection (intersection related),24,MOTOR VEHCILE STRUCK PEDESTRIAN,,N,Clear,Dry,Daylight,Y,11068011,,2,Vehicle turning left hits pedestrian,0,521562,N
1,-122.3322515,47.60201215,1760,203600,203740,E456364,Matched,Block,,2ND AVE BETWEEN YESLER WAY AND JAMES ST, ,,1,Property Damage Only Collision,Parked Car,0,0,0,2,2015/08/19 00:00:00+00,8/19/2015 9:41:00 AM,Mid-Block (not related to intersection),11,"MOTOR VEHICLE STRUCK MOTOR VEHICLE, FRONT END AT ANGLE",,N,Clear,Dry,Daylight,,,,32,One parked--one moving,0,0,Y
1,-122.3574424,47.62618491,1762,133700,133700,3329009,Matched,Block,,W QUEEN ANNE DRWY BETWEEN QUEEN ANNE AVE N AND W OLYMPIC PL,,,1,Property Damage Only Collision,Parked Car,5,0,0,2,2012/08/22 00:00:00+00,8/22/2012 10:19:00 AM,Mid-Block (not related to intersection),13,"MOTOR VEHICLE STRUCK MOTOR VEHICLE, LEFT SIDE AT ANGLE",Y,N,Overcast,Dry,Daylight,,12235033,,32,One parked--one moving,0,0,N
1,-122.3161079,47.61156009,1764,147900,147920,3552403,Matched,Block,,E SPRING ST BETWEEN 12TH AVE AND 13TH AVE, ,,1,Property Damage Only Collision,Other,2,0,0,2,2013/06/09 00:00:00+00,06-09-2013 19:37,Mid-Block (not related to intersection),11,"MOTOR VEHICLE STRUCK MOTOR VEHICLE, FRONT END AT ANGLE",,N,Clear,Dry,Daylight,,,,23,From same direction - all others,0,0,N
1,-122.3121155,47.61477177,1765,106400,106400,3283434,Matched,Block,,E MADISON ST BETWEEN 15TH AVE AND 16TH AVE,,,1,Property Damage Only Collision,Rear Ended,2,0,0,2,2009/03/30 00:00:00+00,3/30/2009 3:59:00 PM,Mid-Block (but intersection related),14,"MOTOR VEHICLE STRUCK MOTOR VEHICLE, REAR END",,0,Clear,Dry,Daylight,,9089009,,14,From same direction - both going straight - one stopped - rear-end,0,0,N
1,-122.329744,47.60346437,1766,209700,209920,3776043,Matched,Block,,JAMES ST BETWEEN 4TH AVE AND 5TH AVE, ,,1,Property Damage Only Collision,Rear Ended,2,0,0,2,2015/12/17 00:00:00+00,12/17/2015 7:38:00 PM,Mid-Block (but intersection related),14,"MOTOR VEHICLE STRUCK MOTOR VEHICLE, REAR END",,N,Unknown,Unknown,Unknown,,,,14,From same direction - both going straight - one stopped - rear-end,0,0,N
1,-122.3097034,47.66215837,1767,110200,110200,3565566,Matched,Block,,17TH SB AVE NE BETWEEN NE 45TH ST AND NE 47TH ST,,,1,Property Damage Only Collision,Parked Car,2,0,0,2,2010/10/28 00:00:00+00,10/28/2010 4:15:00 PM,Mid-Block (not related to intersection),14,"MOTOR VEHICLE STRUCK MOTOR VEHICLE, REAR END",,N,Raining,Wet,Daylight,,10301038,,32,One parked--one moving,0,0,N
1,-122.3324242,47.68267211,1768,161800,161820,3572916,Matched,Block,,EAST GREEN LAKE DR N BETWEEN BAGLEY AVE N AND MERIDIAN AVE N, ,,1,Property Damage Only Collision,Parked Car,2,0,0,2,2014/02/09 00:00:00+00,02-09-2014 01:00,Mid-Block (not related to intersection),13,"MOTOR VEHICLE STRUCK MOTOR VEHICLE, LEFT SIDE AT ANGLE",,N,Snowing,Snow/Slush,Dark - Street Lights On,,,,32,One parked--one moving,0,0,N
1,-122.3378056,47.58950553,1769,114100,114100,3326895,Matched,Block,,ALASKAN WAY S BETWEEN S ATLANTIC ST AND S MASSACHUSETTS ST,,,1,Property Damage Only Collision,Other,1,0,0,1,2010/07/18 00:00:00+00,7/18/2010 3:02:00 PM,Mid-Block (not related to intersection),11,"MOTOR VEHICLE STRUCK MOTOR VEHICLE, FRONT END AT ANGLE",Y,N,Clear,Dry,Daylight,,10199018,,50,Fixed object,0,0,N
2,-122.3548373,47.54832347,1770,89800,89800,C710360,Matched,Block,,16TH AVE SW BETWEEN SW FINDLAY ST AND SW MORGAN ST,,,2,Injury Collision,Rear Ended,2,0,0,2,2008/09/29 00:00:00+00,9/29/2008 11:50:00 AM,Mid-Block (not related to intersection),14,"MOTOR VEHICLE STRUCK MOTOR VEHICLE, REAR END",,0,Clear,Dry,Daylight,,8273033,,14,From same direction - both going straight - one stopped - rear-end,0,0,N