SEVERITYCODE,X,Y,OBJECTID,INCKEY,COLDETKEY,REPORTNO,STATUS,ADDRTYPE,INTKEY,LOCATION,EXCEPTRSNCODE,EXCEPTRSNDESC,SEVERITYCODE,SEVERITYDESC,COLLISIONTYPE,PERSONCOUNT,PEDCOUNT,PEDCYLCOUNT,VEHCOUNT,INCDATE,INCDTTM,JUNCTIONTYPE,SDOT_COLCODE,SDOT_COLDESC,INATTENTIONIND,UNDERINFL,WEATHER,ROADCOND,LIGHTCOND,PEDROWNOTGRNT,SDOTCOLNUM,SPEEDING,ST_COLCODE,ST_COLDESC,SEGLANEKEY,CROSSWALKKEY,HITPARKEDCAR
1,-122.3268042,47.61521815,1838,104800,104800,3207978,Matched,Intersection,29862,BELLEVUE AVE AND E PINE ST,,,1,Property Damage Only Collision,Left Turn,2,0,0,2,2009/11/10 00:00:00+00,11-10-2009 22:59,At Intersection (intersection related),11,"MOTOR VEHICLE STRUCK MOTOR VEHICLE, FRONT END AT ANGLE",Y,0,Raining,Wet,Dark - Street Lights On,,9314022,,28,From opposite direction - one left turn - one straight,0,0,N
1,-122.3279803,47.60321632,1839,246500,247080,3746733,Matched,Block,,JEFFERSON ST BETWEEN 5TH AVE AND 6TH AVE, ,,1,Property Damage Only Collision,Other,0,0,0,1,2017/08/17 00:00:00+00,8/17/2017 5:22:00 PM,Mid-Block (not related to intersection),48,DRIVERLESS VEHICLE RAN OFF ROAD - HIT FIXED OBJECT,,N,Clear,Dry,Daylight,,,,50,Fixed object,0,0,N
2,-122.32391,47.59242872,1840,122900,122900,3375960,Matched,Intersection,30555,AIRPORT WAY S AND S ROYAL BROUGHAM WAY,,,2,Injury Collision,Angles,2,0,0,2,2011/08/02 00:00:00+00,08-02-2011,At Intersection (intersection related),11,"MOTOR VEHICLE STRUCK MOTOR VEHICLE, FRONT END AT ANGLE",,0,Clear,Dry,Daylight,,11214015,,10,Entering at angle,0,0,N
1,-122.3511667,47.61730024,1841,188600,188680,3591065,Matched,Block,,2ND AVE BETWEEN CLAY ST AND BROAD ST, ,,1,Property Damage Only Collision,Parked Car,2,0,0,2,2015/03/29 00:00:00+00,3/29/2015 2:10:00 PM,Mid-Block (not related to intersection),14,"MOTOR VEHICLE STRUCK MOTOR VEHICLE, REAR END",,N,Clear,Dry,Daylight,,,,32,One parked--one moving,0,0,N
1,-122.3660103,47.68326298,1842,91400,91400,3276853,Matched,Intersection,24151,8TH AVE NW AND NW 75TH ST,,,1,Property Damage Only Collision,Angles,3,0,0,2,2008/12/30 00:00:00+00,12/30/2008 10:32:00 AM,At Intersection (intersection related),11,"MOTOR VEHICLE STRUCK MOTOR VEHICLE, FRONT END AT ANGLE",,0,Overcast,Dry,Daylight,,8365006,,10,Entering at angle,0,0,N
1,-122.3362818,47.61313013,1843,209200,209420,3789265,Matched,Intersection,29554,6TH AVE AND OLIVE WAY, ,,1,Property Damage Only Collision,Sideswipe,4,0,0,2,2015/12/14 00:00:00+00,12/14/2015 8:05:00 PM,At Intersection (intersection related),11,"MOTOR VEHICLE STRUCK MOTOR VEHICLE, FRONT END AT ANGLE",,N,Clear,Dry,Dark - Street Lights On,,,,11,From same direction - both going straight - both moving - sideswipe,0,0,N
1,-122.2700021,47.52075616,1844,175900,175920,3696337,Matched,Block,,RAINIER AVE S BETWEEN S FISHER PL AND 51ST AVE S, ,,1,Property Damage Only Collision,Sideswipe,2,0,0,2,2014/09/14 00:00:00+00,9/14/2014 9:45:00 PM,Mid-Block (not related to intersection),16,"MOTOR VEHICLE STRUCK MOTOR VEHICLE, LEFT SIDE SIDESWIPE",,N,Clear,Dry,Dark - Street Lights On,,,,11,From same direction - both going straight - both moving - sideswipe,0,0,N
2,-122.3095853,47.60802868,1845,87600,87600,2899385,Matched,Block,,E CHERRY ST BETWEEN 17TH AVE AND 18TH AVE,,,2,Injury Collision,Head On,3,0,0,2,2008/09/14 00:00:00+00,9/14/2008 8:52:00 PM,Mid-Block (but intersection related),11,"MOTOR VEHICLE STRUCK MOTOR VEHICLE, FRONT END AT ANGLE",,1,Clear,Dry,Dark - Street Lights On,,8258027,Y,24,From opposite direction - both moving - head-on,0,0,N
1,-122.3229561,47.68714557,1846,204300,204440,3739097,Matched,Block,,5TH AVE NE BETWEEN NE 80TH ST AND NE 81ST ST, ,,1,Property Damage Only Collision,Rear Ended,2,0,0,2,2015/10/03 00:00:00+00,10-03-2015 09:58,Mid-Block (but intersection related),14,"MOTOR VEHICLE STRUCK MOTOR VEHICLE, REAR END",,N,Clear,Dry,Daylight,,,,13,From same direction - both going straight - both moving - rear-end,0,0,N
1,-122.3156922,47.67802843,1847,172400,172420,3587622,Matched,Intersection,24484,12TH AVE NE AND NE 68TH ST, ,,1,Property Damage Only Collision,Left Turn,3,0,0,2,2014/07/23 00:00:00+00,7/23/2014 5:02:00 PM,At Intersection (intersection related),11,"MOTOR VEHICLE STRUCK MOTOR VEHICLE, FRONT END AT ANGLE",,N,Clear,Wet,Daylight,,,,15,From same direction - one left turn - one straight,0,0,N
1,-122.3256595,47.61158529,1848,94600,94600,3200464,Matched,Block,,MINOR AVE BETWEEN SENECA ST AND UNIVERSITY ST,,,1,Property Damage Only Collision,Parked Car,2,0,0,2,2009/12/18 00:00:00+00,12/18/2009 6:39:00 PM,Mid-Block (not related to intersection),14,"MOTOR VEHICLE STRUCK MOTOR VEHICLE, REAR END",,0,Raining,Wet,Dark - Street Lights On,,9352014,,32,One parked--one moving,0,0,N
2,-122.3218441,47.66132628,1849,133200,133200,3504791,Matched,Block,,NE 45TH ST BETWEEN 5TH AVE NE AND 7TH AVE NE,,,2,Injury Collision,Rear Ended,2,0,0,2,2012/04/18 00:00:00+00,4/18/2012 11:45:00 AM,Mid-Block (not related to intersection),14,"MOTOR VEHICLE STRUCK MOTOR VEHICLE, REAR END",Y,N,Clear,Dry,Daylight,,12109018,,14,From same direction - both going straight - one stopped - rear-end,0,0,N
1,-122.31243,47.7066995,1850,100400,100400,3210410,Matched,Intersection,36513,15TH AVE NE AND NE 107TH ST,,,1,Property Damage Only Collision,Angles,2,0,0,2,2009/07/01 00:00:00+00,07-01-2009,At Intersection (intersection related),14,"MOTOR VEHICLE STRUCK MOTOR VEHICLE, REAR END",,0,Clear,Dry,Daylight,,9182010,,10,Entering at angle,0,0,N
1,-122.3062278,47.5877328,1851,191400,191480,3548870,Matched,Intersection,31528,20TH AVE S AND S STATE ST, ,,1,Property Damage Only Collision,Angles,3,0,0,2,2015/04/28 00:00:00+00,4/28/2015 6:15:00 PM,At Intersection (intersection related),11,"MOTOR VEHICLE STRUCK MOTOR VEHICLE, FRONT END AT ANGLE",,N,Raining,Wet,Daylight,,,,10,Entering at angle,0,0,N
1,-122.3188866,47.61992219,1853,90300,90300,2882245,Matched,Block,,E JOHN ST BETWEEN 10TH AVE E AND 11TH AVE E,,,1,Property Damage Only Collision,Parked Car,2,0,0,2,2008/12/17 00:00:00+00,12/17/2008 6:03:00 PM,Mid-Block (not related to intersection),14,"MOTOR VEHICLE STRUCK MOTOR VEHICLE, REAR END",,0,Overcast,Dry,Dark - Street Lights On,,8352008,,32,One parked--one moving,0,0,N
1,,,1854,208000,208200,3775839,Matched,,,,NEI,"Not Enough Information, or Insufficient Location Information",1,Property Damage Only Collision,Rear Ended,2,0,0,2,2015/11/25 00:00:00+00,11/25/2015 5:15:00 PM,,14,"MOTOR VEHICLE STRUCK MOTOR VEHICLE, REAR END",,N,Unknown,Unknown,Unknown,,,,14,From same direction - both going straight - one stopped - rear-end,0,0,N
2,-122.3363012,47.52124389,1855,155300,155320,3465025,Matched,Intersection,164472,2ND AVE SW AND OLSON PL SW, ,,2,Injury Collision,Rear Ended,7,0,0,5,2013/09/30 00:00:00+00,9/30/2013 8:33:00 AM,At Intersection (intersection related),14,"MOTOR VEHICLE STRUCK MOTOR VEHICLE, REAR END",,N,Raining,Wet,Daylight,,,,14,From same direction - both going straight - one stopped - rear-end,0,0,N
1,-122.2699891,47.53210531,1856,266900,267680,3818477,Matched,Block,,RAINIER AVE S BETWEEN S CHICAGO ST AND S KENYON ST, ,,1,Property Damage Only Collision,Angles,3,0,0,2,2018/01/21 00:00:00+00,1/21/2018 10:00:00 AM,Mid-Block (not related to intersection),11,"MOTOR VEHICLE STRUCK MOTOR VEHICLE, FRONT END AT ANGLE",Y,N,Overcast,Dry,Daylight,,,,10,Entering at angle,0,0,N
1,-122.345037,47.72867768,1857,237400,237840,3694084,Matched,Intersection,35748,AURORA AVE N AND N 137TH ST, ,,1,Property Damage Only Collision,Angles,2,0,0,2,2017/03/26 00:00:00+00,3/26/2017 7:49:00 PM,At Intersection (intersection related),11,"MOTOR VEHICLE STRUCK MOTOR VEHICLE, FRONT END AT ANGLE",,N,Raining,Wet,Dark - Street Lights On,,,,10,Entering at angle,0,0,N
1,-122.383398,47.5935043,1859,150200,150220,C763652,Unmatched,Block,,HARBOR AVE SW BETWEEN SW CALIFORNIA PL AND SW MARYLAND PL, ,,1,Property Damage Only Collision,,1,0,0,0,2012/04/08 00:00:00+00,04-08-2012,Mid-Block (not related to intersection),14,"MOTOR VEHICLE STRUCK MOTOR VEHICLE, REAR END",,,,,,,,, ,,0,0,N
1,-122.3319954,47.60844356,1860,79700,79700,2804574,Matched,Intersection,29928,6TH AVE AND SENECA ST,,,1,Property Damage Only Collision,Angles,3,0,0,2,2008/05/16 00:00:00+00,5/16/2008 4:55:00 PM,At Intersection (intersection related),11,"MOTOR VEHICLE STRUCK MOTOR VEHICLE, FRONT END AT ANGLE",,0,Clear,Dry,Daylight,,8137027,,10,Entering at angle,0,0,N
2,-122.3342112,47.60918901,1861,166800,166820,3641318,Matched,Block,,5TH AVE BETWEEN UNIVERSITY ST AND UNION ST, ,,2,Injury Collision,Rear Ended,3,0,0,2,2014/04/19 00:00:00+00,4/19/2014 9:21:00 PM,Mid-Block (not related to intersection),14,"MOTOR VEHICLE STRUCK MOTOR VEHICLE, REAR END",Y,N,Clear,Dry,Dark - Street Lights On,,,,13,From same direction - both going straight - both moving - rear-end,0,0,N
1,-122.366011,47.68289196,1863,116100,116100,3333431,Matched,Block,,8TH AVE NW BETWEEN NW 74TH ST AND NW 75TH ST,,,1,Property Damage Only Collision,Parked Car,2,0,0,2,2010/01/24 00:00:00+00,1/24/2010 1:47:00 AM,Mid-Block (not related to intersection),14,"MOTOR VEHICLE STRUCK MOTOR VEHICLE, REAR END",,Y,Clear,Dry,Dark - Street Lights On,,10024026,,32,One parked--one moving,0,0,N
2,-122.3768044,47.69151793,1864,128600,128600,3564977,Matched,Block,,15TH AVE NW BETWEEN NW 85TH ST AND NW 87TH ST,,,2,Injury Collision,Sideswipe,2,0,0,2,2011/02/13 00:00:00+00,2/13/2011 2:45:00 PM,Mid-Block (but intersection related),11,"MOTOR VEHICLE STRUCK MOTOR VEHICLE, FRONT END AT ANGLE",,N,Clear,Dry,Daylight,,11044014,,81,Same direction -- both turning left -- both moving -- sideswipe,0,0,N
1,-122.3595792,47.65365014,1865,290400,291280,E802104,Matched,Block,,LEARY WAY NW BETWEEN NW 36TH ST AND NW 39TH ST, ,,1,Property Damage Only Collision,Rear Ended,5,0,0,3,2018/05/21 00:00:00+00,5/21/2018 4:20:00 PM,Mid-Block (not related to intersection),14,"MOTOR VEHICLE STRUCK MOTOR VEHICLE, REAR END",,N,Clear,Dry,Daylight,,,,14,From same direction - both going straight - one stopped - rear-end,0,0,N
1,-122.3352166,47.60172277,1866,89300,89300,2900103,Matched,Block,,YESLER WAY BETWEEN WESTERN AVE AND POST AVE,,,1,Property Damage Only Collision,Parked Car,2,0,0,2,2008/07/09 00:00:00+00,07-09-2008,Mid-Block (not related to intersection),14,"MOTOR VEHICLE STRUCK MOTOR VEHICLE, REAR END",,0,Clear,Dry,Daylight,,8191014,,32,One parked--one moving,0,0,N
1,-122.3906933,47.52094077,1867,244900,245500,3744243,Matched,Block,,SW WILDWOOD PL BETWEEN 45TH AVE SW AND 46TH AVE SW, ,,1,Property Damage Only Collision,Parked Car,3,0,0,3,2017/07/05 00:00:00+00,07-05-2017 16:04,Mid-Block (not related to intersection),14,"MOTOR VEHICLE STRUCK MOTOR VEHICLE, REAR END",,N,Clear,Dry,Daylight,,,,32,One parked--one moving,0,0,N
1,-122.3331728,47.68956159,1868,123000,123000,3476987,Matched,Block,,MERIDIAN AVE N BETWEEN N 82ND ST AND N 85TH ST,,,1,Property Damage Only Collision,Other,1,0,0,1,2011/11/26 00:00:00+00,11/26/2011 11:30:00 AM,Mid-Block (not related to intersection),28,MOTOR VEHICLE RAN OFF ROAD - HIT FIXED OBJECT,,N,Unknown,Unknown,Unknown,,11330012,,50,Fixed object,0,0,N
1,-122.3026016,47.58764463,1869,184000,184080,3708475,Matched,Block,,23RD AVE S BETWEEN S MASSACHUSETTS ST AND S GRAND ST, ,,1,Property Damage Only Collision,Other,1,0,0,1,2015/01/12 00:00:00+00,01-12-2015 11:54,Mid-Block (not related to intersection),28,MOTOR VEHICLE RAN OFF ROAD - HIT FIXED OBJECT,,N,Clear,Dry,Daylight,,,,50,Fixed object,0,0,N
2,-122.3568144,47.70872123,1870,217700,217980,E532429,Matched,Intersection,36261,PALATINE AVE N AND N 110TH ST,NEI,"Not Enough Information, or Insufficient Location Information",2,Injury Collision,Angles,1,0,1,1,2016/04/01 00:00:00+00,04-01-2016 09:40,At Intersection (intersection related),0,NOT ENOUGH INFORMATION / NOT APPLICABLE,,N,Clear,Dry,Daylight,,,,10,Entering at angle,0,0,N
1,-122.2712819,47.55114567,1871,222700,222980,3726438,Matched,Block,,S ORCAS ST BETWEEN 48TH AVE S AND 51ST AVE S, ,,1,Property Damage Only Collision,Parked Car,2,0,0,2,2016/05/15 00:00:00+00,5/15/2016 3:10:00 AM,Mid-Block (not related to intersection),14,"MOTOR VEHICLE STRUCK MOTOR VEHICLE, REAR END",,Y,Overcast,Wet,Dark - Street Lights On,,,,32,One parked--one moving,0,0,N
1,-122.3735799,47.67235754,1872,127000,127000,3568833,Matched,Intersection,25395,14TH AVE NW AND NW 60TH ST,,,1,Property Damage Only Collision,Left Turn,2,0,0,2,2011/01/13 00:00:00+00,1/13/2011 2:23:00 PM,At Intersection (intersection related),11,"MOTOR VEHICLE STRUCK MOTOR VEHICLE, FRONT END AT ANGLE",,N,Raining,Dry,Daylight,,11013015,,28,From opposite direction - one left turn - one straight,0,0,N
2,-122.2963249,47.72018729,1873,190100,190180,3501585,Matched,Block,,30TH AVE NE BETWEEN NE 125TH ST AND NE 127TH ST, ,,2,Injury Collision,Parked Car,3,1,0,2,2015/04/06 00:00:00+00,04-06-2015 22:36,Mid-Block (not related to intersection),24,MOTOR VEHCILE STRUCK PEDESTRIAN,,N,Clear,Dry,Dark - Street Lights On,,,,32,One parked--one moving,0,0,N
1,-122.3341978,47.58610377,1874,157700,157720,3570763,Matched,Intersection,31345,1ST AVE S AND S HOLGATE ST, ,,1,Property Damage Only Collision,Sideswipe,2,0,0,2,2013/12/02 00:00:00+00,12-02-2013 08:45,At Intersection (intersection related),0,NOT ENOUGH INFORMATION / NOT APPLICABLE,,N,Unknown,Unknown,Daylight,,,,71,Same direction -- both turning right -- both moving -- sideswipe,0,0,N
1,-122.3609727,47.571459,1875,66900,66900,2792726,Matched,Block,,WEST SEATTLE BR EB BETWEEN DELRIDGE-W SEATTLE BR EB ON RP AND 26TH AV SW ON RP,,,1,Property Damage Only Collision,Other,2,0,0,2,2007/11/28 00:00:00+00,11/28/2007 1:42:00 PM,Mid-Block (not related to intersection),14,"MOTOR VEHICLE STRUCK MOTOR VEHICLE, REAR END",,0,Raining,Wet,Daylight,,7332001,,23,From same direction - all others,0,0,N
1,-122.3016938,47.67669567,1876,188700,188780,3733158,Matched,Block,,24TH AVE NE BETWEEN NE 65TH ST AND NE 68TH ST, ,,1,Property Damage Only Collision,Parked Car,2,0,0,2,2015/03/23 00:00:00+00,3/23/2015 2:00:00 AM,Mid-Block (not related to intersection),0,NOT ENOUGH INFORMATION / NOT APPLICABLE,,N,Unknown,Unknown,Dark - Street Lights On,,,,32,One parked--one moving,0,0,Y
2,-122.3213768,47.5477462,1877,92100,92100,2894457,Matched,Block,,CORSON AVE S BETWEEN S HARNEY ST AND S MICHIGAN ST,,,2,Injury Collision,Rear Ended,2,0,0,2,2008/06/18 00:00:00+00,6/18/2008 6:28:00 PM,Driveway Junction,14,"MOTOR VEHICLE STRUCK MOTOR VEHICLE, REAR END",,0,Clear,Dry,Daylight,,8170023,,14,From same direction - both going straight - one stopped - rear-end,0,0,N
1,-122.2770802,47.63990076,1878,296200,297320,E814864,Matched,Block,,43RD AVE E BETWEEN E LYNN ST AND E MCGILVRA ST, ,,1,Property Damage Only Collision,Parked Car,2,0,0,2,2018/07/02 00:00:00+00,07-02-2018 15:50,Mid-Block (not related to intersection),11,"MOTOR VEHICLE STRUCK MOTOR VEHICLE, FRONT END AT ANGLE",,N,Clear,Dry,Daylight,,,,32,One parked--one moving,0,0,Y
2,-122.3343091,47.54827138,1879,156300,156320,3643564,Matched,Intersection,33046,1ST AVE S AND EAST MARGINAL WAY S, ,,2,Injury Collision,Sideswipe,2,0,0,2,2013/11/04 00:00:00+00,11-04-2013 11:35,At Intersection (intersection related),16,"MOTOR VEHICLE STRUCK MOTOR VEHICLE, LEFT SIDE SIDESWIPE",,N,Clear,Dry,Daylight,,,,11,From same direction - both going straight - both moving - sideswipe,0,0,N
1,-122.3169374,47.6205204,1880,110400,110400,3329470,Matched,Block,,12TH AVE E BETWEEN E JOHN ST AND E THOMAS ST,,,1,Property Damage Only Collision,Angles,3,0,0,2,2010/12/20 00:00:00+00,12/20/2010 12:04:00 PM,Mid-Block (not related to intersection),11,"MOTOR VEHICLE STRUCK MOTOR VEHICLE, FRONT END AT ANGLE",,N,Raining,Wet,Daylight,,10354033,,10,Entering at angle,0,0,N
1,-122.307006,47.60267403,1881,143800,143800,3553025,Matched,Block,,E FIR ST BETWEEN 19TH AVE AND 20TH AVE, ,,1,Property Damage Only Collision,Parked Car,2,0,0,2,2013/01/12 00:00:00+00,01-12-2013 09:44,Mid-Block (not related to intersection),16,"MOTOR VEHICLE STRUCK MOTOR VEHICLE, LEFT SIDE SIDESWIPE",,N,Unknown,Ice,Unknown,,13012013,,32,One parked--one moving,0,0,N
1,-122.3337568,47.6086926,1882,101000,101000,3286404,Matched,Intersection,29930,5TH AVE AND UNIVERSITY ST,,,1,Property Damage Only Collision,Left Turn,2,0,0,2,2009/02/28 00:00:00+00,2/28/2009 3:46:00 PM,At Intersection (intersection related),11,"MOTOR VEHICLE STRUCK MOTOR VEHICLE, FRONT END AT ANGLE",,0,Clear,Dry,Daylight,,9059019,,15,From same direction - one left turn - one straight,0,0,N
2,-122.3366261,47.55267926,1884,226200,226540,3783111,Matched,Block,,EAST MARGINAL WAY S BETWEEN S LUCILE ST AND S ORCAS ST, ,,2,Injury Collision,Rear Ended,2,0,0,2,2016/08/12 00:00:00+00,08-12-2016 16:29,Mid-Block (not related to intersection),14,"MOTOR VEHICLE STRUCK MOTOR VEHICLE, REAR END",,N,Clear,Dry,Daylight,,,,14,From same direction - both going straight - one stopped - rear-end,0,0,N
2,-122.340864,47.51727685,1885,151700,151720,3331275,Matched,Block,,SW ROXBURY ST BETWEEN OLSON PL SW AND 5TH AVE SW, ,,2,Injury Collision,Other,2,0,0,1,2013/08/02 00:00:00+00,08-02-2013 17:31,Mid-Block (not related to intersection),28,MOTOR VEHICLE RAN OFF ROAD - HIT FIXED OBJECT,,N,Overcast,Wet,Daylight,,,Y,50,Fixed object,0,0,N
1,-122.3505942,47.65095696,1886,109200,109200,3565527,Matched,Block,,FREMONT PL N BETWEEN FREMONT AVE N AND N 36TH ST,,,1,Property Damage Only Collision,Pedestrian,2,1,0,1,2010/10/09 00:00:00+00,10-09-2010 22:23,Mid-Block (not related to intersection),24,MOTOR VEHCILE STRUCK PEDESTRIAN,,N,Raining,Wet,Dark - Street Lights On,,10282060,,0,Vehicle going straight hits pedestrian,0,0,N
2,-122.3670236,47.62559265,1887,164200,164220,3644025,Matched,Block,,ELLIOTT AVE W BETWEEN W MERCER ST AND W MERCER PL, ,,2,Injury Collision,Left Turn,3,0,0,2,2014/03/06 00:00:00+00,03-06-2014 16:26,Driveway Junction,11,"MOTOR VEHICLE STRUCK MOTOR VEHICLE, FRONT END AT ANGLE",,N,Clear,Dry,Daylight,,,,28,From opposite direction - one left turn - one straight,0,0,N
1,-122.3439922,47.7032393,1888,141800,141800,3613463,Matched,Block,,N 103RD ST BETWEEN AURORA S AVE N AND MIDVALE AVE N,,,1,Property Damage Only Collision,Other,2,0,0,2,2012/07/31 00:00:00+00,7/31/2012 6:37:00 PM,Mid-Block (but intersection related),11,"MOTOR VEHICLE STRUCK MOTOR VEHICLE, FRONT END AT ANGLE",,N,Clear,Dry,Daylight,,12213016,,23,From same direction - all others,0,0,N
1,-122.3458553,47.68403643,1889,220200,220480,3767377,Matched,Block,,N 76TH ST BETWEEN LINDEN AVE N AND AURORA AVE N, ,,1,Property Damage Only Collision,Parked Car,2,0,0,2,2016/05/23 00:00:00+00,5/23/2016 10:14:00 PM,Mid-Block (not related to intersection),16,"MOTOR VEHICLE STRUCK MOTOR VEHICLE, LEFT SIDE SIDESWIPE",,N,Clear,Dry,Dark - Street Lights On,,,,32,One parked--one moving,0,0,Y
2,-122.3207804,47.61407567,1891,105800,105800,3280792,Matched,Intersection,29745,BROADWAY AND E PIKE ST,,,2,Injury Collision,Left Turn,7,0,0,2,2009/04/21 00:00:00+00,4/21/2009 6:49:00 PM,At Intersection (intersection related),11,"MOTOR VEHICLE STRUCK MOTOR VEHICLE, FRONT END AT ANGLE",,0,Clear,Dry,Daylight,,9111025,,28,From opposite direction - one left turn - one straight,0,0,N
2,-122.3793011,47.533454,1892,228900,229260,3588175,Matched,Intersection,33828,37TH AVE SW AND SW HOLDEN ST, ,,2,Injury Collision,Angles,4,0,0,2,2016/10/11 00:00:00+00,10-11-2016 21:06,At Intersection (intersection related),11,"MOTOR VEHICLE STRUCK MOTOR VEHICLE, FRONT END AT ANGLE",,N,Clear,Dry,Daylight,,,,10,Entering at angle,0,0,N
1,-122.3612977,47.5360414,1893,123800,123800,3380241,Matched,Block,,DELRIDGE WAY SW BETWEEN SYLVAN WAY SW AND SW WEBSTER ST,,,1,Property Damage Only Collision,Other,1,0,0,1,2011/08/04 00:00:00+00,08-04-2011,Mid-Block (not related to intersection),28,MOTOR VEHICLE RAN OFF ROAD - HIT FIXED OBJECT,,0,Clear,Dry,Daylight,,11216016,,50,Fixed object,0,0,N
1,-122.2737124,47.54713469,1894,240600,241040,E653817,Matched,Block,,47TH AVE S BETWEEN S RAYMOND PL AND S GRAHAM ST, ,,1,Property Damage Only Collision,Parked Car,2,0,0,2,2017/03/16 00:00:00+00,3/16/2017 5:45:00 PM,Mid-Block (not related to intersection),11,"MOTOR VEHICLE STRUCK MOTOR VEHICLE, FRONT END AT ANGLE",,N,Clear,Dry,Daylight,,,,32,One parked--one moving,0,0,N
1,-122.3661799,47.6679125,1895,101900,101900,2905436,Matched,Intersection,25432,8TH AVE NW AND NW 54TH ST,,,1,Property Damage Only Collision,Angles,2,0,0,2,2009/06/15 00:00:00+00,6/15/2009 7:28:00 AM,At Intersection (intersection related),11,"MOTOR VEHICLE STRUCK MOTOR VEHICLE, FRONT END AT ANGLE",,0,Clear,Dry,Daylight,,9166036,,10,Entering at angle,0,0,N
1,-122.3141523,47.60804798,1896,243500,244020,3773685,Matched,Intersection,29804,14TH AVE AND E CHERRY ST, ,,1,Property Damage Only Collision,Rear Ended,2,0,0,2,2017/05/28 00:00:00+00,5/28/2017 1:08:00 PM,At Intersection (but not related to intersection),14,"MOTOR VEHICLE STRUCK MOTOR VEHICLE, REAR END",,N,Clear,Dry,Daylight,,,,13,From same direction - both going straight - both moving - rear-end,0,0,N
1,-122.3267464,47.61811629,1897,134500,134500,3551879,Matched,Block,,BELLEVUE AVE BETWEEN E HOWELL ST AND E DENNY WAY,,,1,Property Damage Only Collision,Other,2,0,0,2,2012/03/04 00:00:00+00,03-04-2012 19:25,Mid-Block (not related to intersection),11,"MOTOR VEHICLE STRUCK MOTOR VEHICLE, FRONT END AT ANGLE",,N,Overcast,Dry,Dark - Street Lights On,,12064004,,23,From same direction - all others,0,0,N
2,-122.3472703,47.67778414,1898,79900,79900,3284048,Matched,Intersection,24355,LINDEN AVE N AND N 67TH ST,,,2,Injury Collision,Angles,17,0,0,5,2008/09/08 00:00:00+00,09-08-2008,At Intersection (intersection related),11,"MOTOR VEHICLE STRUCK MOTOR VEHICLE, FRONT END AT ANGLE",,0,Clear,Dry,Daylight,,8252008,,10,Entering at angle,0,0,N
1,-122.3202061,47.61991248,1899,132800,132800,3507316,Matched,Block,,E JOHN ST BETWEEN BROADWAY E AND 10TH AVE E,,,1,Property Damage Only Collision,Sideswipe,2,0,0,2,2012/07/06 00:00:00+00,07-06-2012 16:17,,0,NOT ENOUGH INFORMATION / NOT APPLICABLE,,N,Clear,Dry,Daylight,,12188024,,11,From same direction - both going straight - both moving - sideswipe,0,0,N
1,-122.3246626,47.64087698,1900,100600,100600,3199157,Matched,Block,,FRANKLIN AVE E BETWEEN E LYNN ST AND E LOUISA ST,,,1,Property Damage Only Collision,Parked Car,2,0,0,2,2009/06/19 00:00:00+00,6/19/2009 12:47:00 PM,Mid-Block (not related to intersection),32,DRIVERLESS VEHICLE STRUCK MOTOR VEHICLE RIGHT SIDE AT ANGLE ,,0,Overcast,Dry,Daylight,,9170026,,32,One parked--one moving,0,0,N
2,-122.3168635,47.61584669,1901,163400,163420,3476388,Matched,Block,,12TH AVE BETWEEN E PINE ST AND E OLIVE ST, ,,2,Injury Collision,Rear Ended,3,0,0,2,2013/03/14 00:00:00+00,3/14/2013 12:08:00 PM,Mid-Block (but intersection related),14,"MOTOR VEHICLE STRUCK MOTOR VEHICLE, REAR END",Y,N,Overcast,Dry,Daylight,,,,14,From same direction - both going straight - one stopped - rear-end,0,0,N
1,-122.3269703,47.60462518,1902,250400,251000,E694074,Unmatched,Intersection,29962,7TH AVE AND JAMES ST,NEI,"Not Enough Information, or Insufficient Location Information",1,Property Damage Only Collision,,2,0,0,0,2017/07/21 00:00:00+00,7/21/2017,At Intersection (intersection related),0,NOT ENOUGH INFORMATION / NOT APPLICABLE,,,,,,,,, ,,0,0,N
2,-122.3518673,47.61419549,1903,76600,76600,2793608,Matched,Block,,ELLIOTT AVE BETWEEN VINE ST AND CEDAR ST,,,2,Injury Collision,Rear Ended,4,0,0,2,2007/02/23 00:00:00+00,2/23/2007 8:47:00 AM,Mid-Block (but intersection related),14,"MOTOR VEHICLE STRUCK MOTOR VEHICLE, REAR END",,0,Clear,Dry,Daylight,,7054007,,14,From same direction - both going straight - one stopped - rear-end,0,0,N