SEVERITYCODE,X,Y,OBJECTID,INCKEY,COLDETKEY,REPORTNO,STATUS,ADDRTYPE,INTKEY,LOCATION,EXCEPTRSNCODE,EXCEPTRSNDESC,SEVERITYCODE,SEVERITYDESC,COLLISIONTYPE,PERSONCOUNT,PEDCOUNT,PEDCYLCOUNT,VEHCOUNT,INCDATE,INCDTTM,JUNCTIONTYPE,SDOT_COLCODE,SDOT_COLDESC,INATTENTIONIND,UNDERINFL,WEATHER,ROADCOND,LIGHTCOND,PEDROWNOTGRNT,SDOTCOLNUM,SPEEDING,ST_COLCODE,ST_COLDESC,SEGLANEKEY,CROSSWALKKEY,HITPARKEDCAR
1,-122.3234945,47.73349942,1904,245800,246400,E695011,Matched,Block,,5TH AVE NE BETWEEN 145TH ST OFF RP AND NE 145TH ST, ,,1,Property Damage Only Collision,Rear Ended,2,0,0,2,2017/06/03 00:00:00+00,06-03-2017 23:05,Mid-Block (not related to intersection),14,"MOTOR VEHICLE STRUCK MOTOR VEHICLE, REAR END",,Y,Clear,Dry,Dark - Street Lights On,,,,13,From same direction - both going straight - both moving - rear-end,0,0,N
2,-122.3283896,47.54565554,1906,221300,221580,3735611,Matched,Intersection,34220,5TH AVE S AND S MICHIGAN ST, ,,2,Injury Collision,Angles,3,0,0,2,2016/06/06 00:00:00+00,06-06-2016 14:28,At Intersection (intersection related),11,"MOTOR VEHICLE STRUCK MOTOR VEHICLE, FRONT END AT ANGLE",,N,Clear,Dry,Daylight,,,,10,Entering at angle,0,0,N
1,-122.3175527,47.68673213,1907,157300,157320,3576715,Matched,Intersection,24395,ROOSEVELT WAY NE AND NE 80TH ST, ,,1,Property Damage Only Collision,Pedestrian,2,1,0,1,2013/11/14 00:00:00+00,11/14/2013 9:37:00 PM,At Intersection (intersection related),24,MOTOR VEHCILE STRUCK PEDESTRIAN,,N,Clear,Wet,Dark - Street Lights On,,,,2,Vehicle turning left hits pedestrian,0,522367,N
1,-122.3276026,47.63595465,1908,202600,202740,3734609,Matched,Block,,FAIRVIEW AVE E BETWEEN E BLAINE ST AND E NEWTON ST,NEI,"Not Enough Information, or Insufficient Location Information",1,Property Damage Only Collision,Parked Car,2,0,0,2,2015/09/01 00:00:00+00,09-01-2015 17:00,,0,NOT ENOUGH INFORMATION / NOT APPLICABLE,,N,Unknown,Unknown,Unknown,,,,32,One parked--one moving,0,0,N
2,-122.3175527,47.68673213,1911,93000,93000,2609870,Matched,Intersection,24395,ROOSEVELT WAY NE AND NE 80TH ST,,,2,Injury Collision,Angles,2,0,0,2,2008/11/26 00:00:00+00,11/26/2008 11:20:00 AM,At Intersection (intersection related),11,"MOTOR VEHICLE STRUCK MOTOR VEHICLE, FRONT END AT ANGLE",,0,Clear,Dry,Daylight,,8331012,,10,Entering at angle,0,0,N
2,-122.344565,47.69418567,1912,193200,193280,E416723,Matched,Intersection,37340,AURORA AVE N AND N 90TH ST, ,,2,Injury Collision,Left Turn,5,0,0,2,2015/04/10 00:00:00+00,04-10-2015 18:42,At Intersection (intersection related),11,"MOTOR VEHICLE STRUCK MOTOR VEHICLE, FRONT END AT ANGLE",,N,Raining,Wet,Daylight,,,,28,From opposite direction - one left turn - one straight,0,0,N
1,-122.3604245,47.53369186,1913,99900,99900,3296176,Matched,Intersection,33984,DELRIDGE WAY SW AND SW HOLDEN ST,,,1,Property Damage Only Collision,Left Turn,2,0,0,2,2009/03/06 00:00:00+00,03-06-2009,At Intersection (intersection related),11,"MOTOR VEHICLE STRUCK MOTOR VEHICLE, FRONT END AT ANGLE",,0,Clear,Dry,Daylight,,9065039,,28,From opposite direction - one left turn - one straight,0,0,N
1,-122.3175068,47.61525916,1914,248600,249180,3773846,Matched,Block,,E PINE ST BETWEEN 11TH AVE AND 12TH AVE, ,,1,Property Damage Only Collision,Parked Car,0,0,0,2,2017/09/18 00:00:00+00,9/18/2017 7:10:00 AM,Mid-Block (not related to intersection),14,"MOTOR VEHICLE STRUCK MOTOR VEHICLE, REAR END",,N,Raining,Wet,Daylight,,,,20,One car leaving parked position,0,0,N
1,-122.3875844,47.67561847,1915,78500,78500,2610001,Matched,Block,,24TH AVE NW BETWEEN NW 64TH ST AND NW 65TH ST,,,1,Property Damage Only Collision,Left Turn,3,0,0,2,2007/04/27 00:00:00+00,4/27/2007 5:50:00 PM,Mid-Block (but intersection related),14,"MOTOR VEHICLE STRUCK MOTOR VEHICLE, REAR END",,0,Clear,Dry,Daylight,,7117040,,15,From same direction - one left turn - one straight,0,0,N
1,-122.3348005,47.7032213,1916,127500,127500,3328275,Matched,Block,,N 103RD ST BETWEEN WALLINGFORD AVE N AND MERIDIAN AVE N,,,1,Property Damage Only Collision,Parked Car,2,0,0,2,2011/09/05 00:00:00+00,09-05-2011,Driveway Junction,14,"MOTOR VEHICLE STRUCK MOTOR VEHICLE, REAR END",,0,Clear,Dry,Daylight,,11248014,,32,One parked--one moving,0,0,N
1,-122.312752,47.61763197,1917,73800,73800,2827934,Matched,Intersection,30119,15TH AVE AND E HOWELL ST,,,1,Property Damage Only Collision,Angles,2,0,0,2,2007/10/07 00:00:00+00,10-07-2007,At Intersection (intersection related),11,"MOTOR VEHICLE STRUCK MOTOR VEHICLE, FRONT END AT ANGLE",,0,Raining,Wet,Daylight,,7280020,,10,Entering at angle,0,0,N
2,-122.2875459,47.56175885,1918,114700,114700,3296446,Matched,Block,,RAINIER AVE S BETWEEN S OREGON ST AND S ALASKA ST,,,2,Injury Collision,Other,2,0,0,1,2010/04/25 00:00:00+00,4/25/2010 3:29:00 AM,Mid-Block (not related to intersection),28,MOTOR VEHICLE RAN OFF ROAD - HIT FIXED OBJECT,,Y,Clear,Dry,Dark - Street Lights On,,10115001,,50,Fixed object,0,0,N
1,-122.3283384,47.60947816,1919,292300,293240,E808962,Matched,Block,,9TH AVE BETWEEN SPRING ST AND SENECA ST, ,,1,Property Damage Only Collision,Parked Car,2,0,0,2,2018/06/14 00:00:00+00,6/14/2018 1:00:00 PM,Mid-Block (not related to intersection),14,"MOTOR VEHICLE STRUCK MOTOR VEHICLE, REAR END",,N,Clear,Dry,Daylight,,,,32,One parked--one moving,0,0,Y
1,-122.2926522,47.6041858,1920,173200,173220,3642348,Matched,Intersection,30093,31ST AVE AND E ALDER ST, ,,1,Property Damage Only Collision,Other,1,0,0,1,2014/08/02 00:00:00+00,08-02-2014 15:11,At Intersection (intersection related),0,NOT ENOUGH INFORMATION / NOT APPLICABLE,,N,Clear,Dry,Daylight,,,,50,Fixed object,0,0,N
1,-122.3342037,47.57438558,1921,146500,146520,3467699,Matched,Intersection,32333,1ST AVE S AND S HORTON ST, ,,1,Property Damage Only Collision,Other,1,0,0,1,2013/05/16 00:00:00+00,5/16/2013 8:40:00 AM,At Intersection (intersection related),29,MOTOR VEHICLE OVERTURNED IN ROAD,,N,Clear,Dry,Daylight,,,,52,Vehicle overturned,0,0,N
2,-122.3879566,47.54474608,1922,223000,223280,3588286,Matched,Block,,FAUNTLEROY WAY SW BETWEEN CALIFORNIA AVE SW AND 44TH AVE SW, ,,2,Injury Collision,Left Turn,2,0,0,2,2016/07/07 00:00:00+00,07-07-2016 09:05,Driveway Junction,11,"MOTOR VEHICLE STRUCK MOTOR VEHICLE, FRONT END AT ANGLE",Y,N,Overcast,Dry,Dawn,,,,28,From opposite direction - one left turn - one straight,0,0,N
1,-122.3837466,47.67597454,1923,126700,126700,3552474,Matched,Block,,NW 65TH ST BETWEEN 21ST AVE NW AND 22ND E AVE NW,,,1,Property Damage Only Collision,Parked Car,2,0,0,2,2011/10/25 00:00:00+00,10/25/2011 1:22:00 AM,Mid-Block (not related to intersection),14,"MOTOR VEHICLE STRUCK MOTOR VEHICLE, REAR END",,Y,Clear,Dry,Dark - Street Lights On,,11298032,,32,One parked--one moving,0,0,N
2,-122.3527849,47.62544255,1924,199100,199240,3739216,Matched,Intersection,28884,2ND AVE N AND ROY ST, ,,2,Injury Collision,Pedestrian,2,1,0,1,2015/07/31 00:00:00+00,7/31/2015 5:48:00 PM,At Intersection (intersection related),24,MOTOR VEHCILE STRUCK PEDESTRIAN,,N,,,,,,,0,Vehicle going straight hits pedestrian,0,622682,N
1,-122.3058274,47.5884106,1925,131200,131200,3467115,Matched,Intersection,31517,RAINIER AVE S AND S MASSACHUSETTS ST,,,1,Property Damage Only Collision,Sideswipe,5,0,0,2,2012/07/28 00:00:00+00,7/28/2012 8:10:00 PM,At Intersection (intersection related),14,"MOTOR VEHICLE STRUCK MOTOR VEHICLE, REAR END",,N,Clear,Dry,Daylight,,12210020,,11,From same direction - both going straight - both moving - sideswipe,0,0,N
1,-122.3141274,47.61155241,1926,78300,78300,2620925,Matched,Intersection,29776,14TH AVE AND E SPRING ST,,,1,Property Damage Only Collision,Angles,2,0,0,2,2007/03/11 00:00:00+00,03-11-2007 00:02,At Intersection (intersection related),11,"MOTOR VEHICLE STRUCK MOTOR VEHICLE, FRONT END AT ANGLE",,0,Raining,Wet,Dark - Street Lights On,,7070027,,10,Entering at angle,0,0,N
1,-122.3167815,47.60351416,1927,209000,209220,3706990,Matched,Intersection,29839,12TH AVE AND E SPRUCE ST, ,,1,Property Damage Only Collision,Angles,2,0,0,2,2015/12/10 00:00:00+00,12-10-2015 13:17,At Intersection (intersection related),11,"MOTOR VEHICLE STRUCK MOTOR VEHICLE, FRONT END AT ANGLE",,N,Raining,Wet,Daylight,,,,10,Entering at angle,0,0,N
2,-122.3121547,47.69397824,1928,139300,139300,3508134,Matched,Intersection,37534,15TH AVE NE AND NE 90TH ST,,,2,Injury Collision,Left Turn,2,0,0,2,2012/11/14 00:00:00+00,11/14/2012 1:19:00 PM,At Intersection (intersection related),11,"MOTOR VEHICLE STRUCK MOTOR VEHICLE, FRONT END AT ANGLE",,N,Clear,Dry,Daylight,,12319017,,28,From opposite direction - one left turn - one straight,0,0,N
1,-122.2962311,47.61001042,1929,221700,221980,E552110,Matched,Intersection,30046,M L KING JR WAY AND E MARION ST, ,,1,Property Damage Only Collision,Rear Ended,2,0,0,2,2016/06/09 00:00:00+00,06-09-2016 15:59,At Intersection (but not related to intersection),14,"MOTOR VEHICLE STRUCK MOTOR VEHICLE, REAR END",,N,Overcast,Dry,Daylight,,,,14,From same direction - both going straight - one stopped - rear-end,0,0,N
2,-122.3527631,47.70507555,1930,237200,237640,3762514,Matched,Intersection,36421,DAYTON AVE N AND N 105TH ST, ,,2,Injury Collision,Left Turn,2,0,0,2,2017/03/21 00:00:00+00,3/21/2017 4:59:00 PM,At Intersection (intersection related),11,"MOTOR VEHICLE STRUCK MOTOR VEHICLE, FRONT END AT ANGLE",,N,Clear,Dry,Daylight,,,,28,From opposite direction - one left turn - one straight,0,0,N
1,-122.2701494,47.50558835,1932,161500,161520,3583060,Matched,Block,,51ST AVE S BETWEEN S BANGOR ST AND S 109TH ST, ,,1,Property Damage Only Collision,Other,2,0,0,2,2014/02/06 00:00:00+00,02-06-2014 05:07,Mid-Block (not related to intersection),13,"MOTOR VEHICLE STRUCK MOTOR VEHICLE, LEFT SIDE AT ANGLE",,N,Clear,Ice,Dark - Street Lights On,,,Y,50,Fixed object,0,0,N
1,-122.376597,47.53648226,1933,151400,151420,3505465,Matched,Block,,35TH AVE SW BETWEEN SW OTHELLO ST AND SW WEBSTER ST, ,,1,Property Damage Only Collision,Sideswipe,6,0,0,5,2013/07/28 00:00:00+00,7/28/2013 6:17:00 PM,Mid-Block (not related to intersection),11,"MOTOR VEHICLE STRUCK MOTOR VEHICLE, FRONT END AT ANGLE",,N,Clear,Dry,Daylight,,,,11,From same direction - both going straight - both moving - sideswipe,0,0,N
1,-122.2901553,47.66375322,1934,94500,94500,3198430,Matched,Block,,35TH AVE NE BETWEEN NE 45TH PL AND NE 50TH ST,,,1,Property Damage Only Collision,Parked Car,3,0,0,3,2009/11/01 00:00:00+00,11-01-2009,Mid-Block (not related to intersection),16,"MOTOR VEHICLE STRUCK MOTOR VEHICLE, LEFT SIDE SIDESWIPE",,0,Unknown,Unknown,Unknown,,9305013,,32,One parked--one moving,0,0,N
1,-122.3222024,47.60612546,1935,167600,167620,3199491,Matched,Block,,BOREN AVE BETWEEN JEFFERSON ST AND JAMES ST, ,,1,Property Damage Only Collision,Rear Ended,2,0,0,2,2014/05/08 00:00:00+00,05-08-2014 16:20,Mid-Block (but intersection related),14,"MOTOR VEHICLE STRUCK MOTOR VEHICLE, REAR END",,N,Raining,Wet,Daylight,,,Y,13,From same direction - both going straight - both moving - rear-end,0,0,N
1,-122.3631232,47.56199176,1936,71400,71400,2613935,Matched,Block,,DELRIDGE WAY SW BETWEEN SW OREGON ST AND SW ALASKA ST,,,1,Property Damage Only Collision,Other,2,0,0,2,2007/07/31 00:00:00+00,7/31/2007 7:27:00 AM,Driveway Junction,11,"MOTOR VEHICLE STRUCK MOTOR VEHICLE, FRONT END AT ANGLE",,0,Clear,Dry,Dawn,,7212023,,22,One car leaving driveway access,0,0,N
1,-122.3377875,47.60306058,1937,106800,106800,3329857,Matched,Intersection,30379,ALASKAN WAY AND MARION ST,,,1,Property Damage Only Collision,Left Turn,2,0,0,2,2010/07/06 00:00:00+00,07-06-2010 14:55,At Intersection (intersection related),11,"MOTOR VEHICLE STRUCK MOTOR VEHICLE, FRONT END AT ANGLE",,N,Clear,Dry,Daylight,,10187003,,28,From opposite direction - one left turn - one straight,0,0,N
1,-122.311466,47.6141094,1938,128400,128400,2882189,Matched,Intersection,30138,16TH AVE AND E PIKE ST,,,1,Property Damage Only Collision,Angles,2,0,0,2,2011/04/22 00:00:00+00,4/22/2011 8:10:00 PM,At Intersection (intersection related),11,"MOTOR VEHICLE STRUCK MOTOR VEHICLE, FRONT END AT ANGLE",,0,Clear,Dry,Dusk,,11112011,,10,Entering at angle,0,0,N
1,-122.2992291,47.73380754,1939,249700,250300,E714948,Matched,Intersection,35993,27TH AVE NE AND NE 145TH ST, ,,1,Property Damage Only Collision,Rear Ended,0,0,0,2,2017/09/10 00:00:00+00,09-10-2017 13:50,At Intersection (but not related to intersection),14,"MOTOR VEHICLE STRUCK MOTOR VEHICLE, REAR END",,N,Clear,Dry,Daylight,,,,14,From same direction - both going straight - one stopped - rear-end,0,0,N
2,-122.3767611,47.67682047,1941,245400,246000,E684575,Matched,Block,,15TH AVE NW BETWEEN NW 65TH ST AND NW 67TH ST, ,,2,Injury Collision,Parked Car,3,0,0,3,2017/06/16 00:00:00+00,6/16/2017 2:35:00 PM,Mid-Block (not related to intersection),14,"MOTOR VEHICLE STRUCK MOTOR VEHICLE, REAR END",,N,Clear,Dry,Daylight,,,,32,One parked--one moving,0,0,Y
1,-122.3400329,47.61306259,1942,174000,174020,3696381,Matched,Intersection,29557,4TH AVE AND VIRGINIA ST, ,,1,Property Damage Only Collision,Sideswipe,2,0,0,2,2014/08/18 00:00:00+00,8/18/2014 6:15:00 PM,At Intersection (intersection related),11,"MOTOR VEHICLE STRUCK MOTOR VEHICLE, FRONT END AT ANGLE",,N,Clear,Dry,Daylight,,,,71,Same direction -- both turning right -- both moving -- sideswipe,0,0,N
1,-122.3320302,47.69049981,1943,183700,183780,3641698,Matched,Block,,N 85TH ST BETWEEN MERIDIAN AVE N AND CORLISS WAY N, ,,1,Property Damage Only Collision,Other,1,0,0,1,2015/01/17 00:00:00+00,1/17/2015 11:04:00 PM,Mid-Block (not related to intersection),26,MOTOR VEHICLE STRUCK OBJECT IN ROAD,,N,Raining,Wet,Dark - Street Lights On,,,,50,Fixed object,0,0,N
1,-122.3638498,47.52468525,1944,139500,139500,3380578,Matched,Block,,SW TRENTON ST BETWEEN 24TH AVE SW AND 25TH AVE SW,,,1,Property Damage Only Collision,Other,2,0,0,1,2012/09/29 00:00:00+00,9/29/2012 10:46:00 AM,Mid-Block (not related to intersection),26,MOTOR VEHICLE STRUCK OBJECT IN ROAD,,N,Clear,Dry,Daylight,,12273016,,50,Fixed object,0,0,N
1,-122.3422814,47.63230009,1945,222400,222680,E557035,Matched,Intersection,28710,DEXTER AVE N AND GALER ST, ,,1,Property Damage Only Collision,Pedestrian,2,1,0,1,2016/06/23 00:00:00+00,6/23/2016 7:38:00 AM,At Intersection (intersection related),24,MOTOR VEHCILE STRUCK PEDESTRIAN,,N,Raining,Wet,Daylight,Y,,,0,Vehicle going straight hits pedestrian,0,522521,N
1,-122.3642051,47.65066666,1946,179900,179960,3643704,Matched,Block,,W EMERSON ST BETWEEN W BERTONA ST AND 6TH AVE W, ,,1,Property Damage Only Collision,Other,1,0,0,1,2014/11/28 00:00:00+00,11/28/2014 7:27:00 PM,Mid-Block (not related to intersection),28,MOTOR VEHICLE RAN OFF ROAD - HIT FIXED OBJECT,,N,Raining,Wet,Dark - Street Lights On,,,,50,Fixed object,0,0,N
2,-122.3619912,47.67955765,1947,133600,133600,3608933,Matched,Block,,NW 70TH ST BETWEEN 4TH AVE NW AND 5TH AVE NW,,,2,Injury Collision,Parked Car,4,0,0,2,2012/11/09 00:00:00+00,11-09-2012 01:37,Mid-Block (not related to intersection),14,"MOTOR VEHICLE STRUCK MOTOR VEHICLE, REAR END",,Y,Clear,Dry,Dark - No Street Lights,,12314031,,32,One parked--one moving,0,0,N
2,-122.3434938,47.61393611,1948,93400,93400,2826196,Matched,Intersection,29547,3RD AVE AND BLANCHARD ST,,,2,Injury Collision,Angles,4,0,0,3,2008/11/07 00:00:00+00,11-07-2008,At Intersection (intersection related),11,"MOTOR VEHICLE STRUCK MOTOR VEHICLE, FRONT END AT ANGLE",,0,Overcast,Dry,Dark - Street Lights On,,8312036,,10,Entering at angle,0,0,N
1,,,1949,131600,131600,3546146,Matched,Block,,BROAD ST EB OFF RP BETWEEN BROAD ST AND MERCER SR ST,,,1,Property Damage Only Collision,Other,1,0,0,1,2012/07/28 00:00:00+00,7/28/2012 4:18:00 PM,Mid-Block (not related to intersection),0,NOT ENOUGH INFORMATION / NOT APPLICABLE,,N,Clear,Dry,Daylight,,12210032,,50,Fixed object,0,0,N
2,-122.3179109,47.71965853,1950,92400,92400,2881010,Matched,Block,,NE 125TH ST BETWEEN ROOSEVELT N WAY NE AND NE 125TH SR ST,,,2,Injury Collision,Sideswipe,5,0,0,2,2008/12/07 00:00:00+00,12-07-2008,Mid-Block (not related to intersection),16,"MOTOR VEHICLE STRUCK MOTOR VEHICLE, LEFT SIDE SIDESWIPE",,0,Raining,Wet,Daylight,,8342010,,11,From same direction - both going straight - both moving - sideswipe,0,0,N
2,-122.3374665,47.60270291,1951,210400,210640,3791489,Matched,Block,,ALASKAN WAY BETWEEN COLUMBIA ST AND MARION ST, ,,2,Injury Collision,Pedestrian,4,1,0,1,2015/12/31 00:00:00+00,12/31/2015 5:33:00 PM,Mid-Block (not related to intersection),24,MOTOR VEHCILE STRUCK PEDESTRIAN,,N,Clear,Dry,Dark - Street Lights On,,,,0,Vehicle going straight hits pedestrian,0,0,N
2,-122.3046123,47.64660623,1952,156800,156820,3672410,Matched,Block,,MONTLAKE BLVD E BETWEEN E SHELBY ST AND MONTLAKE BR, ,,2,Injury Collision,Rear Ended,4,0,0,2,2013/11/11 00:00:00+00,11-11-2013 18:05,Mid-Block (but intersection related),14,"MOTOR VEHICLE STRUCK MOTOR VEHICLE, REAR END",Y,Y,Clear,Dry,Dark - Street Lights Off,,,,14,From same direction - both going straight - one stopped - rear-end,0,0,N
2,-122.3252884,47.618896,1953,127400,127400,2805991,Matched,Intersection,29161,SUMMIT AVE E AND E OLIVE WAY,,,2,Injury Collision,Left Turn,3,0,0,2,2011/07/30 00:00:00+00,7/30/2011 2:13:00 AM,At Intersection (intersection related),11,"MOTOR VEHICLE STRUCK MOTOR VEHICLE, FRONT END AT ANGLE",,1,Clear,Dry,Dark - Street Lights On,,11211004,,28,From opposite direction - one left turn - one straight,0,0,N
1,-122.330034,47.62686964,1954,101600,101600,3274364,Matched,Block,,ALOHA ST BETWEEN YALE AVE N AND EASTLAKE AVE E,,,1,Property Damage Only Collision,Parked Car,2,0,0,2,2009/05/18 00:00:00+00,5/18/2009 9:35:00 AM,Mid-Block (not related to intersection),14,"MOTOR VEHICLE STRUCK MOTOR VEHICLE, REAR END",,0,Clear,Dry,Daylight,,9138032,,32,One parked--one moving,0,0,N
1,-122.392985,47.67445672,1955,117700,117700,3376551,Matched,Intersection,25198,28TH AVE NW AND NW 63RD ST,,,1,Property Damage Only Collision,Other,1,0,0,1,2010/02/05 00:00:00+00,02-05-2010 21:37,At Intersection (intersection related),26,MOTOR VEHICLE STRUCK OBJECT IN ROAD,,N,Overcast,Dry,Dark - Street Lights On,,10036022,,50,Fixed object,0,0,N
1,-122.325633,47.61848878,1956,225500,225820,E573072,Matched,Intersection,29162,E DENNY WAY AND E OLIVE WAY, ,,1,Property Damage Only Collision,Rear Ended,2,0,0,2,2016/07/21 00:00:00+00,7/21/2016 4:22:00 PM,At Intersection (intersection related),14,"MOTOR VEHICLE STRUCK MOTOR VEHICLE, REAR END",,N,Clear,Dry,Daylight,,,,14,From same direction - both going straight - one stopped - rear-end,0,0,N
1,-122.350019,47.69963475,1957,135300,135300,3502903,Matched,Intersection,37414,FREMONT AVE N AND N 97TH ST,,,1,Property Damage Only Collision,Other,1,0,0,1,2012/12/15 00:00:00+00,12/15/2012 10:56:00 PM,At Intersection (intersection related),26,MOTOR VEHICLE STRUCK OBJECT IN ROAD,,N,Clear,Wet,Dark - Street Lights On,,12350005,,50,Fixed object,0,0,N
1,-122.2770721,47.54932604,1958,68400,68400,2806976,Matched,Block,,RAINIER AVE S BETWEEN S JUNEAU ST AND S KENNY ST,,,1,Property Damage Only Collision,Sideswipe,2,0,0,2,2007/04/29 00:00:00+00,4/29/2007 6:41:00 AM,Mid-Block (not related to intersection),11,"MOTOR VEHICLE STRUCK MOTOR VEHICLE, FRONT END AT ANGLE",,0,Overcast,Dry,Daylight,,7119006,,11,From same direction - both going straight - both moving - sideswipe,0,0,N
1,-122.2902029,47.66941629,1959,130100,130100,3375114,Matched,Block,,35TH AVE NE BETWEEN NE 55TH ST AND NE 57TH ST,,,1,Property Damage Only Collision,Parked Car,4,0,0,2,2011/01/24 00:00:00+00,1/24/2011 5:21:00 PM,Mid-Block (not related to intersection),16,"MOTOR VEHICLE STRUCK MOTOR VEHICLE, LEFT SIDE SIDESWIPE",,N,Raining,Wet,Daylight,,11024010,,32,One parked--one moving,0,0,N
1,-122.3006329,47.67106879,1960,178500,178540,3575730,Matched,Block,,25TH AVE NE BETWEEN NE 57TH ST AND NE 60TH ST, ,,1,Property Damage Only Collision,Rear Ended,5,0,0,3,2014/10/30 00:00:00+00,10/30/2014 9:43:00 PM,Mid-Block (but intersection related),14,"MOTOR VEHICLE STRUCK MOTOR VEHICLE, REAR END",,N,Raining,Wet,Dark - Street Lights On,,,,14,From same direction - both going straight - one stopped - rear-end,0,0,N
2,-122.3854566,47.56197325,1961,220100,220380,3505381,Matched,Block,,42ND AVE SW BETWEEN SW OREGON ST AND SW ALASKA ST, ,,2,Injury Collision,Angles,4,0,0,2,2016/05/25 00:00:00+00,5/25/2016 6:43:00 PM,Driveway Junction,11,"MOTOR VEHICLE STRUCK MOTOR VEHICLE, FRONT END AT ANGLE",,N,Clear,Dry,Daylight,,,,10,Entering at angle,0,0,N
1,-122.3447064,47.7057972,1962,251100,251700,E726532,Matched,Block,,AURORA AVE N BETWEEN N NORTHGATE WAY AND N 107TH S ST, ,,1,Property Damage Only Collision,Parked Car,3,0,0,3,2017/10/23 00:00:00+00,10/23/2017 9:35:00 AM,Mid-Block (not related to intersection),28,MOTOR VEHICLE RAN OFF ROAD - HIT FIXED OBJECT,,N,Clear,Dry,Daylight,,,,32,One parked--one moving,0,0,N
2,-122.3660017,47.68693636,1963,91700,91700,2795352,Matched,Intersection,24137,8TH AVE NW AND NW 80TH ST,,,2,Injury Collision,Angles,3,0,0,2,2008/05/05 00:00:00+00,05-05-2008,At Intersection (intersection related),11,"MOTOR VEHICLE STRUCK MOTOR VEHICLE, FRONT END AT ANGLE",,0,Clear,Dry,Dark - Street Lights Off,,8126009,Y,10,Entering at angle,0,0,N
1,-122.3278873,47.61617237,1964,228800,229160,E592055,Matched,Block,,MELROSE AVE BETWEEN YALE AVE AND OLIVE WAY, ,,1,Property Damage Only Collision,Angles,2,0,0,2,2016/09/11 00:00:00+00,09-11-2016 16:26,Driveway Junction,11,"MOTOR VEHICLE STRUCK MOTOR VEHICLE, FRONT END AT ANGLE",,N,Clear,Dry,Daylight,,,,10,Entering at angle,0,0,N
2,-122.2963285,47.71845145,1965,156100,156120,3645915,Matched,Block,,30TH AVE NE BETWEEN LAKE CITY N WAY NE AND NE 125TH ST, ,,2,Injury Collision,Angles,2,0,0,2,2013/10/30 00:00:00+00,10/30/2013 3:27:00 PM,Mid-Block (not related to intersection),11,"MOTOR VEHICLE STRUCK MOTOR VEHICLE, FRONT END AT ANGLE",,N,Overcast,Dry,Daylight,,,,10,Entering at angle,0,0,N
2,-122.3066088,47.57603394,1966,268000,268780,3811929,Matched,Block,,20TH AVE S BETWEEN S STEVENS ST AND S HANFORD ST, ,,2,Injury Collision,Angles,2,0,0,2,2018/01/28 00:00:00+00,1/28/2018 2:08:00 PM,Mid-Block (not related to intersection),11,"MOTOR VEHICLE STRUCK MOTOR VEHICLE, FRONT END AT ANGLE",Y,N,Clear,Dry,Daylight,,,,10,Entering at angle,0,0,N
1,-122.2618426,47.50251813,1967,120100,120100,3567070,Matched,Block,,S LEO ST BETWEEN 56TH E AVE S AND 57TH AVE S,,,1,Property Damage Only Collision,Other,1,0,0,1,2011/06/11 00:00:00+00,06-11-2011 23:36,Mid-Block (not related to intersection),28,MOTOR VEHICLE RAN OFF ROAD - HIT FIXED OBJECT,,N,Clear,Dry,Dark - Street Lights On,,11162002,,50,Fixed object,0,0,N
1,-122.3387532,47.61582546,1968,225000,225300,E569693,Matched,Intersection,29536,7TH AVE AND LENORA ST, ,,1,Property Damage Only Collision,Sideswipe,5,0,0,2,2016/08/02 00:00:00+00,08-02-2016 13:13,At Intersection (intersection related),11,"MOTOR VEHICLE STRUCK MOTOR VEHICLE, FRONT END AT ANGLE",,N,Clear,Dry,Daylight,,,,11,From same direction - both going straight - both moving - sideswipe,0,0,N
1,-122.3448343,47.71354798,1969,171300,171320,3706576,Matched,Block,,AURORA AVE N BETWEEN N 115TH ST AND N 117TH PL, ,,1,Property Damage Only Collision,Rear Ended,2,0,0,2,2014/07/04 00:00:00+00,07-04-2014 02:57,Mid-Block (but intersection related),14,"MOTOR VEHICLE STRUCK MOTOR VEHICLE, REAR END",,N,Clear,Dry,Dark - Street Lights On,,,,14,From same direction - both going straight - one stopped - rear-end,0,0,N