SEVERITYCODE,X,Y,OBJECTID,INCKEY,COLDETKEY,REPORTNO,STATUS,ADDRTYPE,INTKEY,LOCATION,EXCEPTRSNCODE,EXCEPTRSNDESC,SEVERITYCODE,SEVERITYDESC,COLLISIONTYPE,PERSONCOUNT,PEDCOUNT,PEDCYLCOUNT,VEHCOUNT,INCDATE,INCDTTM,JUNCTIONTYPE,SDOT_COLCODE,SDOT_COLDESC,INATTENTIONIND,UNDERINFL,WEATHER,ROADCOND,LIGHTCOND,PEDROWNOTGRNT,SDOTCOLNUM,SPEEDING,ST_COLCODE,ST_COLDESC,SEGLANEKEY,CROSSWALKKEY,HITPARKEDCAR
1,-122.3324513,47.60726631,2105,178300,178320,3588646,Matched,Intersection,29933,5TH AVE AND SPRING ST, ,,1,Property Damage Only Collision,Angles,2,0,0,2,2014/10/25 00:00:00+00,10/25/2014 2:28:00 AM,At Intersection (intersection related),11,"MOTOR VEHICLE STRUCK MOTOR VEHICLE, FRONT END AT ANGLE",Y,N,Clear,Dry,Dark - Street Lights On,,,,10,Entering at angle,0,0,N
1,-122.3362293,47.60971758,2106,201700,201840,3703617,Matched,Block,,4TH AVE BETWEEN UNION ST AND PIKE ST, ,,1,Property Damage Only Collision,Other,2,0,0,2,2015/09/07 00:00:00+00,09-07-2015 17:57,Mid-Block (not related to intersection),11,"MOTOR VEHICLE STRUCK MOTOR VEHICLE, FRONT END AT ANGLE",,N,Clear,Dry,Daylight,,,,23,From same direction - all others,0,0,N
1,-122.3393811,47.61267734,2107,126900,126900,3375705,Matched,Block,,4TH AVE BETWEEN STEWART ST AND VIRGINIA ST,,,1,Property Damage Only Collision,Sideswipe,2,0,0,2,2011/03/03 00:00:00+00,03-03-2011 12:11,Mid-Block (not related to intersection),16,"MOTOR VEHICLE STRUCK MOTOR VEHICLE, LEFT SIDE SIDESWIPE",,N,Clear,Dry,Daylight,,11062011,,11,From same direction - both going straight - both moving - sideswipe,0,0,N
1,-122.3089636,47.60217717,2108,170700,170720,3700144,Matched,Block,,18TH AVE BETWEEN E YESLER WAY AND E FIR ST, ,,1,Property Damage Only Collision,Parked Car,2,0,0,2,2014/06/19 00:00:00+00,6/19/2014 12:45:00 PM,Mid-Block (not related to intersection),13,"MOTOR VEHICLE STRUCK MOTOR VEHICLE, LEFT SIDE AT ANGLE",,N,Unknown,Unknown,Daylight,,,,32,One parked--one moving,0,0,N
1,-122.3108765,47.67669035,2109,79500,79500,2829330,Matched,Block,,16TH AVE NE BETWEEN NE 65TH ST AND NE 68TH ST,,,1,Property Damage Only Collision,Parked Car,3,0,0,3,2008/01/24 00:00:00+00,1/24/2008 10:39:00 AM,Mid-Block (not related to intersection),14,"MOTOR VEHICLE STRUCK MOTOR VEHICLE, REAR END",,0,Unknown,Unknown,Unknown,,8024011,,32,One parked--one moving,0,0,N
2,-122.2627774,47.52011701,2110,132700,132700,3617674,Matched,Intersection,35451,RAINIER AVE S AND SEWARD PARK AVE S,,,2,Injury Collision,Angles,4,0,0,2,2012/07/12 00:00:00+00,07-12-2012 16:36,At Intersection (intersection related),11,"MOTOR VEHICLE STRUCK MOTOR VEHICLE, FRONT END AT ANGLE",Y,N,Clear,Dry,Daylight,,12194020,,10,Entering at angle,0,0,N
1,-122.3762111,47.67272422,2111,119200,119200,3552880,Matched,Block,,15TH AVE NW BETWEEN NW 60TH ST AND NW 61ST ST,,,1,Property Damage Only Collision,Rear Ended,4,0,0,4,2011/04/22 00:00:00+00,4/22/2011 4:45:00 PM,Mid-Block (not related to intersection),14,"MOTOR VEHICLE STRUCK MOTOR VEHICLE, REAR END",Y,N,Clear,Dry,Daylight,,11112023,,14,From same direction - both going straight - one stopped - rear-end,0,0,N
1,-122.3914266,47.51634057,2112,249100,249700,3780774,Matched,Block,,MARINE VIEW DR SW BETWEEN 45TH AVE SW AND 46TH AVE SW, ,,1,Property Damage Only Collision,Other,0,0,0,1,2017/10/03 00:00:00+00,10-03-2017 17:34,Mid-Block (not related to intersection),28,MOTOR VEHICLE RAN OFF ROAD - HIT FIXED OBJECT,,N,Clear,Dry,Daylight,,,,50,Fixed object,0,0,N
1,-122.3508723,47.7028953,2113,110700,110700,3289199,Matched,Intersection,37393,EVANSTON AVE N AND N 102ND ST,,,1,Property Damage Only Collision,Angles,2,0,0,2,2010/05/26 00:00:00+00,5/26/2010 1:09:00 PM,At Intersection (intersection related),11,"MOTOR VEHICLE STRUCK MOTOR VEHICLE, FRONT END AT ANGLE",,N,Overcast,Wet,Daylight,,10146006,,10,Entering at angle,0,0,N
1,-122.3269228,47.6343614,2116,88600,88600,2803788,Matched,Block,,FAIRVIEW AVE E BETWEEN E GARFIELD ST AND E BLAINE ST,,,1,Property Damage Only Collision,Parked Car,2,0,0,2,2008/12/22 00:00:00+00,12/22/2008 2:30:00 PM,Mid-Block (not related to intersection),11,"MOTOR VEHICLE STRUCK MOTOR VEHICLE, FRONT END AT ANGLE",,0,Unknown,Unknown,Daylight,,8357008,,32,One parked--one moving,0,0,N
1,-122.3151909,47.66943488,2117,270100,270900,3767420,Matched,Intersection,25747,12TH AVE NE AND NE 56TH ST, ,,1,Property Damage Only Collision,Parked Car,2,0,0,2,2018/02/11 00:00:00+00,02-11-2018 01:45,At Intersection (but not related to intersection),14,"MOTOR VEHICLE STRUCK MOTOR VEHICLE, REAR END",,N,Clear,Dry,Dark - Street Lights On,,,,32,One parked--one moving,0,0,Y
2,-122.3174034,47.67874129,2118,136700,136700,3504132,Matched,Intersection,24475,ROOSEVELT WAY NE AND NE 69TH ST,,,2,Injury Collision,Cycles,2,0,1,1,2012/04/23 00:00:00+00,4/23/2012 5:09:00 PM,At Intersection (intersection related),18,"MOTOR VEHICLE STRUCK PEDALCYCLIST, FRONT END AT ANGLE",,N,Clear,Dry,Daylight,Y,12114007,,45,Vehicle - Pedalcyclist,9417,0,N
1,-122.3280786,47.60416123,2119,95600,95600,C721891,Matched,Intersection,29973,6TH AVE AND JAMES ST,,,1,Property Damage Only Collision,Rear Ended,2,0,0,2,2009/05/07 00:00:00+00,05-07-2009,At Intersection (but not related to intersection),14,"MOTOR VEHICLE STRUCK MOTOR VEHICLE, REAR END",,0,Unknown,Unknown,Unknown,,9127029,,14,From same direction - both going straight - one stopped - rear-end,0,0,N
1,-122.3501609,47.62716847,2120,129400,129400,3546527,Matched,Intersection,28870,ALOHA ST AND NOB HILL AVE N,,,1,Property Damage Only Collision,Parked Car,2,0,0,2,2011/11/11 00:00:00+00,11-11-2011 11:30,At Intersection (intersection related),11,"MOTOR VEHICLE STRUCK MOTOR VEHICLE, FRONT END AT ANGLE",,N,Overcast,Unknown,Daylight,,11315003,,19,One car entering parked position,0,0,N
2,-122.3912318,47.6345982,2121,158500,158520,3640978,Matched,Block,,THORNDYKE AVE W BETWEEN W HAYES ST AND W BLAINE ST, ,,2,Injury Collision,Sideswipe,3,0,0,3,2013/12/16 00:00:00+00,12/16/2013 10:50:00 PM,Mid-Block (not related to intersection),11,"MOTOR VEHICLE STRUCK MOTOR VEHICLE, FRONT END AT ANGLE",,Y,Clear,Dry,Dark - No Street Lights,,,,26,From opposite direction - both going straight - sideswipe,0,0,N
1,-122.3771678,47.51098488,2122,263700,264480,E740601,Matched,Block,,36TH AVE SW BETWEEN SW 102ND ST AND SW 104TH ST, ,,1,Property Damage Only Collision,Other,1,0,0,1,2017/11/27 00:00:00+00,11/27/2017 9:50:00 AM,Mid-Block (not related to intersection),27,MOTOR VEHICLE RAN OFF ROAD - NO COLLISION,,N,Overcast,Wet,Daylight,,,,50,Fixed object,0,0,N
1,-122.3133572,47.68668897,2123,146900,146920,C771809,Unmatched,Intersection,24398,LAKE CITY WAY NE AND NE 80TH ST, ,,1,Property Damage Only Collision,,2,0,0,0,2012/11/18 00:00:00+00,11/18/2012,At Intersection (intersection related),11,"MOTOR VEHICLE STRUCK MOTOR VEHICLE, FRONT END AT ANGLE",,,,,,,,, ,,0,0,N
2,-122.3184379,47.66494396,2124,91200,91200,3284102,Matched,Intersection,25788,9TH AVE NE AND NE 50TH ST,,,2,Injury Collision,Left Turn,3,0,0,2,2008/08/12 00:00:00+00,08-12-2008 00:58,At Intersection (intersection related),11,"MOTOR VEHICLE STRUCK MOTOR VEHICLE, FRONT END AT ANGLE",,1,Clear,Dry,Dark - Street Lights On,,8225006,,28,From opposite direction - one left turn - one straight,0,0,N
2,-122.3453198,47.66212578,2125,247200,247800,E704811,Matched,Block,,N 46TH ST BETWEEN GREEN LAKE WAY N AND WOODLAND PARK AVE N, ,,2,Injury Collision,Rear Ended,0,0,0,2,2017/08/22 00:00:00+00,8/22/2017 3:32:00 PM,Mid-Block (not related to intersection),14,"MOTOR VEHICLE STRUCK MOTOR VEHICLE, REAR END",,N,Clear,Dry,Daylight,,,,13,From same direction - both going straight - both moving - rear-end,0,0,N
1,-122.2771346,47.54970394,2126,124500,124500,3548571,Matched,Intersection,33518,RAINIER AVE S AND S JUNEAU ST,,,1,Property Damage Only Collision,Left Turn,2,0,0,2,2011/12/18 00:00:00+00,12/18/2011 4:47:00 PM,At Intersection (intersection related),11,"MOTOR VEHICLE STRUCK MOTOR VEHICLE, FRONT END AT ANGLE",,N,Overcast,Dry,Dark - Street Lights On,,11352012,,28,From opposite direction - one left turn - one straight,0,0,N
1,-122.2856856,47.55906498,2127,119700,119700,3373141,Matched,Block,,RAINIER AVE S BETWEEN S ANGELINE ST AND S EDMUNDS ST,,,1,Property Damage Only Collision,Rear Ended,2,0,0,2,2011/07/16 00:00:00+00,7/16/2011 11:18:00 AM,Driveway Junction,14,"MOTOR VEHICLE STRUCK MOTOR VEHICLE, REAR END",,N,Overcast,Wet,Daylight,,11197024,,14,From same direction - both going straight - one stopped - rear-end,0,0,N
2,-122.3352954,47.61495252,2128,299600,300800,3811659,Matched,Intersection,29539,8TH AVE AND STEWART ST, ,,2,Injury Collision,Pedestrian,2,1,0,1,2018/07/21 00:00:00+00,7/21/2018 4:35:00 PM,At Intersection (intersection related),24,MOTOR VEHCILE STRUCK PEDESTRIAN,,N,Clear,Dry,Daylight,Y,,,2,Vehicle turning left hits pedestrian,0,523193,N
2,-122.3609499,47.72326365,2129,172200,172220,3576633,Matched,Intersection,35626,3RD AVE NW AND NW 130TH ST, ,,2,Injury Collision,Angles,4,0,0,2,2014/07/17 00:00:00+00,7/17/2014 5:30:00 PM,At Intersection (intersection related),11,"MOTOR VEHICLE STRUCK MOTOR VEHICLE, FRONT END AT ANGLE",,N,Clear,Dry,Daylight,,,,10,Entering at angle,0,0,N
1,-122.3764666,47.54377358,2130,109400,109400,3287878,Matched,Block,,35TH AVE SW BETWEEN SW MORGAN ST AND SW HOLLY ST,,,1,Property Damage Only Collision,Sideswipe,3,0,0,3,2010/05/21 00:00:00+00,5/21/2010 9:36:00 PM,Mid-Block (not related to intersection),11,"MOTOR VEHICLE STRUCK MOTOR VEHICLE, FRONT END AT ANGLE",,N,Overcast,Wet,Dark - Street Lights On,,10141004,,11,From same direction - both going straight - both moving - sideswipe,0,0,N
1,-122.3286328,47.60392938,2131,186800,186880,3549708,Matched,Block,,JAMES ST BETWEEN 5TH AVE AND 6TH AVE, ,,1,Property Damage Only Collision,Other,1,0,0,1,2015/03/07 00:00:00+00,03-07-2015 03:12,Mid-Block (but intersection related),28,MOTOR VEHICLE RAN OFF ROAD - HIT FIXED OBJECT,Y,N,Clear,Dry,Dark - Street Lights On,,,,50,Fixed object,0,0,N
1,-122.4015797,47.65889504,2132,121700,121700,3564434,Matched,Block,,W GOVERNMENT WAY BETWEEN 34TH AVE W AND 35TH AVE W,,,1,Property Damage Only Collision,Rear Ended,2,0,0,2,2011/12/11 00:00:00+00,12-11-2011 11:45,Mid-Block (but intersection related),14,"MOTOR VEHICLE STRUCK MOTOR VEHICLE, REAR END",,N,Overcast,Unknown,Daylight,,11345020,,14,From same direction - both going straight - one stopped - rear-end,0,0,N
2,-122.3105875,47.56052254,2133,191300,191380,3583382,Matched,Block,,S ANGELINE ST BETWEEN 15TH AVE S AND S COLUMBIAN W WAY, ,,2,Injury Collision,Angles,3,0,0,2,2015/04/27 00:00:00+00,4/27/2015 7:34:00 PM,Driveway Junction,11,"MOTOR VEHICLE STRUCK MOTOR VEHICLE, FRONT END AT ANGLE",,N,Clear,Dry,Daylight,,,,10,Entering at angle,0,0,N
1,-122.3450961,47.54736919,2134,232600,233000,3342443,Matched,Block,,WEST MARGINAL WAY SW BETWEEN SW BRANDON ST AND SW FRONT ST, ,,1,Property Damage Only Collision,Other,1,0,0,1,2016/12/26 00:00:00+00,12/26/2016 7:29:00 AM,Mid-Block (not related to intersection),26,MOTOR VEHICLE STRUCK OBJECT IN ROAD,,N,Clear,Dry,Dawn,,,,50,Fixed object,0,0,N
1,-122.3855774,47.55209117,2135,105300,105300,2896591,Matched,Intersection,32804,42ND AVE SW AND SW FINDLAY ST,,,1,Property Damage Only Collision,Angles,2,0,0,2,2009/03/14 00:00:00+00,3/14/2009 12:30:00 PM,At Intersection (intersection related),11,"MOTOR VEHICLE STRUCK MOTOR VEHICLE, FRONT END AT ANGLE",,0,Raining,Wet,Daylight,,9073021,,10,Entering at angle,0,0,N
1,-122.3379681,47.61242345,2136,246800,247380,3703520,Matched,Block,,OLIVE WAY BETWEEN 4TH AVE AND 5TH AVE, ,,1,Property Damage Only Collision,Parked Car,0,0,0,2,2017/08/15 00:00:00+00,8/15/2017 7:10:00 PM,Mid-Block (not related to intersection),11,"MOTOR VEHICLE STRUCK MOTOR VEHICLE, FRONT END AT ANGLE",,N,Clear,Dry,Daylight,,,,32,One parked--one moving,0,0,N
2,-122.3983116,47.68490866,2137,136800,136800,3466596,Matched,Intersection,23975,32ND AVE NW AND NW 77TH ST,,,2,Injury Collision,Angles,8,0,0,2,2012/03/16 00:00:00+00,3/16/2012 11:53:00 PM,At Intersection (intersection related),11,"MOTOR VEHICLE STRUCK MOTOR VEHICLE, FRONT END AT ANGLE",,N,Clear,Dry,Dark - Street Lights On,,12076008,Y,10,Entering at angle,0,0,N
1,-122.3458553,47.68403643,2138,200400,200540,3734515,Matched,Block,,N 76TH ST BETWEEN LINDEN AVE N AND AURORA AVE N,NEI,"Not Enough Information, or Insufficient Location Information",1,Property Damage Only Collision,Parked Car,2,0,0,2,2015/08/13 00:00:00+00,8/13/2015 5:45:00 PM,,0,NOT ENOUGH INFORMATION / NOT APPLICABLE,Y,N,Unknown,Unknown,Unknown,,,,32,One parked--one moving,0,0,Y
2,-122.3800927,47.56225703,2139,237300,237740,3744480,Matched,Intersection,31915,38TH AVE SW AND FAUNTLEROY WAY SW, ,,2,Injury Collision,Cycles,2,0,1,1,2017/03/22 00:00:00+00,3/22/2017 5:12:00 AM,At Intersection (intersection related),18,"MOTOR VEHICLE STRUCK PEDALCYCLIST, FRONT END AT ANGLE",Y,N,Clear,Dry,Dark - Street Lights On,,,,45,Vehicle - Pedalcyclist,16285,0,N
2,-122.346384,47.68256917,2141,159900,159920,3572967,Matched,Intersection,24315,LINDEN AVE N AND N 74TH ST, ,,2,Injury Collision,Angles,2,0,0,2,2014/01/10 00:00:00+00,01-10-2014 16:15,At Intersection (intersection related),11,"MOTOR VEHICLE STRUCK MOTOR VEHICLE, FRONT END AT ANGLE",Y,N,Raining,Wet,Dusk,,,,10,Entering at angle,0,0,N
1,-122.3649132,47.56472619,2142,151100,151120,3465394,Matched,Block,,SW GENESEE ST BETWEEN 25TH AVE SW AND 26TH AVE SW, ,,1,Property Damage Only Collision,Cycles,2,0,1,1,2013/07/23 00:00:00+00,7/23/2013 3:48:00 PM,Mid-Block (not related to intersection),21,"MOTOR VEHICLE STRUCK PEDALCYCLIST, REAR END",,N,Clear,Dry,Daylight,,,,45,Vehicle - Pedalcyclist,32765,0,N
1,-122.3148244,47.60555876,2143,94200,94200,3275097,Matched,Block,,E REMINGTON CT BETWEEN 13TH AVE AND 14TH AVE,,,1,Property Damage Only Collision,Parked Car,2,0,0,2,2009/04/22 00:00:00+00,4/22/2009 6:00:00 PM,Mid-Block (not related to intersection),14,"MOTOR VEHICLE STRUCK MOTOR VEHICLE, REAR END",,0,Unknown,Unknown,Unknown,,9112031,,32,One parked--one moving,0,0,N
1,-122.2692612,47.51991971,2144,147300,147320,3280117,Matched,Block,,RAINIER AVE S BETWEEN 51ST AVE S AND STURTEVANT AVE S, ,,1,Property Damage Only Collision,Head On,3,0,0,2,2013/05/30 00:00:00+00,5/30/2013 10:25:00 AM,Mid-Block (not related to intersection),14,"MOTOR VEHICLE STRUCK MOTOR VEHICLE, REAR END",,N,Clear,Dry,Daylight,,,,30,From opposite direction - all others,0,0,N
2,-122.3604487,47.65414526,2146,115600,115600,3376088,Matched,Block,,NW 39TH ST BETWEEN LEARY WAY NW AND 3RD AVE NW,,,2,Injury Collision,Rear Ended,3,0,0,2,2010/03/04 00:00:00+00,03-04-2010 16:12,Mid-Block (not related to intersection),14,"MOTOR VEHICLE STRUCK MOTOR VEHICLE, REAR END",,N,Clear,Dry,Daylight,,10063010,,14,From same direction - both going straight - one stopped - rear-end,0,0,N
1,-122.3539429,47.65212542,2147,129000,129000,3477174,Matched,Block,,N 36TH ST BETWEEN PHINNEY AVE N AND FRANCIS AVE N,,,1,Property Damage Only Collision,Parked Car,2,0,0,2,2011/09/06 00:00:00+00,09-06-2011 15:30,,0,NOT ENOUGH INFORMATION / NOT APPLICABLE,,N,Clear,Dry,Daylight,,11249027,,32,One parked--one moving,0,0,N
2,-122.3135245,47.56260182,2148,230700,231100,3783066,Matched,Block,,15TH AVE S BETWEEN S OREGON ST AND S SNOQUALMIE ST, ,,2,Injury Collision,Parked Car,3,0,0,2,2016/10/13 00:00:00+00,10/13/2016 8:43:00 PM,Mid-Block (not related to intersection),14,"MOTOR VEHICLE STRUCK MOTOR VEHICLE, REAR END",,N,Raining,Wet,Dark - Street Lights On,,,,32,One parked--one moving,0,0,N
1,-122.2668613,47.53352947,2149,89900,89900,3280824,Matched,Block,,SEWARD PARK AVE S BETWEEN S FONTANELLE PL AND S KENYON ST,,,1,Property Damage Only Collision,Parked Car,2,0,0,2,2008/11/21 00:00:00+00,11/21/2008 9:50:00 AM,Mid-Block (not related to intersection),16,"MOTOR VEHICLE STRUCK MOTOR VEHICLE, LEFT SIDE SIDESWIPE",,0,Unknown,Unknown,Unknown,,8326018,,32,One parked--one moving,0,0,N
1,-122.3735809,47.67162889,2150,245300,245900,E681769,Matched,Intersection,25401,14TH AVE NW AND NW 59TH ST, ,,1,Property Damage Only Collision,Angles,2,0,0,2,2017/06/15 00:00:00+00,6/15/2017 6:25:00 PM,At Intersection (intersection related),14,"MOTOR VEHICLE STRUCK MOTOR VEHICLE, REAR END",,N,Raining,Wet,Daylight,,,,10,Entering at angle,0,0,N
1,-122.2821353,47.55470845,2151,152400,152420,3589958,Matched,Block,,RAINIER AVE S BETWEEN 39TH S AVE S AND 42ND AVE S, ,,1,Property Damage Only Collision,Sideswipe,2,0,0,2,2013/08/12 00:00:00+00,08-12-2013 18:22,Mid-Block (not related to intersection),16,"MOTOR VEHICLE STRUCK MOTOR VEHICLE, LEFT SIDE SIDESWIPE",Y,Y,Clear,Dry,Daylight,,,,26,From opposite direction - both going straight - sideswipe,0,0,N
2,-122.3296081,47.59030825,2152,184200,184280,3732256,Matched,Block,,EDGAR MARTINEZ DR S BETWEEN S ATLANTIC ST OFF RP AND 4TH AVE SB OFF RP, ,,2,Injury Collision,Other,1,0,0,1,2015/01/05 00:00:00+00,01-05-2015 05:23,Mid-Block (not related to intersection),26,MOTOR VEHICLE STRUCK OBJECT IN ROAD,Y,N,Raining,Wet,Dark - Street Lights On,,,,50,Fixed object,0,0,N
1,-122.3506271,47.52192154,2153,140200,140200,3547357,Matched,Block,,12TH AVE SW BETWEEN SW HENDERSON ST AND SW BARTON ST,,,1,Property Damage Only Collision,Other,1,0,0,1,2012/06/29 00:00:00+00,6/29/2012 4:55:00 PM,Mid-Block (not related to intersection),28,MOTOR VEHICLE RAN OFF ROAD - HIT FIXED OBJECT,Y,N,Overcast,Dry,Daylight,,12181019,,50,Fixed object,0,0,N
1,-122.3217635,47.68055437,2154,241700,242140,3748220,Matched,Block,,6TH AVE NE BETWEEN NE 70TH N ST AND NE 72ND ST, ,,1,Property Damage Only Collision,Parked Car,4,0,0,4,2017/05/21 00:00:00+00,5/21/2017 3:00:00 PM,Mid-Block (not related to intersection),14,"MOTOR VEHICLE STRUCK MOTOR VEHICLE, REAR END",,N,Clear,Dry,Daylight,,,,32,One parked--one moving,0,0,N
1,-122.2972219,47.59331501,2155,179800,179860,3626304,Matched,Block,,S NORMAN ST BETWEEN M L KING JR WAY S AND 28TH AVE S, ,,1,Property Damage Only Collision,Sideswipe,2,0,0,2,2014/11/21 00:00:00+00,11/21/2014 7:46:00 AM,Mid-Block (not related to intersection),11,"MOTOR VEHICLE STRUCK MOTOR VEHICLE, FRONT END AT ANGLE",,N,Overcast,Wet,Daylight,,,,11,From same direction - both going straight - both moving - sideswipe,0,0,N
2,-122.2483239,47.51161898,2157,66700,66700,2806857,Matched,Intersection,38204,68TH AVE S AND RAINIER AVE S,,,2,Injury Collision,Cycles,2,0,1,1,2007/06/02 00:00:00+00,06-02-2007,At Intersection (intersection related),18,"MOTOR VEHICLE STRUCK PEDALCYCLIST, FRONT END AT ANGLE",,0,Clear,Dry,Daylight,,7153002,,45,Vehicle - Pedalcyclist,5012,0,N
1,-122.2876414,47.59629349,2158,165800,165820,3701432,Matched,Block,,LAKESIDE AVE S BETWEEN S LANE ST AND 35TH AVE S, ,,1,Property Damage Only Collision,Parked Car,2,0,0,2,2014/03/23 00:00:00+00,3/23/2014 10:00:00 PM,Mid-Block (not related to intersection),16,"MOTOR VEHICLE STRUCK MOTOR VEHICLE, LEFT SIDE SIDESWIPE",,N,Unknown,Unknown,Unknown,,,,32,One parked--one moving,0,0,N
1,-122.3762089,47.5615504,2159,78400,78400,2609327,Matched,Block,,35TH AVE SW BETWEEN SW SNOQUALMIE ST AND SW ALASKA ST,,,1,Property Damage Only Collision,Other,1,0,0,1,2007/01/10 00:00:00+00,01-10-2007 16:55,Mid-Block (not related to intersection),28,MOTOR VEHICLE RAN OFF ROAD - HIT FIXED OBJECT,,0,Snowing,Ice,Dark - Street Lights On,,7010004,,50,Fixed object,0,0,N
1,-122.32939,47.68686223,2160,249200,249800,E713507,Matched,Intersection,24535,SUNNYSIDE AVE N AND N 80TH E ST, ,,1,Property Damage Only Collision,Left Turn,0,0,0,2,2017/09/14 00:00:00+00,9/14/2017 9:49:00 AM,At Intersection (intersection related),11,"MOTOR VEHICLE STRUCK MOTOR VEHICLE, FRONT END AT ANGLE",,N,Clear,Dry,Daylight,,,,28,From opposite direction - one left turn - one straight,0,0,N
1,-122.3210874,47.548695,2161,138600,138600,3467150,Matched,Block,,CORSON AVE S BETWEEN S NEBRASKA ST AND S VALE ST,,,1,Property Damage Only Collision,Sideswipe,5,0,0,2,2012/11/16 00:00:00+00,11/16/2012 7:19:00 PM,Mid-Block (not related to intersection),11,"MOTOR VEHICLE STRUCK MOTOR VEHICLE, FRONT END AT ANGLE",Y,N,Raining,Wet,Dark - Street Lights On,,12321032,,11,From same direction - both going straight - both moving - sideswipe,0,0,N
1,-122.3366616,47.62578783,2162,110300,110300,3208038,Matched,Block,,VALLEY ST BETWEEN TERRY AVE N AND LAKE UNION PARK ACCESS RD,,,1,Property Damage Only Collision,Rear Ended,3,0,0,2,2010/01/24 00:00:00+00,1/24/2010 10:02:00 PM,Mid-Block (not related to intersection),14,"MOTOR VEHICLE STRUCK MOTOR VEHICLE, REAR END",,N,Raining,Wet,Dark - Street Lights On,,10024009,,14,From same direction - both going straight - one stopped - rear-end,0,0,N
1,-122.3076988,47.67853682,2163,181400,181440,3591375,Matched,Block,,19TH AVE NE BETWEEN NE 68TH ST AND NE 70TH ST, ,,1,Property Damage Only Collision,Parked Car,2,0,0,2,2014/12/16 00:00:00+00,12/16/2014 10:00:00 AM,Mid-Block (not related to intersection),13,"MOTOR VEHICLE STRUCK MOTOR VEHICLE, LEFT SIDE AT ANGLE",,N,Overcast,Dry,Daylight,,,,32,One parked--one moving,0,0,N
1,-122.2794253,47.55193192,2164,72900,72900,2611066,Matched,Block,,S FINDLAY ST BETWEEN 42ND AVE S AND RAINIER AVE S,,,1,Property Damage Only Collision,Parked Car,2,0,0,2,2007/01/29 00:00:00+00,1/29/2007 6:33:00 PM,Mid-Block (not related to intersection),14,"MOTOR VEHICLE STRUCK MOTOR VEHICLE, REAR END",,0,Clear,Dry,Dark - Street Lights On,,7029006,,32,One parked--one moving,0,0,N
2,-122.3084303,47.57250753,2165,74600,74600,2806848,Matched,Block,,BEACON AVE S BETWEEN S HINDS ST AND S SPOKANE ST,,,2,Injury Collision,Rear Ended,5,0,0,3,2007/08/23 00:00:00+00,8/23/2007 6:35:00 PM,Mid-Block (not related to intersection),14,"MOTOR VEHICLE STRUCK MOTOR VEHICLE, REAR END",,0,Clear,Dry,Daylight,,7235018,,14,From same direction - both going straight - one stopped - rear-end,0,0,N
2,-122.3158572,47.60169182,2167,135400,135400,3552037,Matched,Block,,E YESLER WAY BETWEEN 12TH AVE AND 13TH AVE,,,2,Injury Collision,Rear Ended,3,0,0,2,2012/03/17 00:00:00+00,3/17/2012 3:00:00 PM,Mid-Block (but intersection related),14,"MOTOR VEHICLE STRUCK MOTOR VEHICLE, REAR END",,Y,Clear,Dry,Daylight,,12077012,,14,From same direction - both going straight - one stopped - rear-end,0,0,N
2,-122.3321327,47.53414777,2168,80400,80400,2609724,Matched,Intersection,34281,WEST MARGINAL WAY S AND S HOLDEN ST,,,2,Injury Collision,Left Turn,2,0,0,2,2008/08/27 00:00:00+00,8/27/2008 12:55:00 AM,At Intersection (intersection related),11,"MOTOR VEHICLE STRUCK MOTOR VEHICLE, FRONT END AT ANGLE",,0,Raining,Wet,Dark - Street Lights On,,8240013,,28,From opposite direction - one left turn - one straight,0,0,N
1,-122.3380924,47.71230181,2169,165100,165120,3572665,Matched,Block,,N 115TH ST BETWEEN STONE AVE N AND MERIDIAN AVE N, ,,1,Property Damage Only Collision,Rear Ended,2,0,0,2,2014/03/28 00:00:00+00,3/28/2014 7:40:00 AM,Mid-Block (not related to intersection),14,"MOTOR VEHICLE STRUCK MOTOR VEHICLE, REAR END",Y,N,Overcast,Wet,Daylight,,,,14,From same direction - both going straight - one stopped - rear-end,0,0,N
2,-122.3126707,47.72122255,2170,141600,141600,3609030,Matched,Intersection,35896,15TH AVE NE AND NE 127TH ST,,,2,Injury Collision,Angles,2,0,0,2,2012/11/02 00:00:00+00,11-02-2012 16:42,At Intersection (intersection related),11,"MOTOR VEHICLE STRUCK MOTOR VEHICLE, FRONT END AT ANGLE",,N,Raining,Wet,Dusk,,12307012,,10,Entering at angle,0,0,N