SEVERITYCODE,X,Y,OBJECTID,INCKEY,COLDETKEY,REPORTNO,STATUS,ADDRTYPE,INTKEY,LOCATION,EXCEPTRSNCODE,EXCEPTRSNDESC,SEVERITYCODE,SEVERITYDESC,COLLISIONTYPE,PERSONCOUNT,PEDCOUNT,PEDCYLCOUNT,VEHCOUNT,INCDATE,INCDTTM,JUNCTIONTYPE,SDOT_COLCODE,SDOT_COLDESC,INATTENTIONIND,UNDERINFL,WEATHER,ROADCOND,LIGHTCOND,PEDROWNOTGRNT,SDOTCOLNUM,SPEEDING,ST_COLCODE,ST_COLDESC,SEGLANEKEY,CROSSWALKKEY,HITPARKEDCAR
1,-122.3240287,47.60980237,2171,199300,199440,3642469,Matched,Intersection,29921,MADISON ST AND MINOR AVE, ,,1,Property Damage Only Collision,Left Turn,2,0,0,2,2015/08/05 00:00:00+00,08-05-2015 17:24,At Intersection (intersection related),11,"MOTOR VEHICLE STRUCK MOTOR VEHICLE, FRONT END AT ANGLE",,N,Overcast,Dry,Daylight,,,,28,From opposite direction - one left turn - one straight,0,0,N
1,-122.3756924,47.54831958,2172,290600,291480,3742373,Matched,Block,,SW RAYMOND ST BETWEEN 34TH AVE SW AND 35TH AVE SW, ,,1,Property Damage Only Collision,Other,1,0,0,1,2018/06/03 00:00:00+00,06-03-2018 20:08,Mid-Block (but intersection related),28,MOTOR VEHICLE RAN OFF ROAD - HIT FIXED OBJECT,,N,Overcast,Dry,Daylight,,,,50,Fixed object,0,0,N
2,-122.3648853,47.65911969,2173,105900,105900,3210763,Matched,Block,,LEARY WAY NW BETWEEN NW 43RD ST AND 7TH AVE NW,,,2,Injury Collision,Angles,5,0,0,2,2009/06/30 00:00:00+00,6/30/2009 10:33:00 PM,Driveway Junction,11,"MOTOR VEHICLE STRUCK MOTOR VEHICLE, FRONT END AT ANGLE",Y,0,Clear,Dry,Dark - Street Lights On,,9181033,,10,Entering at angle,0,0,N
1,-122.3364782,47.62468353,2174,227900,228240,3735450,Matched,Block,,MERCER NR ST BETWEEN TERRY AVE N AND BOREN AVE N, ,,1,Property Damage Only Collision,Parked Car,2,0,0,2,2016/09/08 00:00:00+00,09-08-2016 19:19,Mid-Block (not related to intersection),13,"MOTOR VEHICLE STRUCK MOTOR VEHICLE, LEFT SIDE AT ANGLE",,Y,Clear,Dry,Dusk,,,,32,One parked--one moving,0,0,Y
2,-122.3229892,47.60530451,2175,138200,138200,3593786,Matched,Intersection,29816,JEFFERSON ST AND TERRY AVE,,,2,Injury Collision,Angles,2,0,0,2,2012/09/10 00:00:00+00,09-10-2012 08:30,At Intersection (intersection related),11,"MOTOR VEHICLE STRUCK MOTOR VEHICLE, FRONT END AT ANGLE",,N,Overcast,Wet,Daylight,,12254009,,10,Entering at angle,0,0,N
1,-122.3540353,47.51735387,2176,268100,268880,3744287,Unmatched,Intersection,35059,15TH AVE SW AND SW ROXBURY ST, ,,1,Property Damage Only Collision,,2,0,0,0,2018/01/25 00:00:00+00,1/25/2018,At Intersection (intersection related),11,"MOTOR VEHICLE STRUCK MOTOR VEHICLE, FRONT END AT ANGLE",,,,,,,,, ,,0,0,N
1,-122.3193653,47.6242665,2177,102300,102300,3287462,Matched,Block,,E MERCER ST BETWEEN 10TH AVE E AND FEDERAL AVE E,,,1,Property Damage Only Collision,Parked Car,2,0,0,2,2009/05/15 00:00:00+00,5/15/2009 9:54:00 PM,Mid-Block (not related to intersection),11,"MOTOR VEHICLE STRUCK MOTOR VEHICLE, FRONT END AT ANGLE",,0,Clear,Dry,Dark - Street Lights On,,9135044,,32,One parked--one moving,0,0,N
2,-122.3987971,47.56943276,2178,243000,243480,3744542,Matched,Block,,52ND AVE SW BETWEEN SW CHARLESTOWN W ST AND SW ANDOVER ST, ,,2,Injury Collision,Pedestrian,2,1,0,1,2017/06/21 00:00:00+00,6/21/2017 7:23:00 PM,Mid-Block (not related to intersection),24,MOTOR VEHCILE STRUCK PEDESTRIAN,,N,Clear,Dry,Daylight,,,,0,Vehicle going straight hits pedestrian,0,0,N
1,-122.3127415,47.56324163,2179,134100,134100,3467590,Matched,Intersection,32546,16TH AVE S AND S COLUMBIAN WAY,,,1,Property Damage Only Collision,Left Turn,2,0,0,2,2012/10/30 00:00:00+00,10/30/2012 7:50:00 AM,,0,NOT ENOUGH INFORMATION / NOT APPLICABLE,,N,Raining,Wet,Dawn,,12304009,,28,From opposite direction - one left turn - one straight,0,0,N
2,-122.3835744,47.58117288,2180,93800,93800,2896594,Matched,Block,,SW ADMIRAL WAY BETWEEN WALNUT AVE SW AND 41ST AVE SW,,,2,Injury Collision,Other,1,0,0,1,2009/06/03 00:00:00+00,06-03-2009,Mid-Block (but intersection related),26,MOTOR VEHICLE STRUCK OBJECT IN ROAD,,0,Clear,Dry,Daylight,,9154005,,50,Fixed object,0,0,N
2,-122.3479915,47.52098542,2181,133100,133100,3380767,Matched,Intersection,35048,10TH AVE SW AND SW BARTON ST,,,2,Injury Collision,Angles,3,0,0,2,2012/03/23 00:00:00+00,3/23/2012 8:18:00 AM,At Intersection (intersection related),11,"MOTOR VEHICLE STRUCK MOTOR VEHICLE, FRONT END AT ANGLE",,N,Clear,Dry,Daylight,,12083005,,10,Entering at angle,0,0,N
2,-122.3443753,47.61680223,2182,86500,86500,2804917,Matched,Intersection,29532,5TH AVE AND BATTERY ST,,,2,Injury Collision,Left Turn,3,0,0,2,2008/02/16 00:00:00+00,2/16/2008 7:41:00 AM,At Intersection (intersection related),11,"MOTOR VEHICLE STRUCK MOTOR VEHICLE, FRONT END AT ANGLE",,0,Overcast,Wet,Daylight,,8047018,,15,From same direction - one left turn - one straight,0,0,N
1,-122.312048,47.62050127,2183,86900,86900,3280195,Matched,Block,,E THOMAS ST BETWEEN 15TH S AVE E AND 16TH AVE E,,,1,Property Damage Only Collision,Parked Car,2,0,0,2,2008/10/20 00:00:00+00,10/20/2008 2:00:00 PM,Mid-Block (not related to intersection),14,"MOTOR VEHICLE STRUCK MOTOR VEHICLE, REAR END",Y,0,Raining,Wet,Daylight,,8294008,,32,One parked--one moving,0,0,N
1,-122.3342033,47.57498194,2184,89000,89000,2665551,Matched,Block,,1ST AVE S BETWEEN S HANFORD ST AND S HORTON ST,,,1,Property Damage Only Collision,Parked Car,2,0,0,2,2008/02/12 00:00:00+00,02-12-2008 07:50,Mid-Block (not related to intersection),16,"MOTOR VEHICLE STRUCK MOTOR VEHICLE, LEFT SIDE SIDESWIPE",,0,Clear,Dry,Daylight,,8043031,Y,32,One parked--one moving,0,0,N
1,-122.3447064,47.7057972,2185,226300,226640,E577617,Matched,Block,,AURORA AVE N BETWEEN N NORTHGATE WAY AND N 107TH S ST, ,,1,Property Damage Only Collision,Rear Ended,3,0,0,3,2016/08/15 00:00:00+00,8/15/2016 7:26:00 AM,Mid-Block (but intersection related),14,"MOTOR VEHICLE STRUCK MOTOR VEHICLE, REAR END",,N,Clear,Dry,Dawn,,,,13,From same direction - both going straight - both moving - rear-end,0,0,N
1,-122.3458057,47.6182354,2187,81300,81300,2899807,Matched,Block,,VINE ST BETWEEN 5TH AVE AND DENNY WAY,,,1,Property Damage Only Collision,Parked Car,2,0,0,2,2008/05/25 00:00:00+00,5/25/2008 7:20:00 PM,Mid-Block (not related to intersection),11,"MOTOR VEHICLE STRUCK MOTOR VEHICLE, FRONT END AT ANGLE",,0,Clear,Dry,Daylight,,8146015,,32,One parked--one moving,0,0,N
1,-122.3870647,47.55120695,2188,129900,129900,3553654,Matched,Block,,CALIFORNIA AVE SW BETWEEN SW FINDLAY ST AND SW JUNEAU ST,,,1,Property Damage Only Collision,Rear Ended,4,0,0,2,2011/08/09 00:00:00+00,08-09-2011,Mid-Block (but intersection related),14,"MOTOR VEHICLE STRUCK MOTOR VEHICLE, REAR END",,0,Clear,Dry,Daylight,,11221028,,14,From same direction - both going straight - one stopped - rear-end,0,0,N
1,-122.3553794,47.631,2189,141900,141900,3505908,Matched,Block,,LEE ST BETWEEN 1ST AVE N AND TOWER PL,,,1,Property Damage Only Collision,Parked Car,2,0,0,2,2012/01/09 00:00:00+00,01-09-2012 15:00,Mid-Block (not related to intersection),13,"MOTOR VEHICLE STRUCK MOTOR VEHICLE, LEFT SIDE AT ANGLE",,N,Unknown,Unknown,Unknown,,12009007,,32,One parked--one moving,0,0,N
1,-122.3337363,47.57772731,2190,199700,199840,E439434,Matched,Block,,S FOREST ST BETWEEN 1ST AVE S AND OCCIDENTAL AVE S, ,,1,Property Damage Only Collision,Parked Car,0,0,0,2,2015/06/19 00:00:00+00,6/19/2015 11:00:00 PM,,0,NOT ENOUGH INFORMATION / NOT APPLICABLE,,N,Unknown,Unknown,Unknown,,,,32,One parked--one moving,0,0,Y
2,-122.2841012,47.55645048,2191,77000,77000,2797203,Matched,Block,,RAINIER AVE S BETWEEN S HUDSON ST AND 39TH N AVE S,,,2,Injury Collision,Rear Ended,2,0,0,2,2007/07/29 00:00:00+00,7/29/2007 12:29:00 PM,Mid-Block (not related to intersection),14,"MOTOR VEHICLE STRUCK MOTOR VEHICLE, REAR END",,0,Clear,Dry,Daylight,,7210012,,14,From same direction - both going straight - one stopped - rear-end,0,0,N
2,-122.2965426,47.73197667,2192,228500,228840,3767823,Matched,Intersection,36003,30TH AVE NE AND NE 143RD ST, ,,2,Injury Collision,Angles,3,0,0,2,2016/09/22 00:00:00+00,9/22/2016 4:37:00 PM,At Intersection (intersection related),11,"MOTOR VEHICLE STRUCK MOTOR VEHICLE, FRONT END AT ANGLE",,N,Clear,Dry,Daylight,,,,10,Entering at angle,0,0,N
1,-122.3320948,47.52694756,2193,123600,123600,3285371,Matched,Intersection,35173,CLOVERDALE ST OFF RP AND S CLOVERDALE ST,,,1,Property Damage Only Collision,Angles,2,0,0,2,2011/05/26 00:00:00+00,5/26/2011 8:32:00 AM,At Intersection (intersection related),11,"MOTOR VEHICLE STRUCK MOTOR VEHICLE, FRONT END AT ANGLE",,N,Clear,Dry,Daylight,,11146030,,10,Entering at angle,0,0,N
2,-122.3006269,47.66998761,2194,268300,269080,E762772,Matched,Intersection,25916,25TH AVE NE AND NE 57TH ST, ,,2,Injury Collision,Angles,2,0,0,2,2018/01/26 00:00:00+00,1/26/2018 1:21:00 PM,At Intersection (intersection related),11,"MOTOR VEHICLE STRUCK MOTOR VEHICLE, FRONT END AT ANGLE",,N,Clear,Dry,Daylight,,,,10,Entering at angle,0,0,N
1,-122.2908475,47.66172868,2195,101800,101800,3342411,Matched,Block,,NE BLAKELEY ST BETWEEN NE 45TH PL AND 35TH AVE NE,,,1,Property Damage Only Collision,Parked Car,2,0,0,2,2009/11/03 00:00:00+00,11-03-2009,Mid-Block (not related to intersection),14,"MOTOR VEHICLE STRUCK MOTOR VEHICLE, REAR END",,0,Unknown,Unknown,Unknown,,9307029,,32,One parked--one moving,0,0,N
1,-122.3847441,47.66906627,2197,171800,171820,3501545,Matched,Block,,22ND AVE NW BETWEEN NW MARKET ST AND NW 56TH ST, ,,1,Property Damage Only Collision,Parked Car,2,0,0,2,2014/07/13 00:00:00+00,7/13/2014 3:30:00 PM,Mid-Block (not related to intersection),12,"MOTOR VEHICLE STRUCK MOTOR VEHICLE, RIGHT SIDE AT ANGLE",Y,N,,Dry,Daylight,,,,32,One parked--one moving,0,0,N
1,-122.3393758,47.61853819,2198,80800,80800,2907906,Matched,Intersection,29511,9TH AVE AND DENNY WAY,,,1,Property Damage Only Collision,Angles,2,0,0,2,2008/01/21 00:00:00+00,1/21/2008 3:30:00 PM,At Intersection (intersection related),11,"MOTOR VEHICLE STRUCK MOTOR VEHICLE, FRONT END AT ANGLE",,0,Clear,Dry,Daylight,,8021021,,10,Entering at angle,0,0,N
1,-122.3610158,47.63292666,2199,148000,148020,3506139,Matched,Block,,3RD AVE W BETWEEN W GALER W ST AND W GARFIELD ST, ,,1,Property Damage Only Collision,Parked Car,2,0,0,2,2013/06/09 00:00:00+00,06-09-2013 17:44,Mid-Block (not related to intersection),14,"MOTOR VEHICLE STRUCK MOTOR VEHICLE, REAR END",,N,Clear,Dry,Daylight,,,,32,One parked--one moving,0,0,N
1,,,2200,100500,100500,3285867,Matched,,,,NEI,"Not Enough Information, or Insufficient Location Information",1,Property Damage Only Collision,Parked Car,2,0,0,2,2009/01/07 00:00:00+00,01-07-2009,,0,NOT ENOUGH INFORMATION / NOT APPLICABLE,,0,Unknown,Snow/Slush,Unknown,,9007006,,32,One parked--one moving,0,0,N
1,-122.2976339,47.59204989,2202,231800,232200,3771788,Unmatched,Intersection,30686,M L KING JR WAY S AND S JUDKINS ST, ,,1,Property Damage Only Collision,,3,0,0,0,2016/11/02 00:00:00+00,11-02-2016,At Intersection (intersection related),11,"MOTOR VEHICLE STRUCK MOTOR VEHICLE, FRONT END AT ANGLE",,,,,,,,, ,,0,0,N
1,-122.2947629,47.66124551,2203,90200,90200,2609733,Matched,Block,,NE 45TH ST BETWEEN U VILLAGE DR AND NE 45TH PL,,,1,Property Damage Only Collision,Rear Ended,3,0,0,3,2008/03/20 00:00:00+00,3/20/2008 1:38:00 PM,Driveway Junction,14,"MOTOR VEHICLE STRUCK MOTOR VEHICLE, REAR END",,0,Overcast,Dry,Daylight,,8080012,,14,From same direction - both going straight - one stopped - rear-end,0,0,N
1,-122.3359758,47.60776318,2204,207600,207800,E483342,Matched,Intersection,29601,3RD AVE AND UNIVERSITY ST, ,,1,Property Damage Only Collision,Angles,0,0,0,2,2015/11/15 00:00:00+00,11/15/2015 4:26:00 PM,At Intersection (intersection related),11,"MOTOR VEHICLE STRUCK MOTOR VEHICLE, FRONT END AT ANGLE",,N,Clear,Dry,Dusk,,,,10,Entering at angle,0,0,N
2,-122.3514802,47.62543769,2205,174300,174320,3505820,Matched,Intersection,28885,3RD AVE N AND ROY ST, ,,2,Injury Collision,Cycles,2,0,1,1,2014/08/25 00:00:00+00,8/25/2014 3:26:00 PM,At Intersection (intersection related),51,PEDALCYCLIST STRUCK MOTOR VEHICLE FRONT END AT ANGLE,,N,Clear,Dry,Daylight,,,,45,Vehicle - Pedalcyclist,12407,0,N
1,-122.3333664,47.60491052,2206,220500,220780,E547565,Unmatched,Intersection,29967,3RD AVE AND MARION ST,NEI,"Not Enough Information, or Insufficient Location Information",1,Property Damage Only Collision,,2,0,0,0,2016/05/26 00:00:00+00,5/26/2016,At Intersection (intersection related),0,NOT ENOUGH INFORMATION / NOT APPLICABLE,,,,,,,,, ,,0,0,N
1,-122.3540178,47.51827331,2207,218800,219100,3731811,Matched,Block,,15TH AVE SW BETWEEN SW CAMBRIDGE ST AND SW ROXBURY ST, ,,1,Property Damage Only Collision,Parked Car,2,0,0,2,2016/05/02 00:00:00+00,05-02-2016 12:15,,0,NOT ENOUGH INFORMATION / NOT APPLICABLE,,N,Clear,Dry,Daylight,,,,32,One parked--one moving,0,0,Y
1,-122.3454233,47.51730344,2208,242300,242780,E667858,Matched,Intersection,35066,8TH AVE SW AND SW ROXBURY ST, ,,1,Property Damage Only Collision,Rear Ended,2,0,0,2,2017/05/01 00:00:00+00,05-01-2017 12:45,At Intersection (but not related to intersection),14,"MOTOR VEHICLE STRUCK MOTOR VEHICLE, REAR END",,N,Overcast,Wet,Daylight,,,,14,From same direction - both going straight - one stopped - rear-end,0,0,N
2,-122.3535602,47.5713782,2210,150600,150620,3465343,Matched,Block,,SW SPOKANE BR BETWEEN SW SPOKANE E ST AND SW SPOKANE W ST, ,,2,Injury Collision,Other,3,0,0,2,2013/07/13 00:00:00+00,7/13/2013 1:21:00 PM,Mid-Block (not related to intersection),11,"MOTOR VEHICLE STRUCK MOTOR VEHICLE, FRONT END AT ANGLE",,N,Clear,Dry,Daylight,,,,23,From same direction - all others,0,0,N
2,-122.3491258,47.71958391,2211,107300,107300,3206454,Matched,Block,,N 125TH ST BETWEEN NORTH PARK AVE N AND INTERURBAN TRL,,,2,Injury Collision,Rear Ended,3,0,0,2,2010/07/17 00:00:00+00,7/17/2010 12:56:00 PM,Mid-Block (not related to intersection),14,"MOTOR VEHICLE STRUCK MOTOR VEHICLE, REAR END",Y,N,Clear,Dry,Daylight,,10198002,,14,From same direction - both going straight - one stopped - rear-end,0,0,N
1,-122.334001,47.70911658,2212,132300,132300,3551299,Matched,Block,,MERIDIAN AVE N BETWEEN N NORTHGATE WAY AND N 112TH ST,,,1,Property Damage Only Collision,Sideswipe,3,0,0,2,2012/06/13 00:00:00+00,6/13/2012 3:29:00 PM,Mid-Block (but intersection related),11,"MOTOR VEHICLE STRUCK MOTOR VEHICLE, FRONT END AT ANGLE",,N,Overcast,Dry,Daylight,,12165008,,11,From same direction - both going straight - both moving - sideswipe,0,0,N
1,-122.291297,47.60194922,2213,99300,99300,3283428,Matched,Block,,32ND AVE BETWEEN E YESLER WAY AND LAKE DELL AVE,,,1,Property Damage Only Collision,Parked Car,2,0,0,2,2009/03/26 00:00:00+00,3/26/2009 10:37:00 PM,Mid-Block (but intersection related),14,"MOTOR VEHICLE STRUCK MOTOR VEHICLE, REAR END",,0,Clear,Dry,Dark - Street Lights On,,9085015,,32,One parked--one moving,0,0,N
1,,,2214,78900,78900,2608386,Matched,Block,,WESTERN AV OFF RP BETWEEN ALASKAN WY VI NB AND BELL ST,,,1,Property Damage Only Collision,Rear Ended,3,0,0,3,2007/01/25 00:00:00+00,1/25/2007 1:54:00 PM,Mid-Block (not related to intersection),14,"MOTOR VEHICLE STRUCK MOTOR VEHICLE, REAR END",,0,Raining,Wet,Daylight,,7025013,Y,14,From same direction - both going straight - one stopped - rear-end,0,0,N
1,-122.371398,47.51742557,2215,163100,163120,3465418,Matched,Intersection,34961,30TH AVE SW AND SW ROXBURY ST, ,,1,Property Damage Only Collision,Rear Ended,2,0,0,2,2014/02/27 00:00:00+00,2/27/2014 12:41:00 PM,At Intersection (intersection related),14,"MOTOR VEHICLE STRUCK MOTOR VEHICLE, REAR END",,N,Clear,Dry,Daylight,,,,13,From same direction - both going straight - both moving - rear-end,0,0,N
1,-122.3019268,47.68667326,2216,113900,113900,3383055,Matched,Intersection,24734,24TH AVE NE AND NE 80TH ST,,,1,Property Damage Only Collision,Parked Car,2,0,0,2,2010/11/04 00:00:00+00,11-04-2010 12:30,,0,NOT ENOUGH INFORMATION / NOT APPLICABLE,,N,Unknown,Unknown,Unknown,,10308004,,32,One parked--one moving,0,0,N
1,-122.2790134,47.52611725,2217,290300,291180,3418028,Matched,Intersection,487284,M L KING JR ER WAY S AND S CLOVERDALE ST, ,,1,Property Damage Only Collision,Other,2,0,0,2,2018/05/03 00:00:00+00,05-03-2018 18:40,At Intersection (intersection related),25,MOTOR VEHICLE STRUCK TRAIN,Y,N,Clear,Dry,Daylight,,,,40,Railway Vehicle Strikes Vehicle,0,0,N
2,-122.2975507,47.60900952,2218,75600,75600,2623495,Matched,Intersection,30056,27TH AVE AND E COLUMBIA ST,,,2,Injury Collision,Angles,2,0,0,2,2007/07/19 00:00:00+00,7/19/2007 5:02:00 PM,At Intersection (intersection related),11,"MOTOR VEHICLE STRUCK MOTOR VEHICLE, FRONT END AT ANGLE",,0,Clear,Dry,Daylight,,7200022,,10,Entering at angle,0,0,N
2,-122.3128264,47.63434494,2219,206300,206480,3789117,Matched,Block,,15TH AVE E BETWEEN E GARFIELD ST AND E OLIN S PL, ,,2,Injury Collision,Left Turn,2,0,0,2,2015/11/06 00:00:00+00,11-06-2015 08:22,Mid-Block (not related to intersection),11,"MOTOR VEHICLE STRUCK MOTOR VEHICLE, FRONT END AT ANGLE",,N,Raining,Wet,Daylight,,,,28,From opposite direction - one left turn - one straight,0,0,N
2,-122.3346656,47.60968542,2220,173700,173720,3584043,Matched,Intersection,29913,5TH AVE AND UNION ST, ,,2,Injury Collision,Cycles,2,0,1,1,2014/08/14 00:00:00+00,8/14/2014 12:50:00 PM,At Intersection (intersection related),51,PEDALCYCLIST STRUCK MOTOR VEHICLE FRONT END AT ANGLE,,N,Overcast,Dry,Daylight,,,,45,Vehicle - Pedalcyclist,24884,0,N
1,-122.3379954,47.60829217,2221,130800,130800,3375963,Matched,Intersection,29600,2ND AVE AND UNION ST,,,1,Property Damage Only Collision,Left Turn,2,0,0,2,2011/08/15 00:00:00+00,8/15/2011 6:13:00 PM,At Intersection (intersection related),11,"MOTOR VEHICLE STRUCK MOTOR VEHICLE, FRONT END AT ANGLE",,N,Clear,Dry,Daylight,,11227004,,15,From same direction - one left turn - one straight,0,0,N
1,-122.3381367,47.61711724,2222,202200,202340,E450988,Matched,Block,,WESTLAKE AVE BETWEEN LENORA ST AND BLANCHARD ST, ,,1,Property Damage Only Collision,Left Turn,0,0,0,2,2015/07/28 00:00:00+00,7/28/2015 12:50:00 PM,Mid-Block (not related to intersection),14,"MOTOR VEHICLE STRUCK MOTOR VEHICLE, REAR END",,N,Clear,Dry,Daylight,,,,15,From same direction - one left turn - one straight,0,0,N
1,-122.3340608,47.61405656,2223,179500,179560,3591037,Matched,Intersection,29869,HOWELL ST AND OLIVE WAY, ,,1,Property Damage Only Collision,Angles,2,0,0,2,2014/11/02 00:00:00+00,11-02-2014 08:39,At Intersection (intersection related),11,"MOTOR VEHICLE STRUCK MOTOR VEHICLE, FRONT END AT ANGLE",,N,Overcast,Dry,Daylight,,,,10,Entering at angle,0,0,N
2,-122.321468,47.6242699,2224,218900,219200,E538731,Matched,Block,,E MERCER ST BETWEEN HARVARD AVE E AND BROADWAY E, ,,2,Injury Collision,Rear Ended,0,0,0,2,2016/04/28 00:00:00+00,4/28/2016 2:55:00 PM,Mid-Block (not related to intersection),14,"MOTOR VEHICLE STRUCK MOTOR VEHICLE, REAR END",,N,Clear,Dry,Daylight,,,,14,From same direction - both going straight - one stopped - rear-end,0,0,N
1,-122.294113,47.6625502,2225,165600,165620,3591663,Matched,Block,,UNION BAY PL NE BETWEEN NE 45TH ST AND 30TH AVE NE, ,,1,Property Damage Only Collision,Angles,2,0,0,2,2014/03/20 00:00:00+00,3/20/2014 12:30:00 PM,Mid-Block (not related to intersection),11,"MOTOR VEHICLE STRUCK MOTOR VEHICLE, FRONT END AT ANGLE",,N,Clear,Dry,Daylight,,,,10,Entering at angle,0,0,N
1,-122.3213292,47.71222006,2226,276900,277760,3575699,Matched,Block,,NE 115TH ST BETWEEN 7TH AVE NE AND 8TH AVE NE, ,,1,Property Damage Only Collision,Other,3,0,0,1,2018/03/01 00:00:00+00,03-01-2018 22:46,Mid-Block (not related to intersection),28,MOTOR VEHICLE RAN OFF ROAD - HIT FIXED OBJECT,,N,Clear,Dry,Dark - Street Lights On,,,Y,50,Fixed object,0,0,N
1,-122.3374648,47.6168222,2227,78000,78000,2138604,Matched,Block,,LENORA ST BETWEEN 8TH AVE AND 9TH AVE,,,1,Property Damage Only Collision,Other,1,0,0,1,2007/02/18 00:00:00+00,2/18/2007 3:12:00 PM,Mid-Block (not related to intersection),28,MOTOR VEHICLE RAN OFF ROAD - HIT FIXED OBJECT,,0,Clear,Dry,Daylight,,7049002,,50,Fixed object,0,0,N
1,-122.3323654,47.6650279,2228,228400,228740,3787363,Matched,Block,,N 50TH ST BETWEEN MERIDIAN AVE N AND KEYSTONE WR PL N, ,,1,Property Damage Only Collision,Rear Ended,4,0,0,3,2016/09/13 00:00:00+00,9/13/2016 5:23:00 PM,Mid-Block (not related to intersection),14,"MOTOR VEHICLE STRUCK MOTOR VEHICLE, REAR END",Y,N,Clear,Dry,Daylight,,,,13,From same direction - both going straight - both moving - rear-end,0,0,N
1,-122.2960404,47.59168789,2229,176200,176220,3705291,Matched,Block,,BRADNER PL S BETWEEN S JUDKINS ST AND S IRVING ST, ,,1,Property Damage Only Collision,Other,1,0,0,1,2014/09/13 00:00:00+00,9/13/2014 9:46:00 AM,Driveway Junction,28,MOTOR VEHICLE RAN OFF ROAD - HIT FIXED OBJECT,,N,Clear,Dry,Daylight,,,,50,Fixed object,0,0,N
1,-122.325099,47.68676836,2230,72800,72800,2895301,Matched,Intersection,24537,BANNER WAY NE AND NE 80TH ST,,,1,Property Damage Only Collision,Angles,3,0,0,2,2007/10/30 00:00:00+00,10/30/2007 7:43:00 PM,At Intersection (intersection related),11,"MOTOR VEHICLE STRUCK MOTOR VEHICLE, FRONT END AT ANGLE",,0,Clear,Dry,Dark - Street Lights On,,7303023,,10,Entering at angle,0,0,N
2,-122.3629631,47.55372176,2231,103200,103200,3296180,Matched,Intersection,32953,DELRIDGE WAY SW AND SW BRANDON ST, ,,2,Injury Collision,Pedestrian,2,1,0,1,2009/03/11 00:00:00+00,03-11-2009 06:30,At Intersection (intersection related),24,MOTOR VEHCILE STRUCK PEDESTRIAN,,0,Clear,Dry,Dark - Street Lights On,,9070013,,1,Vehicle turning right hits pedestrian,0,525241,N
2,-122.3894816,47.56294858,2232,225900,226240,3780871,Matched,Intersection,31996,GLENN WAY SW AND SW OREGON ST, ,,2,Injury Collision,Angles,2,0,0,2,2016/08/07 00:00:00+00,08-07-2016 16:03,At Intersection (intersection related),11,"MOTOR VEHICLE STRUCK MOTOR VEHICLE, FRONT END AT ANGLE",Y,N,Clear,Dry,Daylight,,,,10,Entering at angle,0,0,N
1,-122.3372165,47.60576386,2233,194200,194280,3735924,Matched,Block,,1ST AVE BETWEEN SPRING ST AND SENECA ST,NEI,"Not Enough Information, or Insufficient Location Information",1,Property Damage Only Collision,Parked Car,2,0,0,2,2015/05/10 00:00:00+00,05-10-2015 12:15,,0,NOT ENOUGH INFORMATION / NOT APPLICABLE,,N,Clear,Dry,Daylight,,,,32,One parked--one moving,0,0,Y
1,-122.292226,47.72738168,2234,68300,68300,2881162,Matched,Block,,LAKE CITY WAY NE BETWEEN NE 135TH ST AND NE 137TH ST,,,1,Property Damage Only Collision,Rear Ended,2,0,0,2,2007/09/28 00:00:00+00,9/28/2007 7:54:00 AM,Mid-Block (but intersection related),14,"MOTOR VEHICLE STRUCK MOTOR VEHICLE, REAR END",,0,Overcast,Wet,Daylight,,7271027,Y,14,From same direction - both going straight - one stopped - rear-end,0,0,N
2,-122.3133346,47.65339944,2235,164700,164720,3587239,Matched,Intersection,27167,UNIVERSITY WAY NE AND NE PACIFIC ST, ,,2,Injury Collision,Cycles,2,0,1,1,2014/03/14 00:00:00+00,3/14/2014 2:30:00 PM,At Intersection (intersection related),18,"MOTOR VEHICLE STRUCK PEDALCYCLIST, FRONT END AT ANGLE",,N,Unknown,Unknown,Unknown,Y,,,45,Vehicle - Pedalcyclist,0,522415,N
1,-122.2952189,47.71647964,2236,72300,72300,C689434,Matched,Block,,31ST AVE NE BETWEEN NE 120TH ST AND NE 123RD ST,,,1,Property Damage Only Collision,Other,2,0,0,2,2007/07/20 00:00:00+00,7/20/2007 1:00:00 PM,Driveway Junction,11,"MOTOR VEHICLE STRUCK MOTOR VEHICLE, FRONT END AT ANGLE",,0,Raining,Wet,Daylight,,7201069,,22,One car leaving driveway access,0,0,N
2,-122.3368846,47.60875622,2237,126500,126500,3377751,Matched,Intersection,29591,3RD AVE AND UNION ST, ,,2,Injury Collision,Cycles,2,0,1,1,2011/01/13 00:00:00+00,1/13/2011 11:30:00 AM,At Intersection (intersection related),18,"MOTOR VEHICLE STRUCK PEDALCYCLIST, FRONT END AT ANGLE",,N,Overcast,Dry,Daylight,Y,11013009,,45,Vehicle - Pedalcyclist,0,522180,N