SEVERITYCODE,X,Y,OBJECTID,INCKEY,COLDETKEY,REPORTNO,STATUS,ADDRTYPE,INTKEY,LOCATION,EXCEPTRSNCODE,EXCEPTRSNDESC,SEVERITYCODE,SEVERITYDESC,COLLISIONTYPE,PERSONCOUNT,PEDCOUNT,PEDCYLCOUNT,VEHCOUNT,INCDATE,INCDTTM,JUNCTIONTYPE,SDOT_COLCODE,SDOT_COLDESC,INATTENTIONIND,UNDERINFL,WEATHER,ROADCOND,LIGHTCOND,PEDROWNOTGRNT,SDOTCOLNUM,SPEEDING,ST_COLCODE,ST_COLDESC,SEGLANEKEY,CROSSWALKKEY,HITPARKEDCAR
1,-122.2851938,47.54974192,2240,246200,246780,3764472,Matched,Block,,S JUNEAU ST BETWEEN JUNEAU TER S AND RENTON AVE S, ,,1,Property Damage Only Collision,Parked Car,3,0,0,3,2017/07/25 00:00:00+00,7/25/2017 8:13:00 AM,Mid-Block (not related to intersection),11,"MOTOR VEHICLE STRUCK MOTOR VEHICLE, FRONT END AT ANGLE",,N,Clear,Dry,Daylight,,,,32,One parked--one moving,0,0,N
2,-122.3078975,47.57309061,2241,175800,175820,3693363,Matched,Intersection,32526,18TH AVE S AND S HINDS ST, ,,2,Injury Collision,Angles,2,0,0,2,2014/09/19 00:00:00+00,9/19/2014 5:55:00 PM,At Intersection (intersection related),11,"MOTOR VEHICLE STRUCK MOTOR VEHICLE, FRONT END AT ANGLE",,N,Clear,Dry,Daylight,,,Y,10,Entering at angle,0,0,N
2,-122.3375516,47.58937381,2243,102400,102400,3328458,Matched,Block,,ALASKAN WY VI NB BETWEEN S HOLGATE ST AND SR99 REPUBLICAN OFF RP,,,2,Injury Collision,Other,1,0,0,1,2009/10/18 00:00:00+00,10/18/2009 2:35:00 AM,Mid-Block (not related to intersection),28,MOTOR VEHICLE RAN OFF ROAD - HIT FIXED OBJECT,,0,Clear,Wet,Dark - Street Lights On,,9291002,Y,50,Fixed object,0,0,N
1,-122.3218867,47.65781659,2244,203900,204040,3501597,Matched,Block,,PASADENA PL NE BETWEEN NE 42ND ST AND DEAD END 2, ,,1,Property Damage Only Collision,Parked Car,2,0,0,2,2015/10/03 00:00:00+00,10-03-2015 14:10,Driveway Junction,14,"MOTOR VEHICLE STRUCK MOTOR VEHICLE, REAR END",,N,Clear,Dry,Daylight,,,,32,One parked--one moving,0,0,N
2,-122.3118813,47.66854,2245,133900,133900,3376348,Matched,Intersection,26013,15TH AVE NE AND NE 55TH ST,,,2,Injury Collision,Other,2,0,0,2,2012/05/06 00:00:00+00,05-06-2012 11:47,At Intersection (intersection related),11,"MOTOR VEHICLE STRUCK MOTOR VEHICLE, FRONT END AT ANGLE",,N,Clear,Dry,Daylight,,12127002,,23,From same direction - all others,0,0,N
1,-122.3499054,47.65414026,2246,67100,67100,2618087,Matched,Intersection,27009,FREMONT AVE N AND FREMONT WAY N,,,1,Property Damage Only Collision,Left Turn,2,0,0,2,2007/02/28 00:00:00+00,2/28/2007 10:10:00 PM,At Intersection (intersection related),11,"MOTOR VEHICLE STRUCK MOTOR VEHICLE, FRONT END AT ANGLE",,0,Raining,Wet,Dark - Street Lights On,,7059011,,28,From opposite direction - one left turn - one straight,0,0,N
2,-122.3359108,47.60004611,2247,185900,185980,3641268,Matched,Intersection,30363,ALASKAN WAY S AND S MAIN ST, ,,2,Injury Collision,Cycles,2,0,1,1,2015/02/22 00:00:00+00,2/22/2015 2:52:00 PM,At Intersection (intersection related),18,"MOTOR VEHICLE STRUCK PEDALCYCLIST, FRONT END AT ANGLE",,N,Clear,Dry,Daylight,,,,45,Vehicle - Pedalcyclist,44781,0,N
1,-122.3735851,47.67017034,2248,85100,85100,C706316,Matched,Intersection,25413,14TH AVE NW AND NW 57TH ST,,,1,Property Damage Only Collision,Angles,2,0,0,2,2008/06/15 00:00:00+00,6/15/2008 4:45:00 PM,At Intersection (intersection related),11,"MOTOR VEHICLE STRUCK MOTOR VEHICLE, FRONT END AT ANGLE",,0,Clear,Dry,Daylight,,8167036,,10,Entering at angle,0,0,N
2,-122.3127145,47.576866,2249,163300,163320,3062544,Matched,Block,,S STEVENS ST BETWEEN 15TH AVE S AND 16TH AVE S,NEI,"Not Enough Information, or Insufficient Location Information",2,Injury Collision,Pedestrian,2,1,0,1,2011/01/05 00:00:00+00,01-05-2011 13:30,Mid-Block (not related to intersection),0,NOT ENOUGH INFORMATION / NOT APPLICABLE,,N,Overcast,Dry,Daylight,,,,0,Vehicle going straight hits pedestrian,0,0,N
1,-122.3371369,47.61070944,2250,250300,250900,3508217,Matched,Block,,4TH AVE BETWEEN PIKE ST AND PINE ST, ,,1,Property Damage Only Collision,Sideswipe,0,0,0,4,2017/10/15 00:00:00+00,10/15/2017 1:26:00 PM,Mid-Block (not related to intersection),11,"MOTOR VEHICLE STRUCK MOTOR VEHICLE, FRONT END AT ANGLE",,N,Clear,Dry,Daylight,,,,11,From same direction - both going straight - both moving - sideswipe,0,0,N
1,-122.3147264,47.66491292,2251,90800,90800,2828995,Matched,Block,,NE 50TH ST BETWEEN 12TH AVE NE AND BROOKLYN AVE NE,,,1,Property Damage Only Collision,Rear Ended,3,0,0,2,2008/01/31 00:00:00+00,1/31/2008 3:06:00 PM,Mid-Block (not related to intersection),14,"MOTOR VEHICLE STRUCK MOTOR VEHICLE, REAR END",Y,0,Overcast,Wet,Daylight,,8031010,,14,From same direction - both going straight - one stopped - rear-end,0,0,N
1,-122.3449968,47.72503555,2252,206900,207100,3775785,Matched,Block,,AURORA AVE N BETWEEN N 130TH ST AND N 135TH ST,NEI,"Not Enough Information, or Insufficient Location Information",1,Property Damage Only Collision,Other,2,0,0,2,2015/11/13 00:00:00+00,11/13/2015 3:30:00 PM,Mid-Block (not related to intersection),0,NOT ENOUGH INFORMATION / NOT APPLICABLE,Y,N,Raining,Wet,Dusk,,,,23,From same direction - all others,0,0,N
1,-122.2389494,47.51050158,2253,154500,154520,3579710,Matched,Block,,RAINIER AVE S BETWEEN 75TH AVE S AND CITY LIMITS, ,,1,Property Damage Only Collision,Parked Car,3,0,0,3,2013/09/21 00:00:00+00,9/21/2013 1:00:00 AM,Mid-Block (not related to intersection),11,"MOTOR VEHICLE STRUCK MOTOR VEHICLE, FRONT END AT ANGLE",,Y,Clear,Wet,Dark - Street Lights On,,,,32,One parked--one moving,0,0,N
2,-122.3242571,47.61957466,2254,221100,221380,3738424,Matched,Intersection,29188,E JOHN ST AND E OLIVE WAY, ,,2,Injury Collision,Cycles,2,0,1,1,2016/05/31 00:00:00+00,5/31/2016 10:44:00 AM,At Intersection (intersection related),18,"MOTOR VEHICLE STRUCK PEDALCYCLIST, FRONT END AT ANGLE",,N,Clear,Dry,Daylight,,,,45,Vehicle - Pedalcyclist,23258,0,N
2,-122.3553091,47.68052696,2255,125200,125200,3333998,Matched,Block,,GREENWOOD AVE N BETWEEN N 71ST ST AND N 72ND S ST,,,2,Injury Collision,Rear Ended,4,0,0,2,2011/06/10 00:00:00+00,06-10-2011 17:20,Mid-Block (but intersection related),14,"MOTOR VEHICLE STRUCK MOTOR VEHICLE, REAR END",Y,N,Clear,Dry,Daylight,,11161014,,14,From same direction - both going straight - one stopped - rear-end,0,0,N
1,-122.3048885,47.61528946,2256,281800,282660,3702373,Matched,Intersection,30127,21ST AVE AND E PINE ST, ,,1,Property Damage Only Collision,Parked Car,2,0,0,2,2018/04/11 00:00:00+00,04-11-2018 09:31,At Intersection (intersection related),11,"MOTOR VEHICLE STRUCK MOTOR VEHICLE, FRONT END AT ANGLE",,N,Raining,Dry,Daylight,,,,32,One parked--one moving,0,0,N
1,-122.342341,47.65743061,2257,142200,142200,3508063,Matched,Block,,STONE WAY N BETWEEN N 41ST N ST AND N 42ND ST, ,,1,Property Damage Only Collision,Parked Car,2,0,0,2,2012/11/30 00:00:00+00,11/30/2012 12:00:00 PM,Mid-Block (not related to intersection),14,"MOTOR VEHICLE STRUCK MOTOR VEHICLE, REAR END",,N,Overcast,Wet,Daylight,,12335053,,32,One parked--one moving,0,0,N
1,-122.3726888,47.57294322,2258,149800,149820,3615158,Unmatched,Block,,SW ADMIRAL WAY BETWEEN SW ADMIRAL WY OFF RP AND SW CITY VIEW ST, ,,1,Property Damage Only Collision,,1,0,0,0,2013/06/26 00:00:00+00,6/26/2013,Mid-Block (not related to intersection),26,MOTOR VEHICLE STRUCK OBJECT IN ROAD,,,,,,,,, ,,0,0,N
2,-122.3678651,47.66219541,2259,93300,93300,2905133,Matched,Intersection,25464,LEARY WAY NW AND NW 46TH ST,,,2,Injury Collision,Angles,2,0,0,2,2008/03/05 00:00:00+00,03-05-2008,At Intersection (intersection related),11,"MOTOR VEHICLE STRUCK MOTOR VEHICLE, FRONT END AT ANGLE",,0,Clear,Dry,Daylight,,8065014,,10,Entering at angle,0,0,N
1,-122.3209367,47.62466033,2260,192400,192480,3642653,Matched,Block,,BROADWAY E BETWEEN E MERCER ST AND E ROY E ST, ,,1,Property Damage Only Collision,Sideswipe,2,0,0,2,2015/05/05 00:00:00+00,05-05-2015 19:16,Mid-Block (but intersection related),11,"MOTOR VEHICLE STRUCK MOTOR VEHICLE, FRONT END AT ANGLE",,N,Raining,Wet,Dusk,,,,81,Same direction -- both turning left -- both moving -- sideswipe,0,0,N
1,-122.3394406,47.55993555,2261,118400,118400,3384011,Matched,Block,,EAST MARGINAL WAY S BETWEEN S ALASKA ST AND XW ALASKA,,,1,Property Damage Only Collision,Other,1,0,0,1,2010/04/19 00:00:00+00,4/19/2010 5:30:00 PM,Mid-Block (not related to intersection),0,NOT ENOUGH INFORMATION / NOT APPLICABLE,,N,Clear,Dry,Daylight,,10109001,,57,All other non-collision,0,0,N
1,-122.3862191,47.57125538,2262,229000,229360,3692928,Matched,Block,,SW MANNING ST BETWEEN 42ND AVE SW AND CALIFORNIA AVE SW, ,,1,Property Damage Only Collision,Parked Car,2,0,0,2,2016/10/16 00:00:00+00,10/16/2016 10:10:00 AM,Mid-Block (not related to intersection),13,"MOTOR VEHICLE STRUCK MOTOR VEHICLE, LEFT SIDE AT ANGLE",Y,N,Raining,Wet,Dark - Street Lights On,,,,32,One parked--one moving,0,0,Y
2,-122.297947,47.70840906,2263,96200,96200,C717112,Matched,Intersection,36667,28TH AVE NE AND NE 110TH ST,,,2,Injury Collision,Pedestrian,2,1,0,1,2009/01/16 00:00:00+00,1/16/2009 3:02:00 PM,At Intersection (intersection related),24,MOTOR VEHCILE STRUCK PEDESTRIAN,,0,Overcast,Dry,Daylight,,9016040,,0,Vehicle going straight hits pedestrian,0,0,N
1,-122.2859579,47.5269976,2264,162500,162520,3583207,Matched,Block,,37TH AVE S BETWEEN S THISTLE ST AND S CLOVERDALE ST, ,,1,Property Damage Only Collision,Parked Car,2,0,0,2,2014/02/16 00:00:00+00,2/16/2014 4:04:00 AM,Mid-Block (not related to intersection),28,MOTOR VEHICLE RAN OFF ROAD - HIT FIXED OBJECT,,N,Raining,Wet,Dark - No Street Lights,,,,32,One parked--one moving,0,0,N
1,-122.3600457,47.57196512,2265,113700,113700,3383098,Matched,Block,,DELRIDGE WAY SW BETWEEN SW SPOKANE ST AND CHELAN SR AVE SW,,,1,Property Damage Only Collision,Other,2,0,0,2,2010/11/19 00:00:00+00,11/19/2010 8:30:00 AM,Mid-Block (but intersection related),11,"MOTOR VEHICLE STRUCK MOTOR VEHICLE, FRONT END AT ANGLE",,N,Overcast,Wet,Daylight,,10323037,,23,From same direction - all others,0,0,N
2,-122.3351688,47.64687291,2266,103800,103800,3289763,Matched,Intersection,26916,BURKE AVE N AND N NORTHLAKE WAY, ,,2,Injury Collision,Cycles,3,0,1,1,2009/03/05 00:00:00+00,03-05-2009,At Intersection (intersection related),18,"MOTOR VEHICLE STRUCK PEDALCYCLIST, FRONT END AT ANGLE",,0,Overcast,Wet,Daylight,Y,9064020,,45,Vehicle - Pedalcyclist,0,522489,N
1,-122.2699879,47.52281564,2268,152800,152820,3548598,Matched,Block,,RAINIER AVE S BETWEEN S HENDERSON ST AND S DIRECTOR N ST, ,,1,Property Damage Only Collision,Sideswipe,2,0,0,2,2013/08/20 00:00:00+00,8/20/2013 4:00:00 PM,Mid-Block (but intersection related),11,"MOTOR VEHICLE STRUCK MOTOR VEHICLE, FRONT END AT ANGLE",,N,Clear,Dry,Daylight,,,,11,From same direction - both going straight - both moving - sideswipe,0,0,N
1,-122.3544666,47.65604984,2269,128300,128300,3544982,Matched,Block,,PHINNEY AVE N BETWEEN N 40TH ST AND N 41ST ST,,,1,Property Damage Only Collision,Parked Car,3,0,0,3,2011/09/24 00:00:00+00,9/24/2011 8:25:00 AM,Mid-Block (not related to intersection),11,"MOTOR VEHICLE STRUCK MOTOR VEHICLE, FRONT END AT ANGLE",,0,Clear,Dry,Unknown,,11267012,Y,32,One parked--one moving,0,0,N
1,-122.3362571,47.65564871,2270,231400,231800,E602617,Matched,Intersection,26842,WALLINGFORD AVE N AND N 40TH ST, ,,1,Property Damage Only Collision,Angles,4,0,0,3,2016/10/28 00:00:00+00,10/28/2016 9:25:00 AM,At Intersection (intersection related),11,"MOTOR VEHICLE STRUCK MOTOR VEHICLE, FRONT END AT ANGLE",,N,Clear,Dry,Daylight,,,,10,Entering at angle,0,0,N
1,-122.3011704,47.57404295,2271,115100,115100,3335757,Matched,Block,,S HORTON ST BETWEEN 24TH AVE S AND 25TH AVE S,,,1,Property Damage Only Collision,Rear Ended,2,0,0,2,2010/01/19 00:00:00+00,1/19/2010 4:48:00 PM,Mid-Block (but intersection related),14,"MOTOR VEHICLE STRUCK MOTOR VEHICLE, REAR END",Y,N,Clear,Dry,Daylight,,10019003,,83,Same direction -- both turning left -- both moving -- rear end,0,0,N
2,-122.3079367,47.54698098,2272,287200,288080,3814779,Matched,Intersection,33396,SWIFT AVE S AND S GRAHAM ST,NEI,"Not Enough Information, or Insufficient Location Information",2,Injury Collision,Rear Ended,4,0,0,2,2018/05/11 00:00:00+00,05-11-2018 19:00,At Intersection (intersection related),0,NOT ENOUGH INFORMATION / NOT APPLICABLE,,N,Clear,Dry,Daylight,,,,14,From same direction - both going straight - one stopped - rear-end,0,0,N
1,-122.2990702,47.58690613,2273,174800,174820,3699437,Matched,Intersection,31415,26TH AVE S AND S GRAND ST, ,,1,Property Damage Only Collision,Angles,2,0,0,2,2014/09/04 00:00:00+00,09-04-2014 08:29,At Intersection (intersection related),11,"MOTOR VEHICLE STRUCK MOTOR VEHICLE, FRONT END AT ANGLE",Y,N,Clear,Dry,Daylight,,,,10,Entering at angle,0,0,N
1,-122.3379373,47.61416829,2274,221500,221780,3731933,Matched,Block,,6TH AVE BETWEEN WESTLAKE AVE AND VIRGINIA ST, ,,1,Property Damage Only Collision,Parked Car,2,0,0,2,2016/06/09 00:00:00+00,06-09-2016 15:05,Mid-Block (not related to intersection),11,"MOTOR VEHICLE STRUCK MOTOR VEHICLE, FRONT END AT ANGLE",Y,N,Overcast,Dry,Daylight,,,,32,One parked--one moving,0,0,N
2,-122.3436535,47.62030595,2275,177900,177920,3575282,Matched,Block,,7TH NB AVE N BETWEEN JOHN ST AND THOMAS ST, ,,2,Injury Collision,Rear Ended,2,0,0,2,2014/10/23 00:00:00+00,10/23/2014 3:30:00 PM,Mid-Block (but intersection related),14,"MOTOR VEHICLE STRUCK MOTOR VEHICLE, REAR END",,N,Overcast,Wet,Daylight,,,,13,From same direction - both going straight - both moving - rear-end,0,0,N
1,-122.3330672,47.54430227,2277,161700,161720,3643128,Matched,Block,,1ST AV S NB OFF RP BETWEEN 1ST AV S BR NB AND EAST MARGINAL WAY S, ,,1,Property Damage Only Collision,Rear Ended,6,0,0,4,2014/02/01 00:00:00+00,02-01-2014 12:03,Mid-Block (but intersection related),14,"MOTOR VEHICLE STRUCK MOTOR VEHICLE, REAR END",Y,N,Overcast,Wet,Daylight,,,,14,From same direction - both going straight - one stopped - rear-end,0,0,N
1,-122.3334303,47.60833603,2278,190300,190380,3590990,Matched,Block,,5TH AVE BETWEEN SENECA ST AND UNIVERSITY ST, ,,1,Property Damage Only Collision,Sideswipe,8,0,0,2,2015/04/04 00:00:00+00,04-04-2015 18:03,Mid-Block (not related to intersection),11,"MOTOR VEHICLE STRUCK MOTOR VEHICLE, FRONT END AT ANGLE",Y,N,Clear,Dry,Daylight,,,,11,From same direction - both going straight - both moving - sideswipe,0,0,N
2,-122.3661913,47.66365141,2279,93200,93200,2795423,Matched,Intersection,25452,8TH AVE NW AND NW 48TH ST,,,2,Injury Collision,Angles,3,0,0,2,2008/10/21 00:00:00+00,10/21/2008 8:35:00 AM,At Intersection (intersection related),11,"MOTOR VEHICLE STRUCK MOTOR VEHICLE, FRONT END AT ANGLE",,0,Clear,Dry,Daylight,,8295014,,10,Entering at angle,0,0,N
1,-122.3390723,47.57150647,2280,167200,167220,3380669,Matched,Block,,WEST SEATTLE BR EB BETWEEN 1ST AV S OFF RP AND SPOKANE ST - W SEA B RP, ,,1,Property Damage Only Collision,Rear Ended,3,0,0,2,2014/04/26 00:00:00+00,4/26/2014 11:38:00 AM,Mid-Block (not related to intersection),14,"MOTOR VEHICLE STRUCK MOTOR VEHICLE, REAR END",,N,Clear,Dry,Daylight,,,,13,From same direction - both going straight - both moving - rear-end,0,0,N
2,-122.3002615,47.58111836,2281,99600,99600,3285643,Matched,Block,,RAINIER AVE S BETWEEN 25TH AVE S AND S BAYVIEW ST,,,2,Injury Collision,Rear Ended,4,0,0,3,2009/09/21 00:00:00+00,9/21/2009 1:31:00 PM,Mid-Block (not related to intersection),14,"MOTOR VEHICLE STRUCK MOTOR VEHICLE, REAR END",Y,0,Clear,Dry,Daylight,,9264029,,14,From same direction - both going straight - one stopped - rear-end,0,0,N
1,-122.340683,47.61344689,2282,249300,249900,E706693,Matched,Block,,4TH AVE BETWEEN VIRGINIA ST AND LENORA ST, ,,1,Property Damage Only Collision,Sideswipe,0,0,0,2,2017/08/27 00:00:00+00,8/27/2017 2:09:00 PM,Mid-Block (not related to intersection),11,"MOTOR VEHICLE STRUCK MOTOR VEHICLE, FRONT END AT ANGLE",,N,Clear,Dry,Daylight,,,,11,From same direction - both going straight - both moving - sideswipe,0,0,N
2,-122.3207363,47.57208959,2283,116000,116000,3387371,Matched,Block,,WEST SEATTLE BR WB BETWEEN S COLUMBIAN WB WAY AND W SEA BR WB - 6TH AV S RP,,,2,Injury Collision,Other,2,0,0,1,2010/10/26 00:00:00+00,10/26/2010 7:36:00 PM,Mid-Block (not related to intersection),28,MOTOR VEHICLE RAN OFF ROAD - HIT FIXED OBJECT,,Y,Raining,Wet,Dark - Street Lights On,,10299046,Y,50,Fixed object,0,0,N
1,-122.3472859,47.6683659,2284,181300,181340,3508197,Matched,Block,,AURORA AVE N BETWEEN N 50 UPPER ST AND N 59TH ST, ,,1,Property Damage Only Collision,Head On,2,0,0,2,2014/11/26 00:00:00+00,11/26/2014 5:04:00 PM,Mid-Block (not related to intersection),11,"MOTOR VEHICLE STRUCK MOTOR VEHICLE, FRONT END AT ANGLE",,N,Raining,Wet,Dark - Street Lights On,,,,30,From opposite direction - all others,0,0,N
1,-122.3197535,47.60764512,2285,73600,73600,2805976,Matched,Block,,E JAMES WAY BETWEEN BROADWAY AND E CHERRY ST,,,1,Property Damage Only Collision,Sideswipe,2,0,0,2,2007/02/22 00:00:00+00,2/22/2007 1:20:00 PM,Mid-Block (but intersection related),11,"MOTOR VEHICLE STRUCK MOTOR VEHICLE, FRONT END AT ANGLE",,0,Clear,Dry,Daylight,,7053031,,11,From same direction - both going straight - both moving - sideswipe,0,0,N
1,-122.3039722,47.66345935,2286,75200,75200,2881239,Matched,Block,,22ND AVE NE BETWEEN 22ND WR S AVE NE AND NE 50TH ST,,,1,Property Damage Only Collision,Parked Car,2,0,0,2,2007/10/02 00:00:00+00,10-02-2007,Mid-Block (not related to intersection),11,"MOTOR VEHICLE STRUCK MOTOR VEHICLE, FRONT END AT ANGLE",,0,Unknown,Unknown,Daylight,,7275053,,32,One parked--one moving,0,0,N
1,-122.296314,47.71928489,2287,244800,245380,E693157,Matched,Intersection,36602,30TH AVE NE AND NE 125TH ST, ,,1,Property Damage Only Collision,Sideswipe,4,0,0,3,2017/07/18 00:00:00+00,7/18/2017 8:59:00 AM,At Intersection (intersection related),11,"MOTOR VEHICLE STRUCK MOTOR VEHICLE, FRONT END AT ANGLE",Y,N,Clear,Dry,Daylight,,,,11,From same direction - both going straight - both moving - sideswipe,0,0,N
1,-122.3910989,47.55216599,2288,136100,136100,2825036,Matched,Intersection,32900,46TH AVE SW AND SW FINDLAY ST, ,,1,Property Damage Only Collision,Angles,3,0,0,2,2012/01/03 00:00:00+00,01-03-2012 16:00,At Intersection (intersection related),11,"MOTOR VEHICLE STRUCK MOTOR VEHICLE, FRONT END AT ANGLE",,N,Raining,Wet,Dusk,,12003001,,10,Entering at angle,0,0,N
2,-122.3854581,47.56107185,2289,146200,146220,3505516,Matched,Intersection,31917,42ND AVE SW AND SW ALASKA ST, ,,2,Injury Collision,Cycles,2,0,1,1,2013/05/15 00:00:00+00,5/15/2013 5:06:00 PM,At Intersection (intersection related),18,"MOTOR VEHICLE STRUCK PEDALCYCLIST, FRONT END AT ANGLE",,N,Raining,Wet,Daylight,Y,,,45,Vehicle - Pedalcyclist,0,521779,N
1,-122.3539208,47.56117917,2290,268900,269700,3742196,Matched,Intersection,32227,15TH AVE SW AND SW ALASKA ST, ,,1,Property Damage Only Collision,Other,1,0,0,1,2017/12/28 00:00:00+00,12/28/2017 12:49:00 PM,At Intersection (intersection related),26,MOTOR VEHICLE STRUCK OBJECT IN ROAD,,N,Overcast,Wet,Daylight,,,,50,Fixed object,0,0,N
1,-122.3135196,47.60168756,2291,179100,179140,3672875,Matched,Block,,E YESLER WAY BETWEEN 14TH AVE AND 15TH AVE, ,,1,Property Damage Only Collision,Left Turn,2,0,0,2,2014/11/05 00:00:00+00,11-05-2014 22:19,Mid-Block (not related to intersection),14,"MOTOR VEHICLE STRUCK MOTOR VEHICLE, REAR END",Y,N,Raining,Wet,Dark - Street Lights On,,,,15,From same direction - one left turn - one straight,0,0,N
1,-122.3505914,47.53015563,2292,219600,219880,E542836,Matched,Intersection,34994,12TH AVE SW AND SW ELMGROVE ST, ,,1,Property Damage Only Collision,Angles,0,0,0,2,2016/04/12 00:00:00+00,04-12-2016 17:30,At Intersection (intersection related),11,"MOTOR VEHICLE STRUCK MOTOR VEHICLE, FRONT END AT ANGLE",,N,Raining,Wet,Daylight,,,,10,Entering at angle,0,0,N
1,-122.3062278,47.5877328,2293,165300,165320,3583163,Matched,Intersection,31528,20TH AVE S AND S STATE ST, ,,1,Property Damage Only Collision,Angles,2,0,0,2,2014/03/31 00:00:00+00,3/31/2014 1:46:00 PM,At Intersection (intersection related),11,"MOTOR VEHICLE STRUCK MOTOR VEHICLE, FRONT END AT ANGLE",,N,Clear,Dry,Daylight,,,,10,Entering at angle,0,0,N
1,-122.3839483,47.66704511,2294,78100,78100,2803661,Matched,Block,,BALLARD AVE NW BETWEEN NW VERNON PL AND 22ND AVE NW,,,1,Property Damage Only Collision,Parked Car,2,0,0,2,2007/02/09 00:00:00+00,02-09-2007,Mid-Block (not related to intersection),14,"MOTOR VEHICLE STRUCK MOTOR VEHICLE, REAR END",,0,Overcast,Dry,Daylight,,7040037,,32,One parked--one moving,0,0,N
2,-122.3623578,47.62185645,2295,248000,248580,E695917,Matched,Block,,ELLIOTT AVE W BETWEEN 4TH AVE W AND W HARRISON ST, ,,2,Injury Collision,Rear Ended,5,0,0,2,2017/07/24 00:00:00+00,7/24/2017 10:09:00 AM,Mid-Block (not related to intersection),14,"MOTOR VEHICLE STRUCK MOTOR VEHICLE, REAR END",,N,Clear,Dry,Daylight,,,,13,From same direction - both going straight - both moving - rear-end,0,0,N
2,-122.3454282,47.51822098,2296,139100,139100,2796475,Matched,Block,,8TH AVE SW BETWEEN SW CAMBRIDGE ST AND SW ROXBURY ST,,,2,Injury Collision,Rear Ended,2,0,0,2,2012/04/19 00:00:00+00,4/19/2012 10:23:00 PM,Mid-Block (but intersection related),14,"MOTOR VEHICLE STRUCK MOTOR VEHICLE, REAR END",,N,Raining,Wet,Dark - Street Lights On,,12110031,,14,From same direction - both going straight - one stopped - rear-end,0,0,N
1,-122.3028197,47.57835008,2297,121900,121900,3567430,Matched,Block,,S MCCLELLAN ST BETWEEN 23RD AVE S AND HARRIS PL S,,,1,Property Damage Only Collision,Other,2,0,0,2,2011/10/15 00:00:00+00,10/15/2011 9:47:00 PM,Mid-Block (not related to intersection),11,"MOTOR VEHICLE STRUCK MOTOR VEHICLE, FRONT END AT ANGLE",,0,Clear,Dry,Unknown,,11288017,,23,From same direction - all others,0,0,N
1,-122.2846295,47.55704112,2299,270600,271420,3764841,Matched,Intersection,33579,RAINIER AVE S AND S HUDSON ST, ,,1,Property Damage Only Collision,Angles,2,0,0,2,2018/02/14 00:00:00+00,2/14/2018 8:18:00 AM,At Intersection (intersection related),11,"MOTOR VEHICLE STRUCK MOTOR VEHICLE, FRONT END AT ANGLE",,N,Overcast,Wet,Daylight,,,,10,Entering at angle,0,0,N
1,-122.3734596,47.56883141,2300,152100,152120,2804385,Matched,Block,,FAUNTLEROY WAY SW BETWEEN SW CHARLESTOWN ST AND SW ANDOVER ST, ,,1,Property Damage Only Collision,Rear Ended,5,0,0,3,2013/08/07 00:00:00+00,08-07-2013 17:45,Mid-Block (not related to intersection),14,"MOTOR VEHICLE STRUCK MOTOR VEHICLE, REAR END",,N,Clear,Dry,Daylight,,,,14,From same direction - both going straight - one stopped - rear-end,0,0,N
1,-122.3323471,47.62081537,2301,109100,109100,3345702,Matched,Block,,THOMAS ST BETWEEN MINOR AVE N AND PONTIUS AVE N,,,1,Property Damage Only Collision,Parked Car,2,0,0,2,2010/09/01 00:00:00+00,09-01-2010 23:45,Mid-Block (not related to intersection),14,"MOTOR VEHICLE STRUCK MOTOR VEHICLE, REAR END",,N,Overcast,Dry,Dark - Street Lights On,,10244003,,32,One parked--one moving,0,0,N
1,-122.3371113,47.53981266,2302,145900,145920,3465405,Matched,Intersection,34106,2ND AVE SW AND HIGHLAND PARK WAY SW, ,,1,Property Damage Only Collision,Rear Ended,3,0,0,2,2013/05/08 00:00:00+00,05-08-2013 09:51,At Intersection (intersection related),14,"MOTOR VEHICLE STRUCK MOTOR VEHICLE, REAR END",,N,Clear,Dry,Daylight,,,,74,Same direction -- both turning right -- one stopped -- rear end,0,0,N
1,-122.3748949,47.67308769,2303,72400,72400,2611646,Matched,Block,,NW 61ST ST BETWEEN 14TH AVE NW AND 15TH AVE NW,,,1,Property Damage Only Collision,Parked Car,2,0,0,2,2007/09/17 00:00:00+00,9/17/2007 9:00:00 AM,Mid-Block (not related to intersection),16,"MOTOR VEHICLE STRUCK MOTOR VEHICLE, LEFT SIDE SIDESWIPE",,0,Raining,Wet,Dark - Street Lights On,,7260019,,32,One parked--one moving,0,0,N